-- ============================================================
-- DODEKA SPORT – Seed Data (gegenereerd vanuit Excel)
-- Plak dit in Supabase SQL Editor en klik Run
-- ============================================================

-- Seizoenen
INSERT INTO seasons (id, naam, is_current) VALUES ('521a8c8a-2c7e-437d-b221-3586a9816c4e', '2017-2018', false);
INSERT INTO seasons (id, naam, is_current) VALUES ('d7353430-0e3b-4d52-8929-589bb68d6678', '2018-2019', false);
INSERT INTO seasons (id, naam, is_current) VALUES ('84be4ead-cb97-450b-a79f-c3f37f4c404d', '2019-2020', false);
INSERT INTO seasons (id, naam, is_current) VALUES ('03814ec7-8f01-4709-a8f9-e473a76d1e86', '2020-2021', false);
INSERT INTO seasons (id, naam, is_current) VALUES ('9da86047-721f-4fd5-803f-b0ce0c1f4049', '2021-2022', false);
INSERT INTO seasons (id, naam, is_current) VALUES ('7f16160c-5442-4536-86b4-52276f033840', '2022-2023', false);
INSERT INTO seasons (id, naam, is_current) VALUES ('5c5bd0e8-09b8-41bb-9448-fd7e21efc162', '2023-2024', false);
INSERT INTO seasons (id, naam, is_current) VALUES ('344ee973-7186-4486-b314-82cdf1456c59', '2024-2025', false);
INSERT INTO seasons (id, naam, is_current) VALUES ('4c55ecd2-206a-4593-973e-7da184008077', '2025-2026', true);

-- Spelers
INSERT INTO players (id, naam, active) VALUES ('b04ed76b-4e28-49fd-a0b4-39e8243a54a0', 'BAKUNDA Ally', true);
INSERT INTO players (id, naam, active) VALUES ('19792ac8-88f6-4a8b-9868-3b0b7184ae85', 'BELLENS Michiel', true);
INSERT INTO players (id, naam, active) VALUES ('34d80d7f-1327-4839-8dec-889398b9737b', 'CLAES Arnaud', true);
INSERT INTO players (id, naam, active) VALUES ('5635a8d2-aa63-484f-beaa-11dc99deda52', 'COPPENS Stijn', true);
INSERT INTO players (id, naam, active) VALUES ('2c485bc2-47e8-4df0-a554-da9bf63c4d67', 'CORNELIS Sven', true);
INSERT INTO players (id, naam, active) VALUES ('7ac4132a-d026-42d5-a0ab-bf3cb578c7a1', 'DE BAKKER Toon', true);
INSERT INTO players (id, naam, active) VALUES ('3157eb62-2322-4ec4-af2f-f00136e99a50', 'DE BIE Frank', true);
INSERT INTO players (id, naam, active) VALUES ('db232b7c-aa0f-4295-b87a-ea5db2338730', 'DE DECKER Tom', true);
INSERT INTO players (id, naam, active) VALUES ('4d88dc95-07bd-4461-be53-3a0cdb5bd43b', 'DE HERTOGH Stanne', true);
INSERT INTO players (id, naam, active) VALUES ('08d42ab8-69da-488f-9553-4bab95fd89e4', 'DE KEERSMAECKER Mats', true);
INSERT INTO players (id, naam, active) VALUES ('ff2eccf5-dd9d-4504-835c-04015695758e', 'DE LANDTSHEER Rik', true);
INSERT INTO players (id, naam, active) VALUES ('feb5a1e3-c509-4833-aacf-4d70aae2f260', 'DE NYN Jannick', true);
INSERT INTO players (id, naam, active) VALUES ('d0a7948c-a298-451d-8903-d70938e4d4c3', 'DE VOS Robbe', true);
INSERT INTO players (id, naam, active) VALUES ('508f75c6-471c-4df4-9994-30d34584625a', 'DEBAENST Gilles', true);
INSERT INTO players (id, naam, active) VALUES ('76cfff9b-0e78-4c71-94aa-2c62c8f50107', 'EGGERS Lars', true);
INSERT INTO players (id, naam, active) VALUES ('46e7f9db-b122-4111-a3e8-969af745d315', 'FOCQUET Mathijs', true);
INSERT INTO players (id, naam, active) VALUES ('575fcae1-9994-4bb0-8e99-e32a5162620a', 'GEUDENS Joren', true);
INSERT INTO players (id, naam, active) VALUES ('3302401e-bca1-4829-bccd-ca90c6534d78', 'HEPS Michiel', true);
INSERT INTO players (id, naam, active) VALUES ('75aec47d-812c-4899-a8db-2b64a43ef098', 'KRUSE Wouter', true);
INSERT INTO players (id, naam, active) VALUES ('a944e010-ad35-44b7-9cef-86ca443fd246', 'LACOUR Jaan', true);
INSERT INTO players (id, naam, active) VALUES ('ec83d2d1-1cf1-46ad-ae97-d17a63d532e3', 'LENAERTS Djessy', true);
INSERT INTO players (id, naam, active) VALUES ('ae6aca04-8285-4c31-bf0d-745275a89acf', 'LEPOMME Quynten', true);
INSERT INTO players (id, naam, active) VALUES ('1f1958d7-66be-44f3-bca8-ec69c9d00f8c', 'MISSOTTEN Toon', true);
INSERT INTO players (id, naam, active) VALUES ('b368cd89-d75e-4d9e-9033-e1257f856bd2', 'PEETERS Robbe', true);
INSERT INTO players (id, naam, active) VALUES ('7662b497-bd4a-4068-b238-c36624dbe58d', 'PEETERS Xander', true);
INSERT INTO players (id, naam, active) VALUES ('e7e35450-49ae-4cc2-80cb-35c4b406f478', 'RADDER Jasper', true);
INSERT INTO players (id, naam, active) VALUES ('e54be32d-c505-47eb-9d0f-2dcfc188ce8d', 'RENDERS Willem', true);
INSERT INTO players (id, naam, active) VALUES ('f6ca1a0c-0eb8-4dd8-babd-3202aa86d92a', 'ROEF Thomas', true);
INSERT INTO players (id, naam, active) VALUES ('97e2bbf6-eb60-4cc8-a2d6-cbd024134689', 'ROS Mathias', true);
INSERT INTO players (id, naam, active) VALUES ('6b321166-046b-44e4-8ebf-7e0a20b0fddd', 'ROSCAM Stijn', true);
INSERT INTO players (id, naam, active) VALUES ('7d0b29e3-a680-4343-9fe1-dba2d35f64c0', 'SOLS Robbe', true);
INSERT INTO players (id, naam, active) VALUES ('83edb0c0-8198-48d4-8d24-ae7554553be9', 'THIBAUT Louis', true);
INSERT INTO players (id, naam, active) VALUES ('87ecfe1c-069a-437d-8585-9b64fb19048e', 'THOEN Nathan', true);
INSERT INTO players (id, naam, active) VALUES ('6f340559-30b0-4ea3-af31-3ca707e51315', 'THYS Yarne', true);
INSERT INTO players (id, naam, active) VALUES ('a8a7f37d-95b9-4cc3-8887-fa8802496e4a', 'VAN BAELEN Filip', true);
INSERT INTO players (id, naam, active) VALUES ('4ee424fc-e545-4ca2-8bbc-c516edec4f3d', 'VAN CAILLIE Olivier', true);
INSERT INTO players (id, naam, active) VALUES ('dad289c4-fc5d-43bd-aeaa-8c5a87273764', 'VAN CAMP Jannik', true);
INSERT INTO players (id, naam, active) VALUES ('2995e934-f5a4-4076-ae32-0e02728e600a', 'VAN DEN BOSCH Robbe', true);
INSERT INTO players (id, naam, active) VALUES ('c0a0bc2b-0f04-4f18-824a-7eb2680f5fdc', 'VAN DEN BOSCH Wout', true);
INSERT INTO players (id, naam, active) VALUES ('8f92e427-e133-463b-af0f-15e08a4d186a', 'VAN DER AUWERA Stijn', true);
INSERT INTO players (id, naam, active) VALUES ('23c489b4-ab3d-41f2-b2ef-61ca76e9edb1', 'VAN DER KEILEN Kianu', true);
INSERT INTO players (id, naam, active) VALUES ('02ef13da-4f05-45da-9cd0-d62c0cc16f51', 'VAN DER KEILEN Tristan', true);
INSERT INTO players (id, naam, active) VALUES ('feb1b4f3-f896-4b92-96e3-846e421e588e', 'VAN DUN Lennert', true);
INSERT INTO players (id, naam, active) VALUES ('4b2a9cd4-79ff-4439-95b2-07b711114a73', 'VAN GOETHEM Tijl', true);
INSERT INTO players (id, naam, active) VALUES ('c7c8347b-f2fb-44b4-8135-87dd9e62f0f8', 'VAN HEE Nick', true);
INSERT INTO players (id, naam, active) VALUES ('55db8337-8403-4495-a3aa-ce85cf614885', 'VAN NIMMEN Michaël', true);
INSERT INTO players (id, naam, active) VALUES ('e5270f79-ad7d-44ee-a1ce-d96ba66f490b', 'VANGRAMBEREN Anton', true);
INSERT INTO players (id, naam, active) VALUES ('32030a05-1187-4199-b02b-7b29833ab9e2', 'VANLERBERGHE Jens', true);
INSERT INTO players (id, naam, active) VALUES ('767f223c-ed87-4ab8-93ae-f5889ea6c2bb', 'VERGULT Vince', true);
INSERT INTO players (id, naam, active) VALUES ('d45fb0a6-6b26-4271-aa16-c02c88b28c22', 'VERHELST Ewoud', true);
INSERT INTO players (id, naam, active) VALUES ('2dacb871-5105-4cb9-a30f-9fc2c7870ad3', 'VERMEULEN Thijs', true);
INSERT INTO players (id, naam, active) VALUES ('38d0b8c9-7c17-4392-a492-b95943248244', 'WAUTERICKX Vincent', true);

-- Wedstrijden 2017-2018
-- Aanwezigheid 2017-2018

-- Wedstrijden 2018-2019
INSERT INTO matches (id, season_id, datum, tijdstip, tegenstander, score_dodeka, score_tegenstander, is_thuis) VALUES ('e76472f3-c7b4-47d9-b8ec-6619b141a34f', 'd7353430-0e3b-4d52-8929-589bb68d6678', '2018-09-01', '1', 'Pagode United', 1, 1, true);
INSERT INTO matches (id, season_id, datum, tijdstip, tegenstander, score_dodeka, score_tegenstander, is_thuis) VALUES ('d1e5209c-bd0f-49f8-9cee-b9f2c38dd7ea', 'd7353430-0e3b-4d52-8929-589bb68d6678', '2018-09-08', '1', 'Amber B', 2, 4, true);
INSERT INTO matches (id, season_id, datum, tijdstip, tegenstander, score_dodeka, score_tegenstander, is_thuis) VALUES ('f58984da-6d4d-477c-948f-1577d8aac2b7', 'd7353430-0e3b-4d52-8929-589bb68d6678', '2018-09-15', '1', 'Racing Gobi B', 8, 0, true);
INSERT INTO matches (id, season_id, datum, tijdstip, tegenstander, score_dodeka, score_tegenstander, is_thuis) VALUES ('29dc2cd2-f849-4d93-81b0-0fe68872bbd6', 'd7353430-0e3b-4d52-8929-589bb68d6678', '2018-09-22', '1', 'K Aloysius SC', 0, 1, true);
INSERT INTO matches (id, season_id, datum, tijdstip, tegenstander, score_dodeka, score_tegenstander, is_thuis) VALUES ('c64490db-6297-48aa-b449-a68e5a5d3664', 'd7353430-0e3b-4d52-8929-589bb68d6678', '2018-10-06', '1', 'Noeveren', 2, 2, true);
INSERT INTO matches (id, season_id, datum, tijdstip, tegenstander, score_dodeka, score_tegenstander, is_thuis) VALUES ('0b481a85-2b48-4a86-aa84-10dcc722d922', 'd7353430-0e3b-4d52-8929-589bb68d6678', '2018-10-13', '1', 'Zwart Hond', 1, 1, true);
INSERT INTO matches (id, season_id, datum, tijdstip, tegenstander, score_dodeka, score_tegenstander, is_thuis) VALUES ('53d7a2a7-dfa8-49da-82d9-5e7d4bf1530a', 'd7353430-0e3b-4d52-8929-589bb68d6678', '2018-10-20', '1', 'Atletico JOH', 0, 0, true);
INSERT INTO matches (id, season_id, datum, tijdstip, tegenstander, score_dodeka, score_tegenstander, is_thuis) VALUES ('98519f9f-bff4-43b6-9951-5067ec0e674f', 'd7353430-0e3b-4d52-8929-589bb68d6678', '2018-10-27', '1', 'Lunatics', 2, 2, true);
INSERT INTO matches (id, season_id, datum, tijdstip, tegenstander, score_dodeka, score_tegenstander, is_thuis) VALUES ('d2d562f5-0838-4b5e-87b7-ef50266327c3', 'd7353430-0e3b-4d52-8929-589bb68d6678', '2018-11-03', NULL, 'Royal Zeezicht', 4, 0, true);
INSERT INTO matches (id, season_id, datum, tijdstip, tegenstander, score_dodeka, score_tegenstander, is_thuis) VALUES ('8d1ac9c5-aecd-4c16-9dd5-9397fcc5da82', 'd7353430-0e3b-4d52-8929-589bb68d6678', '2018-11-10', '1', 'Schonenberg', 2, 1, true);
INSERT INTO matches (id, season_id, datum, tijdstip, tegenstander, score_dodeka, score_tegenstander, is_thuis) VALUES ('e3db7b37-5194-4d66-ae69-0213a1783ee9', 'd7353430-0e3b-4d52-8929-589bb68d6678', '2018-11-17', '1', 'Pagode United', 3, 1, true);
INSERT INTO matches (id, season_id, datum, tijdstip, tegenstander, score_dodeka, score_tegenstander, is_thuis) VALUES ('2147307a-2478-4dcf-b861-afad3df5980e', 'd7353430-0e3b-4d52-8929-589bb68d6678', '2018-11-24', '1', 'Amber B', 2, 1, true);
INSERT INTO matches (id, season_id, datum, tijdstip, tegenstander, score_dodeka, score_tegenstander, is_thuis) VALUES ('c9db271c-0e21-4d4b-ac8c-8241cd39d97b', 'd7353430-0e3b-4d52-8929-589bb68d6678', '2018-12-01', '1', 'Racing Gobi B', 8, 1, true);
INSERT INTO matches (id, season_id, datum, tijdstip, tegenstander, score_dodeka, score_tegenstander, is_thuis) VALUES ('6039cb09-6ef7-437b-943c-8e83b1c3338c', 'd7353430-0e3b-4d52-8929-589bb68d6678', '2018-12-06', '1', 'Zwarte Hond', 4, 0, true);
INSERT INTO matches (id, season_id, datum, tijdstip, tegenstander, score_dodeka, score_tegenstander, is_thuis) VALUES ('3ea71b2b-9b43-42ae-947d-b5c7a3330e5f', 'd7353430-0e3b-4d52-8929-589bb68d6678', '2018-12-15', '1', 'K Anoysius SC', 0, 1, true);
INSERT INTO matches (id, season_id, datum, tijdstip, tegenstander, score_dodeka, score_tegenstander, is_thuis) VALUES ('3c9eaeaa-788d-4a7e-88f4-12c7cb436124', 'd7353430-0e3b-4d52-8929-589bb68d6678', '2018-01-12', '1', 'Noeveren', 2, 1, true);
INSERT INTO matches (id, season_id, datum, tijdstip, tegenstander, score_dodeka, score_tegenstander, is_thuis) VALUES ('e87bca76-5c6f-4b9b-ac74-60f4910c6893', 'd7353430-0e3b-4d52-8929-589bb68d6678', '2018-02-02', NULL, 'Lunatics', NULL, NULL, true);
INSERT INTO matches (id, season_id, datum, tijdstip, tegenstander, score_dodeka, score_tegenstander, is_thuis) VALUES ('90ebded9-8a04-4e34-aed0-a6977b28703d', 'd7353430-0e3b-4d52-8929-589bb68d6678', '2018-02-09', '1', 'Royal Zeezicht', 2, 1, true);
INSERT INTO matches (id, season_id, datum, tijdstip, tegenstander, score_dodeka, score_tegenstander, is_thuis) VALUES ('8f982f0c-2246-4ce2-9b9c-7faceea9ac6c', 'd7353430-0e3b-4d52-8929-589bb68d6678', '2018-02-16', '1', 'Schonenberg', 3, 1, true);
INSERT INTO matches (id, season_id, datum, tijdstip, tegenstander, score_dodeka, score_tegenstander, is_thuis) VALUES ('231baa16-6bba-4a6e-8d97-b73e0639757c', 'd7353430-0e3b-4d52-8929-589bb68d6678', '2019-02-23', '1', 'Athletico JOH', 1, 1, true);
-- Aanwezigheid 2018-2019

-- Wedstrijden 2019-2020
INSERT INTO matches (id, season_id, datum, tijdstip, tegenstander, score_dodeka, score_tegenstander, is_thuis) VALUES ('09d08bd2-83b0-4a50-8bd0-f4693b48e355', '84be4ead-cb97-450b-a79f-c3f37f4c404d', '2019-08-31', 'h', 'Kon. Aloysius', 2, 0, true);
INSERT INTO matches (id, season_id, datum, tijdstip, tegenstander, score_dodeka, score_tegenstander, is_thuis) VALUES ('3db09dc4-ba4f-4468-b949-1ceebddc25cd', '84be4ead-cb97-450b-a79f-c3f37f4c404d', '2019-09-07', 'h', 'Amber B', 0, 12, true);
INSERT INTO matches (id, season_id, datum, tijdstip, tegenstander, score_dodeka, score_tegenstander, is_thuis) VALUES ('545ce0d6-c31e-4c64-b943-27de8b27dde4', '84be4ead-cb97-450b-a79f-c3f37f4c404d', '2019-09-14', 'h', 'Pagode United', 2, 0, true);
INSERT INTO matches (id, season_id, datum, tijdstip, tegenstander, score_dodeka, score_tegenstander, is_thuis) VALUES ('cbf5843a-ab95-4bd8-9b0b-71f3471793ed', '84be4ead-cb97-450b-a79f-c3f37f4c404d', '2019-09-21', 'h', 'Ekeren Winkelstad', 2, 3, true);
INSERT INTO matches (id, season_id, datum, tijdstip, tegenstander, score_dodeka, score_tegenstander, is_thuis) VALUES ('d1fbe7dc-c7e6-4b59-9217-d25310dbbc12', '84be4ead-cb97-450b-a79f-c3f37f4c404d', '2019-09-28', 'w', 'Banlieu 2940', 1, 0, true);
INSERT INTO matches (id, season_id, datum, tijdstip, tegenstander, score_dodeka, score_tegenstander, is_thuis) VALUES ('2f632e9f-f235-4697-994f-41eaebdf6663', '84be4ead-cb97-450b-a79f-c3f37f4c404d', '2019-10-05', 'h', 'The Rapido''s', 4, 2, true);
INSERT INTO matches (id, season_id, datum, tijdstip, tegenstander, score_dodeka, score_tegenstander, is_thuis) VALUES ('4dd8ad49-f94d-4206-a84a-216c72bce659', '84be4ead-cb97-450b-a79f-c3f37f4c404d', '2019-10-12', 'w', 'Sava', 3, 1, true);
INSERT INTO matches (id, season_id, datum, tijdstip, tegenstander, score_dodeka, score_tegenstander, is_thuis) VALUES ('ba0eafd6-9a53-4a52-8d34-fa8802366620', '84be4ead-cb97-450b-a79f-c3f37f4c404d', '2019-10-19', 'w', 'Athletico JOH', 7, 2, true);
INSERT INTO matches (id, season_id, datum, tijdstip, tegenstander, score_dodeka, score_tegenstander, is_thuis) VALUES ('26f58c78-efe4-4af7-87c9-c0a8b4d74e3d', '84be4ead-cb97-450b-a79f-c3f37f4c404d', '2019-10-26', 'h', 'Royal Zeezicht', 0, 2, true);
INSERT INTO matches (id, season_id, datum, tijdstip, tegenstander, score_dodeka, score_tegenstander, is_thuis) VALUES ('677d55e5-cfea-4e5e-b35e-b524e82b76f8', '84be4ead-cb97-450b-a79f-c3f37f4c404d', '2019-11-09', NULL, 'Sava', 0, 5, true);
INSERT INTO matches (id, season_id, datum, tijdstip, tegenstander, score_dodeka, score_tegenstander, is_thuis) VALUES ('bc302b97-d9c2-4a48-ba15-2b58f24661e9', '84be4ead-cb97-450b-a79f-c3f37f4c404d', '2019-11-16', 'h', 'Manhattan', 1, 5, true);
INSERT INTO matches (id, season_id, datum, tijdstip, tegenstander, score_dodeka, score_tegenstander, is_thuis) VALUES ('0a468094-9351-4ec7-bbee-1c48736eb426', '84be4ead-cb97-450b-a79f-c3f37f4c404d', '2019-11-30', 'h', 'Kon. Aloysius', 4, 0, true);
INSERT INTO matches (id, season_id, datum, tijdstip, tegenstander, score_dodeka, score_tegenstander, is_thuis) VALUES ('dff779a2-c697-4ded-a040-310ecdf3e627', '84be4ead-cb97-450b-a79f-c3f37f4c404d', '2019-12-07', 'w', 'Amber B', 0, 2, true);
INSERT INTO matches (id, season_id, datum, tijdstip, tegenstander, score_dodeka, score_tegenstander, is_thuis) VALUES ('ec61221c-beaf-4d40-9ae0-ec7aed72efdb', '84be4ead-cb97-450b-a79f-c3f37f4c404d', '2019-12-14', 'w', 'Pagode United', 5, 0, true);
INSERT INTO matches (id, season_id, datum, tijdstip, tegenstander, score_dodeka, score_tegenstander, is_thuis) VALUES ('ec6d12c7-dc86-435c-ac33-7ff6dc9dd2d8', '84be4ead-cb97-450b-a79f-c3f37f4c404d', '2019-01-11', 'h', 'Ekeren Winkelstad', 1, 3, true);
INSERT INTO matches (id, season_id, datum, tijdstip, tegenstander, score_dodeka, score_tegenstander, is_thuis) VALUES ('9702352b-8d5e-44ee-b651-8c65bafefb70', '84be4ead-cb97-450b-a79f-c3f37f4c404d', '2019-01-18', NULL, 'Banlieu 2940', 0, 5, true);
INSERT INTO matches (id, season_id, datum, tijdstip, tegenstander, score_dodeka, score_tegenstander, is_thuis) VALUES ('ef3d6339-4f24-4521-a28f-22d3eb71536a', '84be4ead-cb97-450b-a79f-c3f37f4c404d', '2019-01-25', 'h', 'The Rapido''s', 0, 0, true);
INSERT INTO matches (id, season_id, datum, tijdstip, tegenstander, score_dodeka, score_tegenstander, is_thuis) VALUES ('c252b734-d4c1-4f9d-9d55-1b0444237140', '84be4ead-cb97-450b-a79f-c3f37f4c404d', '2019-02-08', 'h', 'Athletico JOH', 1, 1, true);
INSERT INTO matches (id, season_id, datum, tijdstip, tegenstander, score_dodeka, score_tegenstander, is_thuis) VALUES ('18c187a9-c369-4b27-9cf6-4364482ec911', '84be4ead-cb97-450b-a79f-c3f37f4c404d', '2019-02-15', 'h', 'Royal Zeezicht', 2, 3, true);
INSERT INTO matches (id, season_id, datum, tijdstip, tegenstander, score_dodeka, score_tegenstander, is_thuis) VALUES ('65cdfc6d-7cf5-43b0-b5dc-e65acc199d43', '84be4ead-cb97-450b-a79f-c3f37f4c404d', '2019-03-07', 'h', 'Manhattan', 3, 2, true);
-- Aanwezigheid 2019-2020
INSERT INTO aanwezigheid (match_id, player_id, status) VALUES ('09d08bd2-83b0-4a50-8bd0-f4693b48e355', '23c489b4-ab3d-41f2-b2ef-61ca76e9edb1', 'volledig') ON CONFLICT DO NOTHING;
INSERT INTO aanwezigheid (match_id, player_id, status) VALUES ('3db09dc4-ba4f-4468-b949-1ceebddc25cd', '23c489b4-ab3d-41f2-b2ef-61ca76e9edb1', 'volledig') ON CONFLICT DO NOTHING;
INSERT INTO aanwezigheid (match_id, player_id, status) VALUES ('545ce0d6-c31e-4c64-b943-27de8b27dde4', '23c489b4-ab3d-41f2-b2ef-61ca76e9edb1', 'volledig') ON CONFLICT DO NOTHING;
INSERT INTO aanwezigheid (match_id, player_id, status) VALUES ('cbf5843a-ab95-4bd8-9b0b-71f3471793ed', '23c489b4-ab3d-41f2-b2ef-61ca76e9edb1', 'volledig') ON CONFLICT DO NOTHING;
INSERT INTO aanwezigheid (match_id, player_id, status) VALUES ('d1fbe7dc-c7e6-4b59-9217-d25310dbbc12', '23c489b4-ab3d-41f2-b2ef-61ca76e9edb1', 'afwezig') ON CONFLICT DO NOTHING;
INSERT INTO aanwezigheid (match_id, player_id, status) VALUES ('2f632e9f-f235-4697-994f-41eaebdf6663', '23c489b4-ab3d-41f2-b2ef-61ca76e9edb1', 'volledig') ON CONFLICT DO NOTHING;
INSERT INTO aanwezigheid (match_id, player_id, status) VALUES ('4dd8ad49-f94d-4206-a84a-216c72bce659', '23c489b4-ab3d-41f2-b2ef-61ca76e9edb1', 'volledig') ON CONFLICT DO NOTHING;
INSERT INTO aanwezigheid (match_id, player_id, status) VALUES ('ba0eafd6-9a53-4a52-8d34-fa8802366620', '23c489b4-ab3d-41f2-b2ef-61ca76e9edb1', 'volledig') ON CONFLICT DO NOTHING;
INSERT INTO aanwezigheid (match_id, player_id, status) VALUES ('26f58c78-efe4-4af7-87c9-c0a8b4d74e3d', '23c489b4-ab3d-41f2-b2ef-61ca76e9edb1', 'volledig') ON CONFLICT DO NOTHING;
INSERT INTO aanwezigheid (match_id, player_id, status) VALUES ('bc302b97-d9c2-4a48-ba15-2b58f24661e9', '23c489b4-ab3d-41f2-b2ef-61ca76e9edb1', 'afwezig') ON CONFLICT DO NOTHING;
INSERT INTO aanwezigheid (match_id, player_id, status) VALUES ('0a468094-9351-4ec7-bbee-1c48736eb426', '23c489b4-ab3d-41f2-b2ef-61ca76e9edb1', 'afwezig') ON CONFLICT DO NOTHING;
INSERT INTO aanwezigheid (match_id, player_id, status) VALUES ('dff779a2-c697-4ded-a040-310ecdf3e627', '23c489b4-ab3d-41f2-b2ef-61ca76e9edb1', 'volledig') ON CONFLICT DO NOTHING;
INSERT INTO aanwezigheid (match_id, player_id, status) VALUES ('ec61221c-beaf-4d40-9ae0-ec7aed72efdb', '23c489b4-ab3d-41f2-b2ef-61ca76e9edb1', 'volledig') ON CONFLICT DO NOTHING;
INSERT INTO aanwezigheid (match_id, player_id, status) VALUES ('ef3d6339-4f24-4521-a28f-22d3eb71536a', '23c489b4-ab3d-41f2-b2ef-61ca76e9edb1', 'volledig') ON CONFLICT DO NOTHING;
INSERT INTO aanwezigheid (match_id, player_id, status) VALUES ('c252b734-d4c1-4f9d-9d55-1b0444237140', '23c489b4-ab3d-41f2-b2ef-61ca76e9edb1', 'volledig') ON CONFLICT DO NOTHING;
INSERT INTO aanwezigheid (match_id, player_id, status) VALUES ('18c187a9-c369-4b27-9cf6-4364482ec911', '23c489b4-ab3d-41f2-b2ef-61ca76e9edb1', 'afwezig') ON CONFLICT DO NOTHING;
INSERT INTO aanwezigheid (match_id, player_id, status) VALUES ('65cdfc6d-7cf5-43b0-b5dc-e65acc199d43', '23c489b4-ab3d-41f2-b2ef-61ca76e9edb1', 'volledig') ON CONFLICT DO NOTHING;
INSERT INTO aanwezigheid (match_id, player_id, status) VALUES ('3db09dc4-ba4f-4468-b949-1ceebddc25cd', '6b321166-046b-44e4-8ebf-7e0a20b0fddd', 'volledig') ON CONFLICT DO NOTHING;
INSERT INTO aanwezigheid (match_id, player_id, status) VALUES ('545ce0d6-c31e-4c64-b943-27de8b27dde4', '6b321166-046b-44e4-8ebf-7e0a20b0fddd', 'volledig') ON CONFLICT DO NOTHING;
INSERT INTO aanwezigheid (match_id, player_id, status) VALUES ('cbf5843a-ab95-4bd8-9b0b-71f3471793ed', '6b321166-046b-44e4-8ebf-7e0a20b0fddd', 'toeschouwer') ON CONFLICT DO NOTHING;
INSERT INTO aanwezigheid (match_id, player_id, status) VALUES ('d1fbe7dc-c7e6-4b59-9217-d25310dbbc12', '6b321166-046b-44e4-8ebf-7e0a20b0fddd', 'toeschouwer') ON CONFLICT DO NOTHING;
INSERT INTO aanwezigheid (match_id, player_id, status) VALUES ('2f632e9f-f235-4697-994f-41eaebdf6663', '6b321166-046b-44e4-8ebf-7e0a20b0fddd', 'afwezig') ON CONFLICT DO NOTHING;
INSERT INTO aanwezigheid (match_id, player_id, status) VALUES ('4dd8ad49-f94d-4206-a84a-216c72bce659', '6b321166-046b-44e4-8ebf-7e0a20b0fddd', 'volledig') ON CONFLICT DO NOTHING;
INSERT INTO aanwezigheid (match_id, player_id, status) VALUES ('ba0eafd6-9a53-4a52-8d34-fa8802366620', '6b321166-046b-44e4-8ebf-7e0a20b0fddd', 'volledig') ON CONFLICT DO NOTHING;
INSERT INTO aanwezigheid (match_id, player_id, status) VALUES ('26f58c78-efe4-4af7-87c9-c0a8b4d74e3d', '6b321166-046b-44e4-8ebf-7e0a20b0fddd', 'volledig') ON CONFLICT DO NOTHING;
INSERT INTO aanwezigheid (match_id, player_id, status) VALUES ('bc302b97-d9c2-4a48-ba15-2b58f24661e9', '6b321166-046b-44e4-8ebf-7e0a20b0fddd', 'afwezig') ON CONFLICT DO NOTHING;
INSERT INTO aanwezigheid (match_id, player_id, status) VALUES ('0a468094-9351-4ec7-bbee-1c48736eb426', '6b321166-046b-44e4-8ebf-7e0a20b0fddd', 'toeschouwer') ON CONFLICT DO NOTHING;
INSERT INTO aanwezigheid (match_id, player_id, status) VALUES ('dff779a2-c697-4ded-a040-310ecdf3e627', '6b321166-046b-44e4-8ebf-7e0a20b0fddd', 'afwezig') ON CONFLICT DO NOTHING;
INSERT INTO aanwezigheid (match_id, player_id, status) VALUES ('ec61221c-beaf-4d40-9ae0-ec7aed72efdb', '6b321166-046b-44e4-8ebf-7e0a20b0fddd', 'volledig') ON CONFLICT DO NOTHING;
INSERT INTO aanwezigheid (match_id, player_id, status) VALUES ('ec6d12c7-dc86-435c-ac33-7ff6dc9dd2d8', '6b321166-046b-44e4-8ebf-7e0a20b0fddd', 'volledig') ON CONFLICT DO NOTHING;
INSERT INTO aanwezigheid (match_id, player_id, status) VALUES ('ef3d6339-4f24-4521-a28f-22d3eb71536a', '6b321166-046b-44e4-8ebf-7e0a20b0fddd', 'volledig') ON CONFLICT DO NOTHING;
INSERT INTO aanwezigheid (match_id, player_id, status) VALUES ('c252b734-d4c1-4f9d-9d55-1b0444237140', '6b321166-046b-44e4-8ebf-7e0a20b0fddd', 'volledig') ON CONFLICT DO NOTHING;
INSERT INTO aanwezigheid (match_id, player_id, status) VALUES ('18c187a9-c369-4b27-9cf6-4364482ec911', '6b321166-046b-44e4-8ebf-7e0a20b0fddd', 'volledig') ON CONFLICT DO NOTHING;
INSERT INTO aanwezigheid (match_id, player_id, status) VALUES ('65cdfc6d-7cf5-43b0-b5dc-e65acc199d43', '6b321166-046b-44e4-8ebf-7e0a20b0fddd', 'toeschouwer') ON CONFLICT DO NOTHING;
INSERT INTO aanwezigheid (match_id, player_id, status) VALUES ('09d08bd2-83b0-4a50-8bd0-f4693b48e355', '2995e934-f5a4-4076-ae32-0e02728e600a', 'afwezig') ON CONFLICT DO NOTHING;
INSERT INTO aanwezigheid (match_id, player_id, status) VALUES ('3db09dc4-ba4f-4468-b949-1ceebddc25cd', '2995e934-f5a4-4076-ae32-0e02728e600a', 'volledig') ON CONFLICT DO NOTHING;
INSERT INTO aanwezigheid (match_id, player_id, status) VALUES ('545ce0d6-c31e-4c64-b943-27de8b27dde4', '2995e934-f5a4-4076-ae32-0e02728e600a', 'volledig') ON CONFLICT DO NOTHING;
INSERT INTO aanwezigheid (match_id, player_id, status) VALUES ('d1fbe7dc-c7e6-4b59-9217-d25310dbbc12', '2995e934-f5a4-4076-ae32-0e02728e600a', 'volledig') ON CONFLICT DO NOTHING;
INSERT INTO aanwezigheid (match_id, player_id, status) VALUES ('2f632e9f-f235-4697-994f-41eaebdf6663', '2995e934-f5a4-4076-ae32-0e02728e600a', 'afwezig') ON CONFLICT DO NOTHING;
INSERT INTO aanwezigheid (match_id, player_id, status) VALUES ('4dd8ad49-f94d-4206-a84a-216c72bce659', '2995e934-f5a4-4076-ae32-0e02728e600a', 'volledig') ON CONFLICT DO NOTHING;
INSERT INTO aanwezigheid (match_id, player_id, status) VALUES ('ba0eafd6-9a53-4a52-8d34-fa8802366620', '2995e934-f5a4-4076-ae32-0e02728e600a', 'volledig') ON CONFLICT DO NOTHING;
INSERT INTO aanwezigheid (match_id, player_id, status) VALUES ('26f58c78-efe4-4af7-87c9-c0a8b4d74e3d', '2995e934-f5a4-4076-ae32-0e02728e600a', 'volledig') ON CONFLICT DO NOTHING;
INSERT INTO aanwezigheid (match_id, player_id, status) VALUES ('bc302b97-d9c2-4a48-ba15-2b58f24661e9', '2995e934-f5a4-4076-ae32-0e02728e600a', 'afwezig') ON CONFLICT DO NOTHING;
INSERT INTO aanwezigheid (match_id, player_id, status) VALUES ('0a468094-9351-4ec7-bbee-1c48736eb426', '2995e934-f5a4-4076-ae32-0e02728e600a', 'volledig') ON CONFLICT DO NOTHING;
INSERT INTO aanwezigheid (match_id, player_id, status) VALUES ('dff779a2-c697-4ded-a040-310ecdf3e627', '2995e934-f5a4-4076-ae32-0e02728e600a', 'afwezig') ON CONFLICT DO NOTHING;
INSERT INTO aanwezigheid (match_id, player_id, status) VALUES ('ec61221c-beaf-4d40-9ae0-ec7aed72efdb', '2995e934-f5a4-4076-ae32-0e02728e600a', 'toeschouwer') ON CONFLICT DO NOTHING;
INSERT INTO aanwezigheid (match_id, player_id, status) VALUES ('ec6d12c7-dc86-435c-ac33-7ff6dc9dd2d8', '2995e934-f5a4-4076-ae32-0e02728e600a', 'volledig') ON CONFLICT DO NOTHING;
INSERT INTO aanwezigheid (match_id, player_id, status) VALUES ('ef3d6339-4f24-4521-a28f-22d3eb71536a', '2995e934-f5a4-4076-ae32-0e02728e600a', 'volledig') ON CONFLICT DO NOTHING;
INSERT INTO aanwezigheid (match_id, player_id, status) VALUES ('18c187a9-c369-4b27-9cf6-4364482ec911', '2995e934-f5a4-4076-ae32-0e02728e600a', 'afwezig') ON CONFLICT DO NOTHING;
INSERT INTO aanwezigheid (match_id, player_id, status) VALUES ('09d08bd2-83b0-4a50-8bd0-f4693b48e355', '7ac4132a-d026-42d5-a0ab-bf3cb578c7a1', 'afwezig') ON CONFLICT DO NOTHING;
INSERT INTO aanwezigheid (match_id, player_id, status) VALUES ('3db09dc4-ba4f-4468-b949-1ceebddc25cd', '7ac4132a-d026-42d5-a0ab-bf3cb578c7a1', 'volledig') ON CONFLICT DO NOTHING;
INSERT INTO aanwezigheid (match_id, player_id, status) VALUES ('545ce0d6-c31e-4c64-b943-27de8b27dde4', '7ac4132a-d026-42d5-a0ab-bf3cb578c7a1', 'volledig') ON CONFLICT DO NOTHING;
INSERT INTO aanwezigheid (match_id, player_id, status) VALUES ('d1fbe7dc-c7e6-4b59-9217-d25310dbbc12', '7ac4132a-d026-42d5-a0ab-bf3cb578c7a1', 'volledig') ON CONFLICT DO NOTHING;
INSERT INTO aanwezigheid (match_id, player_id, status) VALUES ('2f632e9f-f235-4697-994f-41eaebdf6663', '7ac4132a-d026-42d5-a0ab-bf3cb578c7a1', 'volledig') ON CONFLICT DO NOTHING;
INSERT INTO aanwezigheid (match_id, player_id, status) VALUES ('4dd8ad49-f94d-4206-a84a-216c72bce659', '7ac4132a-d026-42d5-a0ab-bf3cb578c7a1', 'afwezig') ON CONFLICT DO NOTHING;
INSERT INTO aanwezigheid (match_id, player_id, status) VALUES ('ba0eafd6-9a53-4a52-8d34-fa8802366620', '7ac4132a-d026-42d5-a0ab-bf3cb578c7a1', 'toeschouwer') ON CONFLICT DO NOTHING;
INSERT INTO aanwezigheid (match_id, player_id, status) VALUES ('bc302b97-d9c2-4a48-ba15-2b58f24661e9', '7ac4132a-d026-42d5-a0ab-bf3cb578c7a1', 'volledig') ON CONFLICT DO NOTHING;
INSERT INTO aanwezigheid (match_id, player_id, status) VALUES ('dff779a2-c697-4ded-a040-310ecdf3e627', '7ac4132a-d026-42d5-a0ab-bf3cb578c7a1', 'afwezig') ON CONFLICT DO NOTHING;
INSERT INTO aanwezigheid (match_id, player_id, status) VALUES ('ec61221c-beaf-4d40-9ae0-ec7aed72efdb', '7ac4132a-d026-42d5-a0ab-bf3cb578c7a1', 'volledig') ON CONFLICT DO NOTHING;
INSERT INTO aanwezigheid (match_id, player_id, status) VALUES ('ef3d6339-4f24-4521-a28f-22d3eb71536a', '7ac4132a-d026-42d5-a0ab-bf3cb578c7a1', 'volledig') ON CONFLICT DO NOTHING;
INSERT INTO aanwezigheid (match_id, player_id, status) VALUES ('c252b734-d4c1-4f9d-9d55-1b0444237140', '7ac4132a-d026-42d5-a0ab-bf3cb578c7a1', 'volledig') ON CONFLICT DO NOTHING;
INSERT INTO aanwezigheid (match_id, player_id, status) VALUES ('18c187a9-c369-4b27-9cf6-4364482ec911', '7ac4132a-d026-42d5-a0ab-bf3cb578c7a1', 'volledig') ON CONFLICT DO NOTHING;
INSERT INTO aanwezigheid (match_id, player_id, status) VALUES ('65cdfc6d-7cf5-43b0-b5dc-e65acc199d43', '7ac4132a-d026-42d5-a0ab-bf3cb578c7a1', 'volledig') ON CONFLICT DO NOTHING;
INSERT INTO aanwezigheid (match_id, player_id, status) VALUES ('09d08bd2-83b0-4a50-8bd0-f4693b48e355', 'b368cd89-d75e-4d9e-9033-e1257f856bd2', 'volledig') ON CONFLICT DO NOTHING;
INSERT INTO aanwezigheid (match_id, player_id, status) VALUES ('cbf5843a-ab95-4bd8-9b0b-71f3471793ed', 'b368cd89-d75e-4d9e-9033-e1257f856bd2', 'afwezig') ON CONFLICT DO NOTHING;
INSERT INTO aanwezigheid (match_id, player_id, status) VALUES ('d1fbe7dc-c7e6-4b59-9217-d25310dbbc12', 'b368cd89-d75e-4d9e-9033-e1257f856bd2', 'volledig') ON CONFLICT DO NOTHING;
INSERT INTO aanwezigheid (match_id, player_id, status) VALUES ('2f632e9f-f235-4697-994f-41eaebdf6663', 'b368cd89-d75e-4d9e-9033-e1257f856bd2', 'afwezig') ON CONFLICT DO NOTHING;
INSERT INTO aanwezigheid (match_id, player_id, status) VALUES ('4dd8ad49-f94d-4206-a84a-216c72bce659', 'b368cd89-d75e-4d9e-9033-e1257f856bd2', 'volledig') ON CONFLICT DO NOTHING;
INSERT INTO aanwezigheid (match_id, player_id, status) VALUES ('ba0eafd6-9a53-4a52-8d34-fa8802366620', 'b368cd89-d75e-4d9e-9033-e1257f856bd2', 'afwezig') ON CONFLICT DO NOTHING;
INSERT INTO aanwezigheid (match_id, player_id, status) VALUES ('bc302b97-d9c2-4a48-ba15-2b58f24661e9', 'b368cd89-d75e-4d9e-9033-e1257f856bd2', 'afwezig') ON CONFLICT DO NOTHING;
INSERT INTO aanwezigheid (match_id, player_id, status) VALUES ('0a468094-9351-4ec7-bbee-1c48736eb426', 'b368cd89-d75e-4d9e-9033-e1257f856bd2', 'volledig') ON CONFLICT DO NOTHING;
INSERT INTO aanwezigheid (match_id, player_id, status) VALUES ('dff779a2-c697-4ded-a040-310ecdf3e627', 'b368cd89-d75e-4d9e-9033-e1257f856bd2', 'volledig') ON CONFLICT DO NOTHING;
INSERT INTO aanwezigheid (match_id, player_id, status) VALUES ('ec61221c-beaf-4d40-9ae0-ec7aed72efdb', 'b368cd89-d75e-4d9e-9033-e1257f856bd2', 'volledig') ON CONFLICT DO NOTHING;
INSERT INTO aanwezigheid (match_id, player_id, status) VALUES ('ec6d12c7-dc86-435c-ac33-7ff6dc9dd2d8', 'b368cd89-d75e-4d9e-9033-e1257f856bd2', 'volledig') ON CONFLICT DO NOTHING;
INSERT INTO aanwezigheid (match_id, player_id, status) VALUES ('ef3d6339-4f24-4521-a28f-22d3eb71536a', 'b368cd89-d75e-4d9e-9033-e1257f856bd2', 'volledig') ON CONFLICT DO NOTHING;
INSERT INTO aanwezigheid (match_id, player_id, status) VALUES ('c252b734-d4c1-4f9d-9d55-1b0444237140', 'b368cd89-d75e-4d9e-9033-e1257f856bd2', 'volledig') ON CONFLICT DO NOTHING;
INSERT INTO aanwezigheid (match_id, player_id, status) VALUES ('18c187a9-c369-4b27-9cf6-4364482ec911', 'b368cd89-d75e-4d9e-9033-e1257f856bd2', 'volledig') ON CONFLICT DO NOTHING;
INSERT INTO aanwezigheid (match_id, player_id, status) VALUES ('09d08bd2-83b0-4a50-8bd0-f4693b48e355', '38d0b8c9-7c17-4392-a492-b95943248244', 'volledig') ON CONFLICT DO NOTHING;
INSERT INTO aanwezigheid (match_id, player_id, status) VALUES ('cbf5843a-ab95-4bd8-9b0b-71f3471793ed', '38d0b8c9-7c17-4392-a492-b95943248244', 'volledig') ON CONFLICT DO NOTHING;
INSERT INTO aanwezigheid (match_id, player_id, status) VALUES ('d1fbe7dc-c7e6-4b59-9217-d25310dbbc12', '38d0b8c9-7c17-4392-a492-b95943248244', 'volledig') ON CONFLICT DO NOTHING;
INSERT INTO aanwezigheid (match_id, player_id, status) VALUES ('2f632e9f-f235-4697-994f-41eaebdf6663', '38d0b8c9-7c17-4392-a492-b95943248244', 'afwezig') ON CONFLICT DO NOTHING;
INSERT INTO aanwezigheid (match_id, player_id, status) VALUES ('4dd8ad49-f94d-4206-a84a-216c72bce659', '38d0b8c9-7c17-4392-a492-b95943248244', 'volledig') ON CONFLICT DO NOTHING;
INSERT INTO aanwezigheid (match_id, player_id, status) VALUES ('ba0eafd6-9a53-4a52-8d34-fa8802366620', '38d0b8c9-7c17-4392-a492-b95943248244', 'afwezig') ON CONFLICT DO NOTHING;
INSERT INTO aanwezigheid (match_id, player_id, status) VALUES ('26f58c78-efe4-4af7-87c9-c0a8b4d74e3d', '38d0b8c9-7c17-4392-a492-b95943248244', 'volledig') ON CONFLICT DO NOTHING;
INSERT INTO aanwezigheid (match_id, player_id, status) VALUES ('bc302b97-d9c2-4a48-ba15-2b58f24661e9', '38d0b8c9-7c17-4392-a492-b95943248244', 'afwezig') ON CONFLICT DO NOTHING;
INSERT INTO aanwezigheid (match_id, player_id, status) VALUES ('0a468094-9351-4ec7-bbee-1c48736eb426', '38d0b8c9-7c17-4392-a492-b95943248244', 'volledig') ON CONFLICT DO NOTHING;
INSERT INTO aanwezigheid (match_id, player_id, status) VALUES ('dff779a2-c697-4ded-a040-310ecdf3e627', '38d0b8c9-7c17-4392-a492-b95943248244', 'afwezig') ON CONFLICT DO NOTHING;
INSERT INTO aanwezigheid (match_id, player_id, status) VALUES ('ec61221c-beaf-4d40-9ae0-ec7aed72efdb', '38d0b8c9-7c17-4392-a492-b95943248244', 'volledig') ON CONFLICT DO NOTHING;
INSERT INTO aanwezigheid (match_id, player_id, status) VALUES ('ec6d12c7-dc86-435c-ac33-7ff6dc9dd2d8', '38d0b8c9-7c17-4392-a492-b95943248244', 'volledig') ON CONFLICT DO NOTHING;
INSERT INTO aanwezigheid (match_id, player_id, status) VALUES ('ef3d6339-4f24-4521-a28f-22d3eb71536a', '38d0b8c9-7c17-4392-a492-b95943248244', 'volledig') ON CONFLICT DO NOTHING;
INSERT INTO aanwezigheid (match_id, player_id, status) VALUES ('09d08bd2-83b0-4a50-8bd0-f4693b48e355', 'db232b7c-aa0f-4295-b87a-ea5db2338730', 'afwezig') ON CONFLICT DO NOTHING;
INSERT INTO aanwezigheid (match_id, player_id, status) VALUES ('545ce0d6-c31e-4c64-b943-27de8b27dde4', 'db232b7c-aa0f-4295-b87a-ea5db2338730', 'volledig') ON CONFLICT DO NOTHING;
INSERT INTO aanwezigheid (match_id, player_id, status) VALUES ('cbf5843a-ab95-4bd8-9b0b-71f3471793ed', 'db232b7c-aa0f-4295-b87a-ea5db2338730', 'volledig') ON CONFLICT DO NOTHING;
INSERT INTO aanwezigheid (match_id, player_id, status) VALUES ('d1fbe7dc-c7e6-4b59-9217-d25310dbbc12', 'db232b7c-aa0f-4295-b87a-ea5db2338730', 'volledig') ON CONFLICT DO NOTHING;
INSERT INTO aanwezigheid (match_id, player_id, status) VALUES ('2f632e9f-f235-4697-994f-41eaebdf6663', 'db232b7c-aa0f-4295-b87a-ea5db2338730', 'volledig') ON CONFLICT DO NOTHING;
INSERT INTO aanwezigheid (match_id, player_id, status) VALUES ('4dd8ad49-f94d-4206-a84a-216c72bce659', 'db232b7c-aa0f-4295-b87a-ea5db2338730', 'afwezig') ON CONFLICT DO NOTHING;
INSERT INTO aanwezigheid (match_id, player_id, status) VALUES ('ba0eafd6-9a53-4a52-8d34-fa8802366620', 'db232b7c-aa0f-4295-b87a-ea5db2338730', 'volledig') ON CONFLICT DO NOTHING;
INSERT INTO aanwezigheid (match_id, player_id, status) VALUES ('26f58c78-efe4-4af7-87c9-c0a8b4d74e3d', 'db232b7c-aa0f-4295-b87a-ea5db2338730', 'volledig') ON CONFLICT DO NOTHING;
INSERT INTO aanwezigheid (match_id, player_id, status) VALUES ('bc302b97-d9c2-4a48-ba15-2b58f24661e9', 'db232b7c-aa0f-4295-b87a-ea5db2338730', 'afwezig') ON CONFLICT DO NOTHING;
INSERT INTO aanwezigheid (match_id, player_id, status) VALUES ('0a468094-9351-4ec7-bbee-1c48736eb426', 'db232b7c-aa0f-4295-b87a-ea5db2338730', 'afwezig') ON CONFLICT DO NOTHING;
INSERT INTO aanwezigheid (match_id, player_id, status) VALUES ('dff779a2-c697-4ded-a040-310ecdf3e627', 'db232b7c-aa0f-4295-b87a-ea5db2338730', 'volledig') ON CONFLICT DO NOTHING;
INSERT INTO aanwezigheid (match_id, player_id, status) VALUES ('c252b734-d4c1-4f9d-9d55-1b0444237140', 'db232b7c-aa0f-4295-b87a-ea5db2338730', 'volledig') ON CONFLICT DO NOTHING;
INSERT INTO aanwezigheid (match_id, player_id, status) VALUES ('65cdfc6d-7cf5-43b0-b5dc-e65acc199d43', 'db232b7c-aa0f-4295-b87a-ea5db2338730', 'volledig') ON CONFLICT DO NOTHING;
INSERT INTO aanwezigheid (match_id, player_id, status) VALUES ('09d08bd2-83b0-4a50-8bd0-f4693b48e355', 'd45fb0a6-6b26-4271-aa16-c02c88b28c22', 'volledig') ON CONFLICT DO NOTHING;
INSERT INTO aanwezigheid (match_id, player_id, status) VALUES ('cbf5843a-ab95-4bd8-9b0b-71f3471793ed', 'd45fb0a6-6b26-4271-aa16-c02c88b28c22', 'afwezig') ON CONFLICT DO NOTHING;
INSERT INTO aanwezigheid (match_id, player_id, status) VALUES ('2f632e9f-f235-4697-994f-41eaebdf6663', 'd45fb0a6-6b26-4271-aa16-c02c88b28c22', 'volledig') ON CONFLICT DO NOTHING;
INSERT INTO aanwezigheid (match_id, player_id, status) VALUES ('4dd8ad49-f94d-4206-a84a-216c72bce659', 'd45fb0a6-6b26-4271-aa16-c02c88b28c22', 'volledig') ON CONFLICT DO NOTHING;
INSERT INTO aanwezigheid (match_id, player_id, status) VALUES ('ba0eafd6-9a53-4a52-8d34-fa8802366620', 'd45fb0a6-6b26-4271-aa16-c02c88b28c22', 'toeschouwer') ON CONFLICT DO NOTHING;
INSERT INTO aanwezigheid (match_id, player_id, status) VALUES ('0a468094-9351-4ec7-bbee-1c48736eb426', 'd45fb0a6-6b26-4271-aa16-c02c88b28c22', 'volledig') ON CONFLICT DO NOTHING;
INSERT INTO aanwezigheid (match_id, player_id, status) VALUES ('ec61221c-beaf-4d40-9ae0-ec7aed72efdb', 'd45fb0a6-6b26-4271-aa16-c02c88b28c22', 'afwezig') ON CONFLICT DO NOTHING;
INSERT INTO aanwezigheid (match_id, player_id, status) VALUES ('ef3d6339-4f24-4521-a28f-22d3eb71536a', 'd45fb0a6-6b26-4271-aa16-c02c88b28c22', 'volledig') ON CONFLICT DO NOTHING;
INSERT INTO aanwezigheid (match_id, player_id, status) VALUES ('18c187a9-c369-4b27-9cf6-4364482ec911', 'd45fb0a6-6b26-4271-aa16-c02c88b28c22', 'toeschouwer') ON CONFLICT DO NOTHING;
INSERT INTO aanwezigheid (match_id, player_id, status) VALUES ('65cdfc6d-7cf5-43b0-b5dc-e65acc199d43', 'd45fb0a6-6b26-4271-aa16-c02c88b28c22', 'volledig') ON CONFLICT DO NOTHING;
INSERT INTO aanwezigheid (match_id, player_id, status) VALUES ('09d08bd2-83b0-4a50-8bd0-f4693b48e355', '46e7f9db-b122-4111-a3e8-969af745d315', 'afwezig') ON CONFLICT DO NOTHING;
INSERT INTO aanwezigheid (match_id, player_id, status) VALUES ('cbf5843a-ab95-4bd8-9b0b-71f3471793ed', '46e7f9db-b122-4111-a3e8-969af745d315', 'volledig') ON CONFLICT DO NOTHING;
INSERT INTO aanwezigheid (match_id, player_id, status) VALUES ('d1fbe7dc-c7e6-4b59-9217-d25310dbbc12', '46e7f9db-b122-4111-a3e8-969af745d315', 'volledig') ON CONFLICT DO NOTHING;
INSERT INTO aanwezigheid (match_id, player_id, status) VALUES ('2f632e9f-f235-4697-994f-41eaebdf6663', '46e7f9db-b122-4111-a3e8-969af745d315', 'afwezig') ON CONFLICT DO NOTHING;
INSERT INTO aanwezigheid (match_id, player_id, status) VALUES ('ba0eafd6-9a53-4a52-8d34-fa8802366620', '46e7f9db-b122-4111-a3e8-969af745d315', 'toeschouwer') ON CONFLICT DO NOTHING;
INSERT INTO aanwezigheid (match_id, player_id, status) VALUES ('26f58c78-efe4-4af7-87c9-c0a8b4d74e3d', '46e7f9db-b122-4111-a3e8-969af745d315', 'volledig') ON CONFLICT DO NOTHING;
INSERT INTO aanwezigheid (match_id, player_id, status) VALUES ('bc302b97-d9c2-4a48-ba15-2b58f24661e9', '46e7f9db-b122-4111-a3e8-969af745d315', 'toeschouwer') ON CONFLICT DO NOTHING;
INSERT INTO aanwezigheid (match_id, player_id, status) VALUES ('dff779a2-c697-4ded-a040-310ecdf3e627', '46e7f9db-b122-4111-a3e8-969af745d315', 'volledig') ON CONFLICT DO NOTHING;
INSERT INTO aanwezigheid (match_id, player_id, status) VALUES ('ec61221c-beaf-4d40-9ae0-ec7aed72efdb', '46e7f9db-b122-4111-a3e8-969af745d315', 'afwezig') ON CONFLICT DO NOTHING;
INSERT INTO aanwezigheid (match_id, player_id, status) VALUES ('18c187a9-c369-4b27-9cf6-4364482ec911', '46e7f9db-b122-4111-a3e8-969af745d315', 'volledig') ON CONFLICT DO NOTHING;
INSERT INTO aanwezigheid (match_id, player_id, status) VALUES ('65cdfc6d-7cf5-43b0-b5dc-e65acc199d43', '46e7f9db-b122-4111-a3e8-969af745d315', 'volledig') ON CONFLICT DO NOTHING;
INSERT INTO aanwezigheid (match_id, player_id, status) VALUES ('3db09dc4-ba4f-4468-b949-1ceebddc25cd', '34d80d7f-1327-4839-8dec-889398b9737b', 'volledig') ON CONFLICT DO NOTHING;
INSERT INTO aanwezigheid (match_id, player_id, status) VALUES ('545ce0d6-c31e-4c64-b943-27de8b27dde4', '34d80d7f-1327-4839-8dec-889398b9737b', 'volledig') ON CONFLICT DO NOTHING;
INSERT INTO aanwezigheid (match_id, player_id, status) VALUES ('cbf5843a-ab95-4bd8-9b0b-71f3471793ed', '34d80d7f-1327-4839-8dec-889398b9737b', 'volledig') ON CONFLICT DO NOTHING;
INSERT INTO aanwezigheid (match_id, player_id, status) VALUES ('2f632e9f-f235-4697-994f-41eaebdf6663', '34d80d7f-1327-4839-8dec-889398b9737b', 'afwezig') ON CONFLICT DO NOTHING;
INSERT INTO aanwezigheid (match_id, player_id, status) VALUES ('4dd8ad49-f94d-4206-a84a-216c72bce659', '34d80d7f-1327-4839-8dec-889398b9737b', 'afwezig') ON CONFLICT DO NOTHING;
INSERT INTO aanwezigheid (match_id, player_id, status) VALUES ('ba0eafd6-9a53-4a52-8d34-fa8802366620', '34d80d7f-1327-4839-8dec-889398b9737b', 'volledig') ON CONFLICT DO NOTHING;
INSERT INTO aanwezigheid (match_id, player_id, status) VALUES ('26f58c78-efe4-4af7-87c9-c0a8b4d74e3d', '34d80d7f-1327-4839-8dec-889398b9737b', 'afwezig') ON CONFLICT DO NOTHING;
INSERT INTO aanwezigheid (match_id, player_id, status) VALUES ('0a468094-9351-4ec7-bbee-1c48736eb426', '34d80d7f-1327-4839-8dec-889398b9737b', 'volledig') ON CONFLICT DO NOTHING;
INSERT INTO aanwezigheid (match_id, player_id, status) VALUES ('ec61221c-beaf-4d40-9ae0-ec7aed72efdb', '34d80d7f-1327-4839-8dec-889398b9737b', 'volledig') ON CONFLICT DO NOTHING;
INSERT INTO aanwezigheid (match_id, player_id, status) VALUES ('ec6d12c7-dc86-435c-ac33-7ff6dc9dd2d8', '34d80d7f-1327-4839-8dec-889398b9737b', 'volledig') ON CONFLICT DO NOTHING;
INSERT INTO aanwezigheid (match_id, player_id, status) VALUES ('c252b734-d4c1-4f9d-9d55-1b0444237140', '34d80d7f-1327-4839-8dec-889398b9737b', 'volledig') ON CONFLICT DO NOTHING;
INSERT INTO aanwezigheid (match_id, player_id, status) VALUES ('18c187a9-c369-4b27-9cf6-4364482ec911', '34d80d7f-1327-4839-8dec-889398b9737b', 'volledig') ON CONFLICT DO NOTHING;
INSERT INTO aanwezigheid (match_id, player_id, status) VALUES ('09d08bd2-83b0-4a50-8bd0-f4693b48e355', '2dacb871-5105-4cb9-a30f-9fc2c7870ad3', 'afwezig') ON CONFLICT DO NOTHING;
INSERT INTO aanwezigheid (match_id, player_id, status) VALUES ('3db09dc4-ba4f-4468-b949-1ceebddc25cd', '2dacb871-5105-4cb9-a30f-9fc2c7870ad3', 'toeschouwer') ON CONFLICT DO NOTHING;
INSERT INTO aanwezigheid (match_id, player_id, status) VALUES ('cbf5843a-ab95-4bd8-9b0b-71f3471793ed', '2dacb871-5105-4cb9-a30f-9fc2c7870ad3', 'afwezig') ON CONFLICT DO NOTHING;
INSERT INTO aanwezigheid (match_id, player_id, status) VALUES ('2f632e9f-f235-4697-994f-41eaebdf6663', '2dacb871-5105-4cb9-a30f-9fc2c7870ad3', 'volledig') ON CONFLICT DO NOTHING;
INSERT INTO aanwezigheid (match_id, player_id, status) VALUES ('26f58c78-efe4-4af7-87c9-c0a8b4d74e3d', '2dacb871-5105-4cb9-a30f-9fc2c7870ad3', 'volledig') ON CONFLICT DO NOTHING;
INSERT INTO aanwezigheid (match_id, player_id, status) VALUES ('bc302b97-d9c2-4a48-ba15-2b58f24661e9', '2dacb871-5105-4cb9-a30f-9fc2c7870ad3', 'volledig') ON CONFLICT DO NOTHING;
INSERT INTO aanwezigheid (match_id, player_id, status) VALUES ('0a468094-9351-4ec7-bbee-1c48736eb426', '2dacb871-5105-4cb9-a30f-9fc2c7870ad3', 'volledig') ON CONFLICT DO NOTHING;
INSERT INTO aanwezigheid (match_id, player_id, status) VALUES ('dff779a2-c697-4ded-a040-310ecdf3e627', '2dacb871-5105-4cb9-a30f-9fc2c7870ad3', 'afwezig') ON CONFLICT DO NOTHING;
INSERT INTO aanwezigheid (match_id, player_id, status) VALUES ('ec61221c-beaf-4d40-9ae0-ec7aed72efdb', '2dacb871-5105-4cb9-a30f-9fc2c7870ad3', 'volledig') ON CONFLICT DO NOTHING;
INSERT INTO aanwezigheid (match_id, player_id, status) VALUES ('ef3d6339-4f24-4521-a28f-22d3eb71536a', '2dacb871-5105-4cb9-a30f-9fc2c7870ad3', 'volledig') ON CONFLICT DO NOTHING;
INSERT INTO aanwezigheid (match_id, player_id, status) VALUES ('18c187a9-c369-4b27-9cf6-4364482ec911', '2dacb871-5105-4cb9-a30f-9fc2c7870ad3', 'afwezig') ON CONFLICT DO NOTHING;
INSERT INTO aanwezigheid (match_id, player_id, status) VALUES ('65cdfc6d-7cf5-43b0-b5dc-e65acc199d43', '2dacb871-5105-4cb9-a30f-9fc2c7870ad3', 'volledig') ON CONFLICT DO NOTHING;
INSERT INTO aanwezigheid (match_id, player_id, status) VALUES ('09d08bd2-83b0-4a50-8bd0-f4693b48e355', 'c0a0bc2b-0f04-4f18-824a-7eb2680f5fdc', 'volledig') ON CONFLICT DO NOTHING;
INSERT INTO aanwezigheid (match_id, player_id, status) VALUES ('d1fbe7dc-c7e6-4b59-9217-d25310dbbc12', 'c0a0bc2b-0f04-4f18-824a-7eb2680f5fdc', 'toeschouwer') ON CONFLICT DO NOTHING;
INSERT INTO aanwezigheid (match_id, player_id, status) VALUES ('4dd8ad49-f94d-4206-a84a-216c72bce659', 'c0a0bc2b-0f04-4f18-824a-7eb2680f5fdc', 'afwezig') ON CONFLICT DO NOTHING;
INSERT INTO aanwezigheid (match_id, player_id, status) VALUES ('ba0eafd6-9a53-4a52-8d34-fa8802366620', 'c0a0bc2b-0f04-4f18-824a-7eb2680f5fdc', 'afwezig') ON CONFLICT DO NOTHING;
INSERT INTO aanwezigheid (match_id, player_id, status) VALUES ('26f58c78-efe4-4af7-87c9-c0a8b4d74e3d', 'c0a0bc2b-0f04-4f18-824a-7eb2680f5fdc', 'volledig') ON CONFLICT DO NOTHING;
INSERT INTO aanwezigheid (match_id, player_id, status) VALUES ('bc302b97-d9c2-4a48-ba15-2b58f24661e9', 'c0a0bc2b-0f04-4f18-824a-7eb2680f5fdc', 'volledig') ON CONFLICT DO NOTHING;
INSERT INTO aanwezigheid (match_id, player_id, status) VALUES ('0a468094-9351-4ec7-bbee-1c48736eb426', 'c0a0bc2b-0f04-4f18-824a-7eb2680f5fdc', 'volledig') ON CONFLICT DO NOTHING;
INSERT INTO aanwezigheid (match_id, player_id, status) VALUES ('dff779a2-c697-4ded-a040-310ecdf3e627', 'c0a0bc2b-0f04-4f18-824a-7eb2680f5fdc', 'afwezig') ON CONFLICT DO NOTHING;
INSERT INTO aanwezigheid (match_id, player_id, status) VALUES ('ec61221c-beaf-4d40-9ae0-ec7aed72efdb', 'c0a0bc2b-0f04-4f18-824a-7eb2680f5fdc', 'volledig') ON CONFLICT DO NOTHING;
INSERT INTO aanwezigheid (match_id, player_id, status) VALUES ('ec6d12c7-dc86-435c-ac33-7ff6dc9dd2d8', 'c0a0bc2b-0f04-4f18-824a-7eb2680f5fdc', 'volledig') ON CONFLICT DO NOTHING;
INSERT INTO aanwezigheid (match_id, player_id, status) VALUES ('ef3d6339-4f24-4521-a28f-22d3eb71536a', 'c0a0bc2b-0f04-4f18-824a-7eb2680f5fdc', 'volledig') ON CONFLICT DO NOTHING;
INSERT INTO aanwezigheid (match_id, player_id, status) VALUES ('18c187a9-c369-4b27-9cf6-4364482ec911', 'c0a0bc2b-0f04-4f18-824a-7eb2680f5fdc', 'afwezig') ON CONFLICT DO NOTHING;
INSERT INTO aanwezigheid (match_id, player_id, status) VALUES ('09d08bd2-83b0-4a50-8bd0-f4693b48e355', '19792ac8-88f6-4a8b-9868-3b0b7184ae85', 'afwezig') ON CONFLICT DO NOTHING;
INSERT INTO aanwezigheid (match_id, player_id, status) VALUES ('d1fbe7dc-c7e6-4b59-9217-d25310dbbc12', '19792ac8-88f6-4a8b-9868-3b0b7184ae85', 'volledig') ON CONFLICT DO NOTHING;
INSERT INTO aanwezigheid (match_id, player_id, status) VALUES ('2f632e9f-f235-4697-994f-41eaebdf6663', '19792ac8-88f6-4a8b-9868-3b0b7184ae85', 'volledig') ON CONFLICT DO NOTHING;
INSERT INTO aanwezigheid (match_id, player_id, status) VALUES ('ba0eafd6-9a53-4a52-8d34-fa8802366620', '19792ac8-88f6-4a8b-9868-3b0b7184ae85', 'afwezig') ON CONFLICT DO NOTHING;
INSERT INTO aanwezigheid (match_id, player_id, status) VALUES ('bc302b97-d9c2-4a48-ba15-2b58f24661e9', '19792ac8-88f6-4a8b-9868-3b0b7184ae85', 'volledig') ON CONFLICT DO NOTHING;
INSERT INTO aanwezigheid (match_id, player_id, status) VALUES ('0a468094-9351-4ec7-bbee-1c48736eb426', '19792ac8-88f6-4a8b-9868-3b0b7184ae85', 'afwezig') ON CONFLICT DO NOTHING;
INSERT INTO aanwezigheid (match_id, player_id, status) VALUES ('dff779a2-c697-4ded-a040-310ecdf3e627', '19792ac8-88f6-4a8b-9868-3b0b7184ae85', 'volledig') ON CONFLICT DO NOTHING;
INSERT INTO aanwezigheid (match_id, player_id, status) VALUES ('ec61221c-beaf-4d40-9ae0-ec7aed72efdb', '19792ac8-88f6-4a8b-9868-3b0b7184ae85', 'afwezig') ON CONFLICT DO NOTHING;
INSERT INTO aanwezigheid (match_id, player_id, status) VALUES ('18c187a9-c369-4b27-9cf6-4364482ec911', '19792ac8-88f6-4a8b-9868-3b0b7184ae85', 'volledig') ON CONFLICT DO NOTHING;
INSERT INTO aanwezigheid (match_id, player_id, status) VALUES ('65cdfc6d-7cf5-43b0-b5dc-e65acc199d43', '19792ac8-88f6-4a8b-9868-3b0b7184ae85', 'volledig') ON CONFLICT DO NOTHING;
INSERT INTO aanwezigheid (match_id, player_id, status) VALUES ('09d08bd2-83b0-4a50-8bd0-f4693b48e355', 'feb5a1e3-c509-4833-aacf-4d70aae2f260', 'afwezig') ON CONFLICT DO NOTHING;
INSERT INTO aanwezigheid (match_id, player_id, status) VALUES ('cbf5843a-ab95-4bd8-9b0b-71f3471793ed', 'feb5a1e3-c509-4833-aacf-4d70aae2f260', 'volledig') ON CONFLICT DO NOTHING;
INSERT INTO aanwezigheid (match_id, player_id, status) VALUES ('d1fbe7dc-c7e6-4b59-9217-d25310dbbc12', 'feb5a1e3-c509-4833-aacf-4d70aae2f260', 'volledig') ON CONFLICT DO NOTHING;
INSERT INTO aanwezigheid (match_id, player_id, status) VALUES ('2f632e9f-f235-4697-994f-41eaebdf6663', 'feb5a1e3-c509-4833-aacf-4d70aae2f260', 'afwezig') ON CONFLICT DO NOTHING;
INSERT INTO aanwezigheid (match_id, player_id, status) VALUES ('ba0eafd6-9a53-4a52-8d34-fa8802366620', 'feb5a1e3-c509-4833-aacf-4d70aae2f260', 'volledig') ON CONFLICT DO NOTHING;
INSERT INTO aanwezigheid (match_id, player_id, status) VALUES ('bc302b97-d9c2-4a48-ba15-2b58f24661e9', 'feb5a1e3-c509-4833-aacf-4d70aae2f260', 'afwezig') ON CONFLICT DO NOTHING;
INSERT INTO aanwezigheid (match_id, player_id, status) VALUES ('dff779a2-c697-4ded-a040-310ecdf3e627', 'feb5a1e3-c509-4833-aacf-4d70aae2f260', 'volledig') ON CONFLICT DO NOTHING;
INSERT INTO aanwezigheid (match_id, player_id, status) VALUES ('c252b734-d4c1-4f9d-9d55-1b0444237140', 'feb5a1e3-c509-4833-aacf-4d70aae2f260', 'volledig') ON CONFLICT DO NOTHING;
INSERT INTO aanwezigheid (match_id, player_id, status) VALUES ('65cdfc6d-7cf5-43b0-b5dc-e65acc199d43', 'feb5a1e3-c509-4833-aacf-4d70aae2f260', 'volledig') ON CONFLICT DO NOTHING;
INSERT INTO aanwezigheid (match_id, player_id, status) VALUES ('cbf5843a-ab95-4bd8-9b0b-71f3471793ed', '767f223c-ed87-4ab8-93ae-f5889ea6c2bb', 'toeschouwer') ON CONFLICT DO NOTHING;
INSERT INTO aanwezigheid (match_id, player_id, status) VALUES ('d1fbe7dc-c7e6-4b59-9217-d25310dbbc12', '767f223c-ed87-4ab8-93ae-f5889ea6c2bb', 'toeschouwer') ON CONFLICT DO NOTHING;
INSERT INTO aanwezigheid (match_id, player_id, status) VALUES ('ba0eafd6-9a53-4a52-8d34-fa8802366620', '767f223c-ed87-4ab8-93ae-f5889ea6c2bb', 'toeschouwer') ON CONFLICT DO NOTHING;
INSERT INTO aanwezigheid (match_id, player_id, status) VALUES ('26f58c78-efe4-4af7-87c9-c0a8b4d74e3d', '767f223c-ed87-4ab8-93ae-f5889ea6c2bb', 'toeschouwer') ON CONFLICT DO NOTHING;
INSERT INTO aanwezigheid (match_id, player_id, status) VALUES ('bc302b97-d9c2-4a48-ba15-2b58f24661e9', '767f223c-ed87-4ab8-93ae-f5889ea6c2bb', 'toeschouwer') ON CONFLICT DO NOTHING;
INSERT INTO aanwezigheid (match_id, player_id, status) VALUES ('dff779a2-c697-4ded-a040-310ecdf3e627', '767f223c-ed87-4ab8-93ae-f5889ea6c2bb', 'toeschouwer') ON CONFLICT DO NOTHING;
INSERT INTO aanwezigheid (match_id, player_id, status) VALUES ('ec61221c-beaf-4d40-9ae0-ec7aed72efdb', '767f223c-ed87-4ab8-93ae-f5889ea6c2bb', 'toeschouwer') ON CONFLICT DO NOTHING;
INSERT INTO aanwezigheid (match_id, player_id, status) VALUES ('ec6d12c7-dc86-435c-ac33-7ff6dc9dd2d8', '767f223c-ed87-4ab8-93ae-f5889ea6c2bb', 'volledig') ON CONFLICT DO NOTHING;
INSERT INTO aanwezigheid (match_id, player_id, status) VALUES ('65cdfc6d-7cf5-43b0-b5dc-e65acc199d43', '767f223c-ed87-4ab8-93ae-f5889ea6c2bb', 'toeschouwer') ON CONFLICT DO NOTHING;
INSERT INTO aanwezigheid (match_id, player_id, status) VALUES ('3db09dc4-ba4f-4468-b949-1ceebddc25cd', '8f92e427-e133-463b-af0f-15e08a4d186a', 'volledig') ON CONFLICT DO NOTHING;
INSERT INTO aanwezigheid (match_id, player_id, status) VALUES ('cbf5843a-ab95-4bd8-9b0b-71f3471793ed', '8f92e427-e133-463b-af0f-15e08a4d186a', 'afwezig') ON CONFLICT DO NOTHING;
INSERT INTO aanwezigheid (match_id, player_id, status) VALUES ('d1fbe7dc-c7e6-4b59-9217-d25310dbbc12', '8f92e427-e133-463b-af0f-15e08a4d186a', 'afwezig') ON CONFLICT DO NOTHING;
INSERT INTO aanwezigheid (match_id, player_id, status) VALUES ('4dd8ad49-f94d-4206-a84a-216c72bce659', '8f92e427-e133-463b-af0f-15e08a4d186a', 'volledig') ON CONFLICT DO NOTHING;
INSERT INTO aanwezigheid (match_id, player_id, status) VALUES ('ba0eafd6-9a53-4a52-8d34-fa8802366620', '8f92e427-e133-463b-af0f-15e08a4d186a', 'volledig') ON CONFLICT DO NOTHING;
INSERT INTO aanwezigheid (match_id, player_id, status) VALUES ('bc302b97-d9c2-4a48-ba15-2b58f24661e9', '8f92e427-e133-463b-af0f-15e08a4d186a', 'volledig') ON CONFLICT DO NOTHING;
INSERT INTO aanwezigheid (match_id, player_id, status) VALUES ('65cdfc6d-7cf5-43b0-b5dc-e65acc199d43', '8f92e427-e133-463b-af0f-15e08a4d186a', 'toeschouwer') ON CONFLICT DO NOTHING;
INSERT INTO aanwezigheid (match_id, player_id, status) VALUES ('09d08bd2-83b0-4a50-8bd0-f4693b48e355', 'e7e35450-49ae-4cc2-80cb-35c4b406f478', 'afwezig') ON CONFLICT DO NOTHING;
INSERT INTO aanwezigheid (match_id, player_id, status) VALUES ('bc302b97-d9c2-4a48-ba15-2b58f24661e9', 'e7e35450-49ae-4cc2-80cb-35c4b406f478', 'afwezig') ON CONFLICT DO NOTHING;
INSERT INTO aanwezigheid (match_id, player_id, status) VALUES ('0a468094-9351-4ec7-bbee-1c48736eb426', 'e7e35450-49ae-4cc2-80cb-35c4b406f478', 'afwezig') ON CONFLICT DO NOTHING;
INSERT INTO aanwezigheid (match_id, player_id, status) VALUES ('dff779a2-c697-4ded-a040-310ecdf3e627', 'e7e35450-49ae-4cc2-80cb-35c4b406f478', 'afwezig') ON CONFLICT DO NOTHING;
INSERT INTO aanwezigheid (match_id, player_id, status) VALUES ('c252b734-d4c1-4f9d-9d55-1b0444237140', 'e7e35450-49ae-4cc2-80cb-35c4b406f478', 'volledig') ON CONFLICT DO NOTHING;
INSERT INTO aanwezigheid (match_id, player_id, status) VALUES ('18c187a9-c369-4b27-9cf6-4364482ec911', 'e7e35450-49ae-4cc2-80cb-35c4b406f478', 'volledig') ON CONFLICT DO NOTHING;
INSERT INTO aanwezigheid (match_id, player_id, status) VALUES ('65cdfc6d-7cf5-43b0-b5dc-e65acc199d43', 'e7e35450-49ae-4cc2-80cb-35c4b406f478', 'volledig') ON CONFLICT DO NOTHING;
INSERT INTO aanwezigheid (match_id, player_id, status) VALUES ('cbf5843a-ab95-4bd8-9b0b-71f3471793ed', '32030a05-1187-4199-b02b-7b29833ab9e2', 'afwezig') ON CONFLICT DO NOTHING;
INSERT INTO aanwezigheid (match_id, player_id, status) VALUES ('d1fbe7dc-c7e6-4b59-9217-d25310dbbc12', '32030a05-1187-4199-b02b-7b29833ab9e2', 'afwezig') ON CONFLICT DO NOTHING;
INSERT INTO aanwezigheid (match_id, player_id, status) VALUES ('4dd8ad49-f94d-4206-a84a-216c72bce659', '32030a05-1187-4199-b02b-7b29833ab9e2', 'afwezig') ON CONFLICT DO NOTHING;
INSERT INTO aanwezigheid (match_id, player_id, status) VALUES ('ba0eafd6-9a53-4a52-8d34-fa8802366620', '32030a05-1187-4199-b02b-7b29833ab9e2', 'afwezig') ON CONFLICT DO NOTHING;
INSERT INTO aanwezigheid (match_id, player_id, status) VALUES ('26f58c78-efe4-4af7-87c9-c0a8b4d74e3d', '32030a05-1187-4199-b02b-7b29833ab9e2', 'afwezig') ON CONFLICT DO NOTHING;
INSERT INTO aanwezigheid (match_id, player_id, status) VALUES ('cbf5843a-ab95-4bd8-9b0b-71f3471793ed', '08d42ab8-69da-488f-9553-4bab95fd89e4', 'afwezig') ON CONFLICT DO NOTHING;
INSERT INTO aanwezigheid (match_id, player_id, status) VALUES ('ec6d12c7-dc86-435c-ac33-7ff6dc9dd2d8', '08d42ab8-69da-488f-9553-4bab95fd89e4', 'volledig') ON CONFLICT DO NOTHING;
INSERT INTO aanwezigheid (match_id, player_id, status) VALUES ('c252b734-d4c1-4f9d-9d55-1b0444237140', '08d42ab8-69da-488f-9553-4bab95fd89e4', 'volledig') ON CONFLICT DO NOTHING;
INSERT INTO aanwezigheid (match_id, player_id, status) VALUES ('18c187a9-c369-4b27-9cf6-4364482ec911', '08d42ab8-69da-488f-9553-4bab95fd89e4', 'toeschouwer') ON CONFLICT DO NOTHING;
INSERT INTO aanwezigheid (match_id, player_id, status) VALUES ('545ce0d6-c31e-4c64-b943-27de8b27dde4', '4b2a9cd4-79ff-4439-95b2-07b711114a73', 'volledig') ON CONFLICT DO NOTHING;

-- Wedstrijden 2020-2021
INSERT INTO matches (id, season_id, datum, tijdstip, tegenstander, score_dodeka, score_tegenstander, is_thuis) VALUES ('c5a3e8a8-7085-4763-aa92-9e0b05de950f', '03814ec7-8f01-4709-a8f9-e473a76d1e86', '2020-09-05', '15u', 'De Kroon', 1, 4, true);
INSERT INTO matches (id, season_id, datum, tijdstip, tegenstander, score_dodeka, score_tegenstander, is_thuis) VALUES ('e8aa6eec-03f8-4e31-be47-3feffc246c50', '03814ec7-8f01-4709-a8f9-e473a76d1e86', '2020-09-12', '15u', 'Sava C', 2, 0, true);
INSERT INTO matches (id, season_id, datum, tijdstip, tegenstander, score_dodeka, score_tegenstander, is_thuis) VALUES ('6b6d1f1c-4f2a-4754-8da8-cc18f855c60e', '03814ec7-8f01-4709-a8f9-e473a76d1e86', '2020-09-19', '15u', 'Stabroek United', 0, 5, true);
INSERT INTO matches (id, season_id, datum, tijdstip, tegenstander, score_dodeka, score_tegenstander, is_thuis) VALUES ('c4de8aca-c4fb-4a79-bcbc-1d5c7df404b9', '03814ec7-8f01-4709-a8f9-e473a76d1e86', '2020-09-26', '15u', 'J&M Tolhuis', NULL, NULL, true);
INSERT INTO matches (id, season_id, datum, tijdstip, tegenstander, score_dodeka, score_tegenstander, is_thuis) VALUES ('c7b6ea52-7883-46c4-acbe-0f1ab26b7d22', '03814ec7-8f01-4709-a8f9-e473a76d1e86', '2020-10-10', '15u', 'Sporting MXM', 8, 1, true);
INSERT INTO matches (id, season_id, datum, tijdstip, tegenstander, score_dodeka, score_tegenstander, is_thuis) VALUES ('07fbf4d2-7a58-4981-b90d-a1503123a1fb', '03814ec7-8f01-4709-a8f9-e473a76d1e86', '2020-10-17', '14u', 'Molly Blooms B', NULL, NULL, true);
INSERT INTO matches (id, season_id, datum, tijdstip, tegenstander, score_dodeka, score_tegenstander, is_thuis) VALUES ('1a756dc7-a0ae-4b80-ac41-1cd625030d0f', '03814ec7-8f01-4709-a8f9-e473a76d1e86', '2020-10-24', '15u', 'Amber B', NULL, NULL, true);
INSERT INTO matches (id, season_id, datum, tijdstip, tegenstander, score_dodeka, score_tegenstander, is_thuis) VALUES ('2a435c7f-313a-4308-8a20-1ecbc07f1ee4', '03814ec7-8f01-4709-a8f9-e473a76d1e86', '2020-10-31', '15u', 'Molly Blooms B', NULL, NULL, true);
INSERT INTO matches (id, season_id, datum, tijdstip, tegenstander, score_dodeka, score_tegenstander, is_thuis) VALUES ('b9f85c25-6a8f-4488-a38a-4e7d3ad5e510', '03814ec7-8f01-4709-a8f9-e473a76d1e86', '2020-11-07', '15u', 'Ruisbroek', NULL, NULL, true);
INSERT INTO matches (id, season_id, datum, tijdstip, tegenstander, score_dodeka, score_tegenstander, is_thuis) VALUES ('698b5a8f-06e6-4628-99a4-c41f54a0a244', '03814ec7-8f01-4709-a8f9-e473a76d1e86', '2020-11-14', '15u', 'Royal Borsbeek FC', NULL, NULL, true);
INSERT INTO matches (id, season_id, datum, tijdstip, tegenstander, score_dodeka, score_tegenstander, is_thuis) VALUES ('f0b8ef20-775c-4c21-9d7d-e2a48195aa12', '03814ec7-8f01-4709-a8f9-e473a76d1e86', '2020-11-21', '15u', 'Nieuw Stabroek', NULL, NULL, true);
INSERT INTO matches (id, season_id, datum, tijdstip, tegenstander, score_dodeka, score_tegenstander, is_thuis) VALUES ('4be7869a-8d9b-4880-a76f-c62b7b170873', '03814ec7-8f01-4709-a8f9-e473a76d1e86', '2020-11-28', '15u', 'De Kroon', NULL, NULL, true);
INSERT INTO matches (id, season_id, datum, tijdstip, tegenstander, score_dodeka, score_tegenstander, is_thuis) VALUES ('14f6d468-56bf-4d28-be6e-c0f917770363', '03814ec7-8f01-4709-a8f9-e473a76d1e86', '2020-12-05', '13u', 'Sava C', NULL, NULL, true);
INSERT INTO matches (id, season_id, datum, tijdstip, tegenstander, score_dodeka, score_tegenstander, is_thuis) VALUES ('dd50c0d7-34a1-4f44-9634-4c09e1f39501', '03814ec7-8f01-4709-a8f9-e473a76d1e86', '2020-12-12', '15u', 'Stabroek United', NULL, NULL, true);
INSERT INTO matches (id, season_id, datum, tijdstip, tegenstander, score_dodeka, score_tegenstander, is_thuis) VALUES ('c4a9cda8-8c1f-4e34-80a9-48e7b92be141', '03814ec7-8f01-4709-a8f9-e473a76d1e86', '2021-01-09', '14u30', 'J&M Tolhuis', NULL, NULL, true);
INSERT INTO matches (id, season_id, datum, tijdstip, tegenstander, score_dodeka, score_tegenstander, is_thuis) VALUES ('b00e2b51-e495-4f38-b731-1e2cf5d356cd', '03814ec7-8f01-4709-a8f9-e473a76d1e86', '2021-01-23', '14u30', 'Sporting MXM', NULL, NULL, true);
INSERT INTO matches (id, season_id, datum, tijdstip, tegenstander, score_dodeka, score_tegenstander, is_thuis) VALUES ('171e1a85-1da5-4d09-9b5b-96f02c7ef4ab', '03814ec7-8f01-4709-a8f9-e473a76d1e86', '2021-02-06', '15u30', 'Amber B', NULL, NULL, true);
INSERT INTO matches (id, season_id, datum, tijdstip, tegenstander, score_dodeka, score_tegenstander, is_thuis) VALUES ('b7a4a77c-f629-4dd5-af0d-d58311635298', '03814ec7-8f01-4709-a8f9-e473a76d1e86', '2021-02-27', '15u', 'Ruisbroek', NULL, NULL, true);
INSERT INTO matches (id, season_id, datum, tijdstip, tegenstander, score_dodeka, score_tegenstander, is_thuis) VALUES ('1f9a1322-2d6c-4273-85a7-16e93cb97067', '03814ec7-8f01-4709-a8f9-e473a76d1e86', '2021-03-06', '15u30', 'Royal Borsbeek', NULL, NULL, true);
INSERT INTO matches (id, season_id, datum, tijdstip, tegenstander, score_dodeka, score_tegenstander, is_thuis) VALUES ('4f56b9eb-b7c7-482c-b17c-c1c0aaac6791', '03814ec7-8f01-4709-a8f9-e473a76d1e86', '2021-03-13', '15u', 'Nieuw Stabroek', NULL, NULL, true);
-- Aanwezigheid 2020-2021
INSERT INTO aanwezigheid (match_id, player_id, status) VALUES ('c5a3e8a8-7085-4763-aa92-9e0b05de950f', '23c489b4-ab3d-41f2-b2ef-61ca76e9edb1', 'volledig') ON CONFLICT DO NOTHING;
INSERT INTO aanwezigheid (match_id, player_id, status) VALUES ('e8aa6eec-03f8-4e31-be47-3feffc246c50', '23c489b4-ab3d-41f2-b2ef-61ca76e9edb1', 'volledig') ON CONFLICT DO NOTHING;
INSERT INTO aanwezigheid (match_id, player_id, status) VALUES ('6b6d1f1c-4f2a-4754-8da8-cc18f855c60e', '23c489b4-ab3d-41f2-b2ef-61ca76e9edb1', 'volledig') ON CONFLICT DO NOTHING;
INSERT INTO aanwezigheid (match_id, player_id, status) VALUES ('c7b6ea52-7883-46c4-acbe-0f1ab26b7d22', '23c489b4-ab3d-41f2-b2ef-61ca76e9edb1', 'afwezig') ON CONFLICT DO NOTHING;
INSERT INTO aanwezigheid (match_id, player_id, status) VALUES ('c5a3e8a8-7085-4763-aa92-9e0b05de950f', 'b368cd89-d75e-4d9e-9033-e1257f856bd2', 'volledig') ON CONFLICT DO NOTHING;
INSERT INTO aanwezigheid (match_id, player_id, status) VALUES ('e8aa6eec-03f8-4e31-be47-3feffc246c50', 'b368cd89-d75e-4d9e-9033-e1257f856bd2', 'volledig') ON CONFLICT DO NOTHING;
INSERT INTO aanwezigheid (match_id, player_id, status) VALUES ('6b6d1f1c-4f2a-4754-8da8-cc18f855c60e', 'b368cd89-d75e-4d9e-9033-e1257f856bd2', 'afwezig') ON CONFLICT DO NOTHING;
INSERT INTO aanwezigheid (match_id, player_id, status) VALUES ('c7b6ea52-7883-46c4-acbe-0f1ab26b7d22', 'b368cd89-d75e-4d9e-9033-e1257f856bd2', 'volledig') ON CONFLICT DO NOTHING;
INSERT INTO aanwezigheid (match_id, player_id, status) VALUES ('c5a3e8a8-7085-4763-aa92-9e0b05de950f', 'db232b7c-aa0f-4295-b87a-ea5db2338730', 'afwezig') ON CONFLICT DO NOTHING;
INSERT INTO aanwezigheid (match_id, player_id, status) VALUES ('e8aa6eec-03f8-4e31-be47-3feffc246c50', 'db232b7c-aa0f-4295-b87a-ea5db2338730', 'volledig') ON CONFLICT DO NOTHING;
INSERT INTO aanwezigheid (match_id, player_id, status) VALUES ('6b6d1f1c-4f2a-4754-8da8-cc18f855c60e', 'db232b7c-aa0f-4295-b87a-ea5db2338730', 'volledig') ON CONFLICT DO NOTHING;
INSERT INTO aanwezigheid (match_id, player_id, status) VALUES ('c7b6ea52-7883-46c4-acbe-0f1ab26b7d22', 'db232b7c-aa0f-4295-b87a-ea5db2338730', 'afwezig') ON CONFLICT DO NOTHING;
INSERT INTO aanwezigheid (match_id, player_id, status) VALUES ('c5a3e8a8-7085-4763-aa92-9e0b05de950f', '34d80d7f-1327-4839-8dec-889398b9737b', 'afwezig') ON CONFLICT DO NOTHING;
INSERT INTO aanwezigheid (match_id, player_id, status) VALUES ('e8aa6eec-03f8-4e31-be47-3feffc246c50', '34d80d7f-1327-4839-8dec-889398b9737b', 'volledig') ON CONFLICT DO NOTHING;
INSERT INTO aanwezigheid (match_id, player_id, status) VALUES ('6b6d1f1c-4f2a-4754-8da8-cc18f855c60e', '34d80d7f-1327-4839-8dec-889398b9737b', 'afwezig') ON CONFLICT DO NOTHING;
INSERT INTO aanwezigheid (match_id, player_id, status) VALUES ('c7b6ea52-7883-46c4-acbe-0f1ab26b7d22', '34d80d7f-1327-4839-8dec-889398b9737b', 'afwezig') ON CONFLICT DO NOTHING;
INSERT INTO aanwezigheid (match_id, player_id, status) VALUES ('c5a3e8a8-7085-4763-aa92-9e0b05de950f', '75aec47d-812c-4899-a8db-2b64a43ef098', 'volledig') ON CONFLICT DO NOTHING;
INSERT INTO aanwezigheid (match_id, player_id, status) VALUES ('e8aa6eec-03f8-4e31-be47-3feffc246c50', '75aec47d-812c-4899-a8db-2b64a43ef098', 'volledig') ON CONFLICT DO NOTHING;
INSERT INTO aanwezigheid (match_id, player_id, status) VALUES ('6b6d1f1c-4f2a-4754-8da8-cc18f855c60e', '75aec47d-812c-4899-a8db-2b64a43ef098', 'afwezig') ON CONFLICT DO NOTHING;
INSERT INTO aanwezigheid (match_id, player_id, status) VALUES ('c7b6ea52-7883-46c4-acbe-0f1ab26b7d22', '75aec47d-812c-4899-a8db-2b64a43ef098', 'toeschouwer') ON CONFLICT DO NOTHING;
INSERT INTO aanwezigheid (match_id, player_id, status) VALUES ('c5a3e8a8-7085-4763-aa92-9e0b05de950f', 'c0a0bc2b-0f04-4f18-824a-7eb2680f5fdc', 'volledig') ON CONFLICT DO NOTHING;
INSERT INTO aanwezigheid (match_id, player_id, status) VALUES ('6b6d1f1c-4f2a-4754-8da8-cc18f855c60e', 'c0a0bc2b-0f04-4f18-824a-7eb2680f5fdc', 'volledig') ON CONFLICT DO NOTHING;
INSERT INTO aanwezigheid (match_id, player_id, status) VALUES ('c7b6ea52-7883-46c4-acbe-0f1ab26b7d22', 'c0a0bc2b-0f04-4f18-824a-7eb2680f5fdc', 'volledig') ON CONFLICT DO NOTHING;
INSERT INTO aanwezigheid (match_id, player_id, status) VALUES ('e8aa6eec-03f8-4e31-be47-3feffc246c50', 'd45fb0a6-6b26-4271-aa16-c02c88b28c22', 'volledig') ON CONFLICT DO NOTHING;
INSERT INTO aanwezigheid (match_id, player_id, status) VALUES ('6b6d1f1c-4f2a-4754-8da8-cc18f855c60e', 'd45fb0a6-6b26-4271-aa16-c02c88b28c22', 'volledig') ON CONFLICT DO NOTHING;
INSERT INTO aanwezigheid (match_id, player_id, status) VALUES ('c7b6ea52-7883-46c4-acbe-0f1ab26b7d22', 'd45fb0a6-6b26-4271-aa16-c02c88b28c22', 'afwezig') ON CONFLICT DO NOTHING;
INSERT INTO aanwezigheid (match_id, player_id, status) VALUES ('c5a3e8a8-7085-4763-aa92-9e0b05de950f', '7ac4132a-d026-42d5-a0ab-bf3cb578c7a1', 'volledig') ON CONFLICT DO NOTHING;
INSERT INTO aanwezigheid (match_id, player_id, status) VALUES ('e8aa6eec-03f8-4e31-be47-3feffc246c50', '7ac4132a-d026-42d5-a0ab-bf3cb578c7a1', 'volledig') ON CONFLICT DO NOTHING;
INSERT INTO aanwezigheid (match_id, player_id, status) VALUES ('c7b6ea52-7883-46c4-acbe-0f1ab26b7d22', '7ac4132a-d026-42d5-a0ab-bf3cb578c7a1', 'afwezig') ON CONFLICT DO NOTHING;
INSERT INTO aanwezigheid (match_id, player_id, status) VALUES ('c5a3e8a8-7085-4763-aa92-9e0b05de950f', '38d0b8c9-7c17-4392-a492-b95943248244', 'volledig') ON CONFLICT DO NOTHING;
INSERT INTO aanwezigheid (match_id, player_id, status) VALUES ('6b6d1f1c-4f2a-4754-8da8-cc18f855c60e', '38d0b8c9-7c17-4392-a492-b95943248244', 'volledig') ON CONFLICT DO NOTHING;
INSERT INTO aanwezigheid (match_id, player_id, status) VALUES ('c7b6ea52-7883-46c4-acbe-0f1ab26b7d22', '38d0b8c9-7c17-4392-a492-b95943248244', 'afwezig') ON CONFLICT DO NOTHING;
INSERT INTO aanwezigheid (match_id, player_id, status) VALUES ('e8aa6eec-03f8-4e31-be47-3feffc246c50', '4d88dc95-07bd-4461-be53-3a0cdb5bd43b', 'volledig') ON CONFLICT DO NOTHING;
INSERT INTO aanwezigheid (match_id, player_id, status) VALUES ('6b6d1f1c-4f2a-4754-8da8-cc18f855c60e', '4d88dc95-07bd-4461-be53-3a0cdb5bd43b', 'afwezig') ON CONFLICT DO NOTHING;
INSERT INTO aanwezigheid (match_id, player_id, status) VALUES ('c7b6ea52-7883-46c4-acbe-0f1ab26b7d22', '4d88dc95-07bd-4461-be53-3a0cdb5bd43b', 'volledig') ON CONFLICT DO NOTHING;
INSERT INTO aanwezigheid (match_id, player_id, status) VALUES ('c5a3e8a8-7085-4763-aa92-9e0b05de950f', '2995e934-f5a4-4076-ae32-0e02728e600a', 'afwezig') ON CONFLICT DO NOTHING;
INSERT INTO aanwezigheid (match_id, player_id, status) VALUES ('6b6d1f1c-4f2a-4754-8da8-cc18f855c60e', '2995e934-f5a4-4076-ae32-0e02728e600a', 'volledig') ON CONFLICT DO NOTHING;
INSERT INTO aanwezigheid (match_id, player_id, status) VALUES ('c7b6ea52-7883-46c4-acbe-0f1ab26b7d22', '2995e934-f5a4-4076-ae32-0e02728e600a', 'toeschouwer') ON CONFLICT DO NOTHING;
INSERT INTO aanwezigheid (match_id, player_id, status) VALUES ('e8aa6eec-03f8-4e31-be47-3feffc246c50', '6b321166-046b-44e4-8ebf-7e0a20b0fddd', 'volledig') ON CONFLICT DO NOTHING;
INSERT INTO aanwezigheid (match_id, player_id, status) VALUES ('6b6d1f1c-4f2a-4754-8da8-cc18f855c60e', '6b321166-046b-44e4-8ebf-7e0a20b0fddd', 'volledig') ON CONFLICT DO NOTHING;
INSERT INTO aanwezigheid (match_id, player_id, status) VALUES ('c5a3e8a8-7085-4763-aa92-9e0b05de950f', 'feb5a1e3-c509-4833-aacf-4d70aae2f260', 'volledig') ON CONFLICT DO NOTHING;
INSERT INTO aanwezigheid (match_id, player_id, status) VALUES ('c7b6ea52-7883-46c4-acbe-0f1ab26b7d22', 'feb5a1e3-c509-4833-aacf-4d70aae2f260', 'afwezig') ON CONFLICT DO NOTHING;
INSERT INTO aanwezigheid (match_id, player_id, status) VALUES ('c5a3e8a8-7085-4763-aa92-9e0b05de950f', '46e7f9db-b122-4111-a3e8-969af745d315', 'afwezig') ON CONFLICT DO NOTHING;
INSERT INTO aanwezigheid (match_id, player_id, status) VALUES ('c7b6ea52-7883-46c4-acbe-0f1ab26b7d22', '46e7f9db-b122-4111-a3e8-969af745d315', 'volledig') ON CONFLICT DO NOTHING;
INSERT INTO aanwezigheid (match_id, player_id, status) VALUES ('6b6d1f1c-4f2a-4754-8da8-cc18f855c60e', '55db8337-8403-4495-a3aa-ce85cf614885', 'afwezig') ON CONFLICT DO NOTHING;
INSERT INTO aanwezigheid (match_id, player_id, status) VALUES ('c7b6ea52-7883-46c4-acbe-0f1ab26b7d22', '55db8337-8403-4495-a3aa-ce85cf614885', 'volledig') ON CONFLICT DO NOTHING;
INSERT INTO aanwezigheid (match_id, player_id, status) VALUES ('c5a3e8a8-7085-4763-aa92-9e0b05de950f', 'e7e35450-49ae-4cc2-80cb-35c4b406f478', 'afwezig') ON CONFLICT DO NOTHING;
INSERT INTO aanwezigheid (match_id, player_id, status) VALUES ('c7b6ea52-7883-46c4-acbe-0f1ab26b7d22', 'e7e35450-49ae-4cc2-80cb-35c4b406f478', 'afwezig') ON CONFLICT DO NOTHING;
INSERT INTO aanwezigheid (match_id, player_id, status) VALUES ('c5a3e8a8-7085-4763-aa92-9e0b05de950f', '2dacb871-5105-4cb9-a30f-9fc2c7870ad3', 'afwezig') ON CONFLICT DO NOTHING;
INSERT INTO aanwezigheid (match_id, player_id, status) VALUES ('c7b6ea52-7883-46c4-acbe-0f1ab26b7d22', '2dacb871-5105-4cb9-a30f-9fc2c7870ad3', 'toeschouwer') ON CONFLICT DO NOTHING;
INSERT INTO aanwezigheid (match_id, player_id, status) VALUES ('c5a3e8a8-7085-4763-aa92-9e0b05de950f', '08d42ab8-69da-488f-9553-4bab95fd89e4', 'toeschouwer') ON CONFLICT DO NOTHING;
INSERT INTO aanwezigheid (match_id, player_id, status) VALUES ('6b6d1f1c-4f2a-4754-8da8-cc18f855c60e', '08d42ab8-69da-488f-9553-4bab95fd89e4', 'afwezig') ON CONFLICT DO NOTHING;
INSERT INTO aanwezigheid (match_id, player_id, status) VALUES ('e8aa6eec-03f8-4e31-be47-3feffc246c50', '32030a05-1187-4199-b02b-7b29833ab9e2', 'toeschouwer') ON CONFLICT DO NOTHING;
INSERT INTO aanwezigheid (match_id, player_id, status) VALUES ('6b6d1f1c-4f2a-4754-8da8-cc18f855c60e', '32030a05-1187-4199-b02b-7b29833ab9e2', 'toeschouwer') ON CONFLICT DO NOTHING;
INSERT INTO aanwezigheid (match_id, player_id, status) VALUES ('e8aa6eec-03f8-4e31-be47-3feffc246c50', '02ef13da-4f05-45da-9cd0-d62c0cc16f51', 'volledig') ON CONFLICT DO NOTHING;
INSERT INTO aanwezigheid (match_id, player_id, status) VALUES ('c7b6ea52-7883-46c4-acbe-0f1ab26b7d22', '767f223c-ed87-4ab8-93ae-f5889ea6c2bb', 'volledig') ON CONFLICT DO NOTHING;
INSERT INTO aanwezigheid (match_id, player_id, status) VALUES ('e8aa6eec-03f8-4e31-be47-3feffc246c50', '8f92e427-e133-463b-af0f-15e08a4d186a', 'toeschouwer') ON CONFLICT DO NOTHING;

-- Wedstrijden 2021-2022
INSERT INTO matches (id, season_id, datum, tijdstip, tegenstander, score_dodeka, score_tegenstander, is_thuis) VALUES ('ff80ac7a-e4f4-4c33-97f9-ddd8bc3a85d0', '9da86047-721f-4fd5-803f-b0ce0c1f4049', '2021-08-28', '14u30', 'Panda', 1, 1, true);
INSERT INTO matches (id, season_id, datum, tijdstip, tegenstander, score_dodeka, score_tegenstander, is_thuis) VALUES ('14660efe-00dd-4810-aa43-8f0adb23680c', '9da86047-721f-4fd5-803f-b0ce0c1f4049', '2021-09-04', '15u', 'De Pelikaan SV', 1, 1, true);
INSERT INTO matches (id, season_id, datum, tijdstip, tegenstander, score_dodeka, score_tegenstander, is_thuis) VALUES ('2c0c8319-4f56-46fa-b919-52202fe190c4', '9da86047-721f-4fd5-803f-b0ce0c1f4049', '2021-09-11', '13u', 'Las Manas', 0, 2, true);
INSERT INTO matches (id, season_id, datum, tijdstip, tegenstander, score_dodeka, score_tegenstander, is_thuis) VALUES ('57bb8410-eeea-46f4-9021-1868e15c0da1', '9da86047-721f-4fd5-803f-b0ce0c1f4049', '2021-09-25', '13u', 'Amber E', 3, 0, true);
INSERT INTO matches (id, season_id, datum, tijdstip, tegenstander, score_dodeka, score_tegenstander, is_thuis) VALUES ('628e7f65-309b-4c48-a667-bbcfa4618a79', '9da86047-721f-4fd5-803f-b0ce0c1f4049', '2021-10-02', '15u', 'Royal Zeezicht', 1, 2, true);
INSERT INTO matches (id, season_id, datum, tijdstip, tegenstander, score_dodeka, score_tegenstander, is_thuis) VALUES ('7870e4c9-ad0c-4be3-8319-861141d931f3', '9da86047-721f-4fd5-803f-b0ce0c1f4049', '2021-10-09', '15u', 'Stabroek United B', 0, 2, true);
INSERT INTO matches (id, season_id, datum, tijdstip, tegenstander, score_dodeka, score_tegenstander, is_thuis) VALUES ('287dfbff-2560-46f8-aec3-a059c73ae371', '9da86047-721f-4fd5-803f-b0ce0c1f4049', '2021-10-16', '15u', 'An Sibhin', 2, 3, true);
INSERT INTO matches (id, season_id, datum, tijdstip, tegenstander, score_dodeka, score_tegenstander, is_thuis) VALUES ('99d9ecf3-7d32-40db-9a9e-761465d10ae8', '9da86047-721f-4fd5-803f-b0ce0c1f4049', '2021-10-23', '15u', 'PVC Gorillaz', 0, 2, true);
INSERT INTO matches (id, season_id, datum, tijdstip, tegenstander, score_dodeka, score_tegenstander, is_thuis) VALUES ('e70473a2-c1b2-486b-96b7-c3ad473eb5a9', '9da86047-721f-4fd5-803f-b0ce0c1f4049', '2021-10-30', '15u', 'Brik Pele', 2, 4, true);
INSERT INTO matches (id, season_id, datum, tijdstip, tegenstander, score_dodeka, score_tegenstander, is_thuis) VALUES ('f971abfc-aae8-41eb-b021-2038a7835b8d', '9da86047-721f-4fd5-803f-b0ce0c1f4049', '2021-11-13', '15u', 'DK Nieuwmoer', 0, 2, true);
INSERT INTO matches (id, season_id, datum, tijdstip, tegenstander, score_dodeka, score_tegenstander, is_thuis) VALUES ('9241c341-df4e-4b76-9113-397c0522d8a6', '9da86047-721f-4fd5-803f-b0ce0c1f4049', '2021-11-20', '15u', 'Antwerp Boys', 3, 3, true);
INSERT INTO matches (id, season_id, datum, tijdstip, tegenstander, score_dodeka, score_tegenstander, is_thuis) VALUES ('ddf2d26a-89c7-40e9-980c-dafdf29613b1', '9da86047-721f-4fd5-803f-b0ce0c1f4049', '2021-11-27', '15u', 'Panda', 3, 2, true);
INSERT INTO matches (id, season_id, datum, tijdstip, tegenstander, score_dodeka, score_tegenstander, is_thuis) VALUES ('749ce462-c7f4-4555-a80e-4a2403520d97', '9da86047-721f-4fd5-803f-b0ce0c1f4049', '2021-12-11', '15u', 'Las Manas', 1, 8, true);
INSERT INTO matches (id, season_id, datum, tijdstip, tegenstander, score_dodeka, score_tegenstander, is_thuis) VALUES ('652dba05-c115-4686-8538-9b0bfc20f603', '9da86047-721f-4fd5-803f-b0ce0c1f4049', '2021-12-18', '15u', 'De Pelikaan', 1, 0, true);
INSERT INTO matches (id, season_id, datum, tijdstip, tegenstander, score_dodeka, score_tegenstander, is_thuis) VALUES ('95ea4773-549a-49a9-88a8-a26a8b40440f', '9da86047-721f-4fd5-803f-b0ce0c1f4049', '2022-01-08', '12u30', 'Brik Pele', 2, 3, true);
INSERT INTO matches (id, season_id, datum, tijdstip, tegenstander, score_dodeka, score_tegenstander, is_thuis) VALUES ('acbb7c79-8d9c-424a-bd8d-cebb8fb604a2', '9da86047-721f-4fd5-803f-b0ce0c1f4049', '2022-01-15', '15u', 'Amber E', 2, 0, true);
INSERT INTO matches (id, season_id, datum, tijdstip, tegenstander, score_dodeka, score_tegenstander, is_thuis) VALUES ('d0371d5d-8e66-46a0-a9fa-f9285d59a674', '9da86047-721f-4fd5-803f-b0ce0c1f4049', '2022-01-22', '13u', 'Royal Zeezicht', 1, 1, true);
INSERT INTO matches (id, season_id, datum, tijdstip, tegenstander, score_dodeka, score_tegenstander, is_thuis) VALUES ('be6580f9-0082-48e3-b8f7-5bec33e8fa43', '9da86047-721f-4fd5-803f-b0ce0c1f4049', '2022-01-29', '15u', 'Stabroek United B', 5, 0, true);
INSERT INTO matches (id, season_id, datum, tijdstip, tegenstander, score_dodeka, score_tegenstander, is_thuis) VALUES ('64d65ce3-15fd-497b-add5-4e2e7b5176de', '9da86047-721f-4fd5-803f-b0ce0c1f4049', '2022-02-05', '15u', 'An Sibhin', 5, 0, true);
INSERT INTO matches (id, season_id, datum, tijdstip, tegenstander, score_dodeka, score_tegenstander, is_thuis) VALUES ('e69694a7-0eea-477c-a2ff-74924416b341', '9da86047-721f-4fd5-803f-b0ce0c1f4049', '2022-02-12', '15u', 'PVC Gorillaz', 0, 5, true);
INSERT INTO matches (id, season_id, datum, tijdstip, tegenstander, score_dodeka, score_tegenstander, is_thuis) VALUES ('b4186f86-81fc-46ee-bef2-15c033bd4ff2', '9da86047-721f-4fd5-803f-b0ce0c1f4049', '2021-02-19', '15u', 'DK Nieuwmoer', 5, 3, true);
INSERT INTO matches (id, season_id, datum, tijdstip, tegenstander, score_dodeka, score_tegenstander, is_thuis) VALUES ('1834c8af-5657-4307-b044-aef1be75fcf2', '9da86047-721f-4fd5-803f-b0ce0c1f4049', '2022-03-12', '13u', 'Antwerp Boys', 2, 2, true);
INSERT INTO matches (id, season_id, datum, tijdstip, tegenstander, score_dodeka, score_tegenstander, is_thuis) VALUES ('ca635cce-7237-4318-bc41-49b81091ec61', '9da86047-721f-4fd5-803f-b0ce0c1f4049', '2022-03-26', '13u', 'Thor Zaat Briel', 0, 5, true);
INSERT INTO matches (id, season_id, datum, tijdstip, tegenstander, score_dodeka, score_tegenstander, is_thuis) VALUES ('fbb756a0-e19e-4e9c-bb8a-37880c4eb911', '9da86047-721f-4fd5-803f-b0ce0c1f4049', '2022-04-02', '15u', 'Sava B', 4, 0, true);
INSERT INTO matches (id, season_id, datum, tijdstip, tegenstander, score_dodeka, score_tegenstander, is_thuis) VALUES ('1ebb4adb-c04e-4ab2-a735-942ec6dc2d2b', '9da86047-721f-4fd5-803f-b0ce0c1f4049', '2022-04-23', '15u', 'National', 1, 9, true);
-- Aanwezigheid 2021-2022
INSERT INTO aanwezigheid (match_id, player_id, status) VALUES ('ff80ac7a-e4f4-4c33-97f9-ddd8bc3a85d0', '38d0b8c9-7c17-4392-a492-b95943248244', 'volledig') ON CONFLICT DO NOTHING;
INSERT INTO aanwezigheid (match_id, player_id, status) VALUES ('14660efe-00dd-4810-aa43-8f0adb23680c', '38d0b8c9-7c17-4392-a492-b95943248244', 'volledig') ON CONFLICT DO NOTHING;
INSERT INTO aanwezigheid (match_id, player_id, status) VALUES ('2c0c8319-4f56-46fa-b919-52202fe190c4', '38d0b8c9-7c17-4392-a492-b95943248244', 'volledig') ON CONFLICT DO NOTHING;
INSERT INTO aanwezigheid (match_id, player_id, status) VALUES ('57bb8410-eeea-46f4-9021-1868e15c0da1', '38d0b8c9-7c17-4392-a492-b95943248244', 'afwezig') ON CONFLICT DO NOTHING;
INSERT INTO aanwezigheid (match_id, player_id, status) VALUES ('628e7f65-309b-4c48-a667-bbcfa4618a79', '38d0b8c9-7c17-4392-a492-b95943248244', 'volledig') ON CONFLICT DO NOTHING;
INSERT INTO aanwezigheid (match_id, player_id, status) VALUES ('7870e4c9-ad0c-4be3-8319-861141d931f3', '38d0b8c9-7c17-4392-a492-b95943248244', 'volledig') ON CONFLICT DO NOTHING;
INSERT INTO aanwezigheid (match_id, player_id, status) VALUES ('287dfbff-2560-46f8-aec3-a059c73ae371', '38d0b8c9-7c17-4392-a492-b95943248244', 'volledig') ON CONFLICT DO NOTHING;
INSERT INTO aanwezigheid (match_id, player_id, status) VALUES ('99d9ecf3-7d32-40db-9a9e-761465d10ae8', '38d0b8c9-7c17-4392-a492-b95943248244', 'volledig') ON CONFLICT DO NOTHING;
INSERT INTO aanwezigheid (match_id, player_id, status) VALUES ('e70473a2-c1b2-486b-96b7-c3ad473eb5a9', '38d0b8c9-7c17-4392-a492-b95943248244', 'volledig') ON CONFLICT DO NOTHING;
INSERT INTO aanwezigheid (match_id, player_id, status) VALUES ('9241c341-df4e-4b76-9113-397c0522d8a6', '38d0b8c9-7c17-4392-a492-b95943248244', 'volledig') ON CONFLICT DO NOTHING;
INSERT INTO aanwezigheid (match_id, player_id, status) VALUES ('ddf2d26a-89c7-40e9-980c-dafdf29613b1', '38d0b8c9-7c17-4392-a492-b95943248244', 'volledig') ON CONFLICT DO NOTHING;
INSERT INTO aanwezigheid (match_id, player_id, status) VALUES ('749ce462-c7f4-4555-a80e-4a2403520d97', '38d0b8c9-7c17-4392-a492-b95943248244', 'volledig') ON CONFLICT DO NOTHING;
INSERT INTO aanwezigheid (match_id, player_id, status) VALUES ('652dba05-c115-4686-8538-9b0bfc20f603', '38d0b8c9-7c17-4392-a492-b95943248244', 'volledig') ON CONFLICT DO NOTHING;
INSERT INTO aanwezigheid (match_id, player_id, status) VALUES ('95ea4773-549a-49a9-88a8-a26a8b40440f', '38d0b8c9-7c17-4392-a492-b95943248244', 'volledig') ON CONFLICT DO NOTHING;
INSERT INTO aanwezigheid (match_id, player_id, status) VALUES ('acbb7c79-8d9c-424a-bd8d-cebb8fb604a2', '38d0b8c9-7c17-4392-a492-b95943248244', 'volledig') ON CONFLICT DO NOTHING;
INSERT INTO aanwezigheid (match_id, player_id, status) VALUES ('d0371d5d-8e66-46a0-a9fa-f9285d59a674', '38d0b8c9-7c17-4392-a492-b95943248244', 'afwezig') ON CONFLICT DO NOTHING;
INSERT INTO aanwezigheid (match_id, player_id, status) VALUES ('b4186f86-81fc-46ee-bef2-15c033bd4ff2', '38d0b8c9-7c17-4392-a492-b95943248244', 'volledig') ON CONFLICT DO NOTHING;
INSERT INTO aanwezigheid (match_id, player_id, status) VALUES ('1834c8af-5657-4307-b044-aef1be75fcf2', '38d0b8c9-7c17-4392-a492-b95943248244', 'afwezig') ON CONFLICT DO NOTHING;
INSERT INTO aanwezigheid (match_id, player_id, status) VALUES ('fbb756a0-e19e-4e9c-bb8a-37880c4eb911', '38d0b8c9-7c17-4392-a492-b95943248244', 'volledig') ON CONFLICT DO NOTHING;
INSERT INTO aanwezigheid (match_id, player_id, status) VALUES ('1ebb4adb-c04e-4ab2-a735-942ec6dc2d2b', '38d0b8c9-7c17-4392-a492-b95943248244', 'volledig') ON CONFLICT DO NOTHING;
INSERT INTO aanwezigheid (match_id, player_id, status) VALUES ('14660efe-00dd-4810-aa43-8f0adb23680c', '2dacb871-5105-4cb9-a30f-9fc2c7870ad3', 'volledig') ON CONFLICT DO NOTHING;
INSERT INTO aanwezigheid (match_id, player_id, status) VALUES ('2c0c8319-4f56-46fa-b919-52202fe190c4', '2dacb871-5105-4cb9-a30f-9fc2c7870ad3', 'volledig') ON CONFLICT DO NOTHING;
INSERT INTO aanwezigheid (match_id, player_id, status) VALUES ('57bb8410-eeea-46f4-9021-1868e15c0da1', '2dacb871-5105-4cb9-a30f-9fc2c7870ad3', 'volledig') ON CONFLICT DO NOTHING;
INSERT INTO aanwezigheid (match_id, player_id, status) VALUES ('628e7f65-309b-4c48-a667-bbcfa4618a79', '2dacb871-5105-4cb9-a30f-9fc2c7870ad3', 'volledig') ON CONFLICT DO NOTHING;
INSERT INTO aanwezigheid (match_id, player_id, status) VALUES ('7870e4c9-ad0c-4be3-8319-861141d931f3', '2dacb871-5105-4cb9-a30f-9fc2c7870ad3', 'volledig') ON CONFLICT DO NOTHING;
INSERT INTO aanwezigheid (match_id, player_id, status) VALUES ('287dfbff-2560-46f8-aec3-a059c73ae371', '2dacb871-5105-4cb9-a30f-9fc2c7870ad3', 'afwezig') ON CONFLICT DO NOTHING;
INSERT INTO aanwezigheid (match_id, player_id, status) VALUES ('99d9ecf3-7d32-40db-9a9e-761465d10ae8', '2dacb871-5105-4cb9-a30f-9fc2c7870ad3', 'volledig') ON CONFLICT DO NOTHING;
INSERT INTO aanwezigheid (match_id, player_id, status) VALUES ('e70473a2-c1b2-486b-96b7-c3ad473eb5a9', '2dacb871-5105-4cb9-a30f-9fc2c7870ad3', 'volledig') ON CONFLICT DO NOTHING;
INSERT INTO aanwezigheid (match_id, player_id, status) VALUES ('9241c341-df4e-4b76-9113-397c0522d8a6', '2dacb871-5105-4cb9-a30f-9fc2c7870ad3', 'volledig') ON CONFLICT DO NOTHING;
INSERT INTO aanwezigheid (match_id, player_id, status) VALUES ('ddf2d26a-89c7-40e9-980c-dafdf29613b1', '2dacb871-5105-4cb9-a30f-9fc2c7870ad3', 'volledig') ON CONFLICT DO NOTHING;
INSERT INTO aanwezigheid (match_id, player_id, status) VALUES ('749ce462-c7f4-4555-a80e-4a2403520d97', '2dacb871-5105-4cb9-a30f-9fc2c7870ad3', 'volledig') ON CONFLICT DO NOTHING;
INSERT INTO aanwezigheid (match_id, player_id, status) VALUES ('652dba05-c115-4686-8538-9b0bfc20f603', '2dacb871-5105-4cb9-a30f-9fc2c7870ad3', 'volledig') ON CONFLICT DO NOTHING;
INSERT INTO aanwezigheid (match_id, player_id, status) VALUES ('95ea4773-549a-49a9-88a8-a26a8b40440f', '2dacb871-5105-4cb9-a30f-9fc2c7870ad3', 'volledig') ON CONFLICT DO NOTHING;
INSERT INTO aanwezigheid (match_id, player_id, status) VALUES ('acbb7c79-8d9c-424a-bd8d-cebb8fb604a2', '2dacb871-5105-4cb9-a30f-9fc2c7870ad3', 'volledig') ON CONFLICT DO NOTHING;
INSERT INTO aanwezigheid (match_id, player_id, status) VALUES ('d0371d5d-8e66-46a0-a9fa-f9285d59a674', '2dacb871-5105-4cb9-a30f-9fc2c7870ad3', 'volledig') ON CONFLICT DO NOTHING;
INSERT INTO aanwezigheid (match_id, player_id, status) VALUES ('b4186f86-81fc-46ee-bef2-15c033bd4ff2', '2dacb871-5105-4cb9-a30f-9fc2c7870ad3', 'afwezig') ON CONFLICT DO NOTHING;
INSERT INTO aanwezigheid (match_id, player_id, status) VALUES ('1834c8af-5657-4307-b044-aef1be75fcf2', '2dacb871-5105-4cb9-a30f-9fc2c7870ad3', 'volledig') ON CONFLICT DO NOTHING;
INSERT INTO aanwezigheid (match_id, player_id, status) VALUES ('fbb756a0-e19e-4e9c-bb8a-37880c4eb911', '2dacb871-5105-4cb9-a30f-9fc2c7870ad3', 'afwezig') ON CONFLICT DO NOTHING;
INSERT INTO aanwezigheid (match_id, player_id, status) VALUES ('1ebb4adb-c04e-4ab2-a735-942ec6dc2d2b', '2dacb871-5105-4cb9-a30f-9fc2c7870ad3', 'volledig') ON CONFLICT DO NOTHING;
INSERT INTO aanwezigheid (match_id, player_id, status) VALUES ('ff80ac7a-e4f4-4c33-97f9-ddd8bc3a85d0', '75aec47d-812c-4899-a8db-2b64a43ef098', 'volledig') ON CONFLICT DO NOTHING;
INSERT INTO aanwezigheid (match_id, player_id, status) VALUES ('14660efe-00dd-4810-aa43-8f0adb23680c', '75aec47d-812c-4899-a8db-2b64a43ef098', 'volledig') ON CONFLICT DO NOTHING;
INSERT INTO aanwezigheid (match_id, player_id, status) VALUES ('2c0c8319-4f56-46fa-b919-52202fe190c4', '75aec47d-812c-4899-a8db-2b64a43ef098', 'volledig') ON CONFLICT DO NOTHING;
INSERT INTO aanwezigheid (match_id, player_id, status) VALUES ('7870e4c9-ad0c-4be3-8319-861141d931f3', '75aec47d-812c-4899-a8db-2b64a43ef098', 'volledig') ON CONFLICT DO NOTHING;
INSERT INTO aanwezigheid (match_id, player_id, status) VALUES ('287dfbff-2560-46f8-aec3-a059c73ae371', '75aec47d-812c-4899-a8db-2b64a43ef098', 'volledig') ON CONFLICT DO NOTHING;
INSERT INTO aanwezigheid (match_id, player_id, status) VALUES ('99d9ecf3-7d32-40db-9a9e-761465d10ae8', '75aec47d-812c-4899-a8db-2b64a43ef098', 'volledig') ON CONFLICT DO NOTHING;
INSERT INTO aanwezigheid (match_id, player_id, status) VALUES ('e70473a2-c1b2-486b-96b7-c3ad473eb5a9', '75aec47d-812c-4899-a8db-2b64a43ef098', 'volledig') ON CONFLICT DO NOTHING;
INSERT INTO aanwezigheid (match_id, player_id, status) VALUES ('f971abfc-aae8-41eb-b021-2038a7835b8d', '75aec47d-812c-4899-a8db-2b64a43ef098', 'volledig') ON CONFLICT DO NOTHING;
INSERT INTO aanwezigheid (match_id, player_id, status) VALUES ('9241c341-df4e-4b76-9113-397c0522d8a6', '75aec47d-812c-4899-a8db-2b64a43ef098', 'volledig') ON CONFLICT DO NOTHING;
INSERT INTO aanwezigheid (match_id, player_id, status) VALUES ('ddf2d26a-89c7-40e9-980c-dafdf29613b1', '75aec47d-812c-4899-a8db-2b64a43ef098', 'afwezig') ON CONFLICT DO NOTHING;
INSERT INTO aanwezigheid (match_id, player_id, status) VALUES ('749ce462-c7f4-4555-a80e-4a2403520d97', '75aec47d-812c-4899-a8db-2b64a43ef098', 'volledig') ON CONFLICT DO NOTHING;
INSERT INTO aanwezigheid (match_id, player_id, status) VALUES ('652dba05-c115-4686-8538-9b0bfc20f603', '75aec47d-812c-4899-a8db-2b64a43ef098', 'volledig') ON CONFLICT DO NOTHING;
INSERT INTO aanwezigheid (match_id, player_id, status) VALUES ('95ea4773-549a-49a9-88a8-a26a8b40440f', '75aec47d-812c-4899-a8db-2b64a43ef098', 'volledig') ON CONFLICT DO NOTHING;
INSERT INTO aanwezigheid (match_id, player_id, status) VALUES ('acbb7c79-8d9c-424a-bd8d-cebb8fb604a2', '75aec47d-812c-4899-a8db-2b64a43ef098', 'volledig') ON CONFLICT DO NOTHING;
INSERT INTO aanwezigheid (match_id, player_id, status) VALUES ('d0371d5d-8e66-46a0-a9fa-f9285d59a674', '75aec47d-812c-4899-a8db-2b64a43ef098', 'volledig') ON CONFLICT DO NOTHING;
INSERT INTO aanwezigheid (match_id, player_id, status) VALUES ('b4186f86-81fc-46ee-bef2-15c033bd4ff2', '75aec47d-812c-4899-a8db-2b64a43ef098', 'afwezig') ON CONFLICT DO NOTHING;
INSERT INTO aanwezigheid (match_id, player_id, status) VALUES ('1834c8af-5657-4307-b044-aef1be75fcf2', '75aec47d-812c-4899-a8db-2b64a43ef098', 'afwezig') ON CONFLICT DO NOTHING;
INSERT INTO aanwezigheid (match_id, player_id, status) VALUES ('fbb756a0-e19e-4e9c-bb8a-37880c4eb911', '75aec47d-812c-4899-a8db-2b64a43ef098', 'volledig') ON CONFLICT DO NOTHING;
INSERT INTO aanwezigheid (match_id, player_id, status) VALUES ('1ebb4adb-c04e-4ab2-a735-942ec6dc2d2b', '75aec47d-812c-4899-a8db-2b64a43ef098', 'afwezig') ON CONFLICT DO NOTHING;
INSERT INTO aanwezigheid (match_id, player_id, status) VALUES ('ff80ac7a-e4f4-4c33-97f9-ddd8bc3a85d0', '767f223c-ed87-4ab8-93ae-f5889ea6c2bb', 'volledig') ON CONFLICT DO NOTHING;
INSERT INTO aanwezigheid (match_id, player_id, status) VALUES ('14660efe-00dd-4810-aa43-8f0adb23680c', '767f223c-ed87-4ab8-93ae-f5889ea6c2bb', 'volledig') ON CONFLICT DO NOTHING;
INSERT INTO aanwezigheid (match_id, player_id, status) VALUES ('2c0c8319-4f56-46fa-b919-52202fe190c4', '767f223c-ed87-4ab8-93ae-f5889ea6c2bb', 'volledig') ON CONFLICT DO NOTHING;
INSERT INTO aanwezigheid (match_id, player_id, status) VALUES ('57bb8410-eeea-46f4-9021-1868e15c0da1', '767f223c-ed87-4ab8-93ae-f5889ea6c2bb', 'volledig') ON CONFLICT DO NOTHING;
INSERT INTO aanwezigheid (match_id, player_id, status) VALUES ('628e7f65-309b-4c48-a667-bbcfa4618a79', '767f223c-ed87-4ab8-93ae-f5889ea6c2bb', 'volledig') ON CONFLICT DO NOTHING;
INSERT INTO aanwezigheid (match_id, player_id, status) VALUES ('7870e4c9-ad0c-4be3-8319-861141d931f3', '767f223c-ed87-4ab8-93ae-f5889ea6c2bb', 'afwezig') ON CONFLICT DO NOTHING;
INSERT INTO aanwezigheid (match_id, player_id, status) VALUES ('287dfbff-2560-46f8-aec3-a059c73ae371', '767f223c-ed87-4ab8-93ae-f5889ea6c2bb', 'volledig') ON CONFLICT DO NOTHING;
INSERT INTO aanwezigheid (match_id, player_id, status) VALUES ('99d9ecf3-7d32-40db-9a9e-761465d10ae8', '767f223c-ed87-4ab8-93ae-f5889ea6c2bb', 'volledig') ON CONFLICT DO NOTHING;
INSERT INTO aanwezigheid (match_id, player_id, status) VALUES ('9241c341-df4e-4b76-9113-397c0522d8a6', '767f223c-ed87-4ab8-93ae-f5889ea6c2bb', 'volledig') ON CONFLICT DO NOTHING;
INSERT INTO aanwezigheid (match_id, player_id, status) VALUES ('ddf2d26a-89c7-40e9-980c-dafdf29613b1', '767f223c-ed87-4ab8-93ae-f5889ea6c2bb', 'volledig') ON CONFLICT DO NOTHING;
INSERT INTO aanwezigheid (match_id, player_id, status) VALUES ('749ce462-c7f4-4555-a80e-4a2403520d97', '767f223c-ed87-4ab8-93ae-f5889ea6c2bb', 'afwezig') ON CONFLICT DO NOTHING;
INSERT INTO aanwezigheid (match_id, player_id, status) VALUES ('652dba05-c115-4686-8538-9b0bfc20f603', '767f223c-ed87-4ab8-93ae-f5889ea6c2bb', 'volledig') ON CONFLICT DO NOTHING;
INSERT INTO aanwezigheid (match_id, player_id, status) VALUES ('95ea4773-549a-49a9-88a8-a26a8b40440f', '767f223c-ed87-4ab8-93ae-f5889ea6c2bb', 'volledig') ON CONFLICT DO NOTHING;
INSERT INTO aanwezigheid (match_id, player_id, status) VALUES ('acbb7c79-8d9c-424a-bd8d-cebb8fb604a2', '767f223c-ed87-4ab8-93ae-f5889ea6c2bb', 'volledig') ON CONFLICT DO NOTHING;
INSERT INTO aanwezigheid (match_id, player_id, status) VALUES ('b4186f86-81fc-46ee-bef2-15c033bd4ff2', '767f223c-ed87-4ab8-93ae-f5889ea6c2bb', 'volledig') ON CONFLICT DO NOTHING;
INSERT INTO aanwezigheid (match_id, player_id, status) VALUES ('fbb756a0-e19e-4e9c-bb8a-37880c4eb911', '767f223c-ed87-4ab8-93ae-f5889ea6c2bb', 'afwezig') ON CONFLICT DO NOTHING;
INSERT INTO aanwezigheid (match_id, player_id, status) VALUES ('ff80ac7a-e4f4-4c33-97f9-ddd8bc3a85d0', '23c489b4-ab3d-41f2-b2ef-61ca76e9edb1', 'volledig') ON CONFLICT DO NOTHING;
INSERT INTO aanwezigheid (match_id, player_id, status) VALUES ('14660efe-00dd-4810-aa43-8f0adb23680c', '23c489b4-ab3d-41f2-b2ef-61ca76e9edb1', 'volledig') ON CONFLICT DO NOTHING;
INSERT INTO aanwezigheid (match_id, player_id, status) VALUES ('2c0c8319-4f56-46fa-b919-52202fe190c4', '23c489b4-ab3d-41f2-b2ef-61ca76e9edb1', 'volledig') ON CONFLICT DO NOTHING;
INSERT INTO aanwezigheid (match_id, player_id, status) VALUES ('57bb8410-eeea-46f4-9021-1868e15c0da1', '23c489b4-ab3d-41f2-b2ef-61ca76e9edb1', 'volledig') ON CONFLICT DO NOTHING;
INSERT INTO aanwezigheid (match_id, player_id, status) VALUES ('7870e4c9-ad0c-4be3-8319-861141d931f3', '23c489b4-ab3d-41f2-b2ef-61ca76e9edb1', 'volledig') ON CONFLICT DO NOTHING;
INSERT INTO aanwezigheid (match_id, player_id, status) VALUES ('287dfbff-2560-46f8-aec3-a059c73ae371', '23c489b4-ab3d-41f2-b2ef-61ca76e9edb1', 'afwezig') ON CONFLICT DO NOTHING;
INSERT INTO aanwezigheid (match_id, player_id, status) VALUES ('e70473a2-c1b2-486b-96b7-c3ad473eb5a9', '23c489b4-ab3d-41f2-b2ef-61ca76e9edb1', 'toeschouwer') ON CONFLICT DO NOTHING;
INSERT INTO aanwezigheid (match_id, player_id, status) VALUES ('9241c341-df4e-4b76-9113-397c0522d8a6', '23c489b4-ab3d-41f2-b2ef-61ca76e9edb1', 'toeschouwer') ON CONFLICT DO NOTHING;
INSERT INTO aanwezigheid (match_id, player_id, status) VALUES ('ddf2d26a-89c7-40e9-980c-dafdf29613b1', '23c489b4-ab3d-41f2-b2ef-61ca76e9edb1', 'toeschouwer') ON CONFLICT DO NOTHING;
INSERT INTO aanwezigheid (match_id, player_id, status) VALUES ('749ce462-c7f4-4555-a80e-4a2403520d97', '23c489b4-ab3d-41f2-b2ef-61ca76e9edb1', 'toeschouwer') ON CONFLICT DO NOTHING;
INSERT INTO aanwezigheid (match_id, player_id, status) VALUES ('95ea4773-549a-49a9-88a8-a26a8b40440f', '23c489b4-ab3d-41f2-b2ef-61ca76e9edb1', 'afwezig') ON CONFLICT DO NOTHING;
INSERT INTO aanwezigheid (match_id, player_id, status) VALUES ('d0371d5d-8e66-46a0-a9fa-f9285d59a674', '23c489b4-ab3d-41f2-b2ef-61ca76e9edb1', 'volledig') ON CONFLICT DO NOTHING;
INSERT INTO aanwezigheid (match_id, player_id, status) VALUES ('b4186f86-81fc-46ee-bef2-15c033bd4ff2', '23c489b4-ab3d-41f2-b2ef-61ca76e9edb1', 'toeschouwer') ON CONFLICT DO NOTHING;
INSERT INTO aanwezigheid (match_id, player_id, status) VALUES ('1834c8af-5657-4307-b044-aef1be75fcf2', '23c489b4-ab3d-41f2-b2ef-61ca76e9edb1', 'volledig') ON CONFLICT DO NOTHING;
INSERT INTO aanwezigheid (match_id, player_id, status) VALUES ('fbb756a0-e19e-4e9c-bb8a-37880c4eb911', '23c489b4-ab3d-41f2-b2ef-61ca76e9edb1', 'volledig') ON CONFLICT DO NOTHING;
INSERT INTO aanwezigheid (match_id, player_id, status) VALUES ('14660efe-00dd-4810-aa43-8f0adb23680c', '4ee424fc-e545-4ca2-8bbc-c516edec4f3d', 'volledig') ON CONFLICT DO NOTHING;
INSERT INTO aanwezigheid (match_id, player_id, status) VALUES ('57bb8410-eeea-46f4-9021-1868e15c0da1', '4ee424fc-e545-4ca2-8bbc-c516edec4f3d', 'volledig') ON CONFLICT DO NOTHING;
INSERT INTO aanwezigheid (match_id, player_id, status) VALUES ('628e7f65-309b-4c48-a667-bbcfa4618a79', '4ee424fc-e545-4ca2-8bbc-c516edec4f3d', 'volledig') ON CONFLICT DO NOTHING;
INSERT INTO aanwezigheid (match_id, player_id, status) VALUES ('7870e4c9-ad0c-4be3-8319-861141d931f3', '4ee424fc-e545-4ca2-8bbc-c516edec4f3d', 'volledig') ON CONFLICT DO NOTHING;
INSERT INTO aanwezigheid (match_id, player_id, status) VALUES ('287dfbff-2560-46f8-aec3-a059c73ae371', '4ee424fc-e545-4ca2-8bbc-c516edec4f3d', 'volledig') ON CONFLICT DO NOTHING;
INSERT INTO aanwezigheid (match_id, player_id, status) VALUES ('99d9ecf3-7d32-40db-9a9e-761465d10ae8', '4ee424fc-e545-4ca2-8bbc-c516edec4f3d', 'volledig') ON CONFLICT DO NOTHING;
INSERT INTO aanwezigheid (match_id, player_id, status) VALUES ('e70473a2-c1b2-486b-96b7-c3ad473eb5a9', '4ee424fc-e545-4ca2-8bbc-c516edec4f3d', 'afwezig') ON CONFLICT DO NOTHING;
INSERT INTO aanwezigheid (match_id, player_id, status) VALUES ('f971abfc-aae8-41eb-b021-2038a7835b8d', '4ee424fc-e545-4ca2-8bbc-c516edec4f3d', 'volledig') ON CONFLICT DO NOTHING;
INSERT INTO aanwezigheid (match_id, player_id, status) VALUES ('9241c341-df4e-4b76-9113-397c0522d8a6', '4ee424fc-e545-4ca2-8bbc-c516edec4f3d', 'volledig') ON CONFLICT DO NOTHING;
INSERT INTO aanwezigheid (match_id, player_id, status) VALUES ('ddf2d26a-89c7-40e9-980c-dafdf29613b1', '4ee424fc-e545-4ca2-8bbc-c516edec4f3d', 'volledig') ON CONFLICT DO NOTHING;
INSERT INTO aanwezigheid (match_id, player_id, status) VALUES ('749ce462-c7f4-4555-a80e-4a2403520d97', '4ee424fc-e545-4ca2-8bbc-c516edec4f3d', 'afwezig') ON CONFLICT DO NOTHING;
INSERT INTO aanwezigheid (match_id, player_id, status) VALUES ('652dba05-c115-4686-8538-9b0bfc20f603', '4ee424fc-e545-4ca2-8bbc-c516edec4f3d', 'volledig') ON CONFLICT DO NOTHING;
INSERT INTO aanwezigheid (match_id, player_id, status) VALUES ('b4186f86-81fc-46ee-bef2-15c033bd4ff2', '4ee424fc-e545-4ca2-8bbc-c516edec4f3d', 'afwezig') ON CONFLICT DO NOTHING;
INSERT INTO aanwezigheid (match_id, player_id, status) VALUES ('1834c8af-5657-4307-b044-aef1be75fcf2', '4ee424fc-e545-4ca2-8bbc-c516edec4f3d', 'volledig') ON CONFLICT DO NOTHING;
INSERT INTO aanwezigheid (match_id, player_id, status) VALUES ('1ebb4adb-c04e-4ab2-a735-942ec6dc2d2b', '4ee424fc-e545-4ca2-8bbc-c516edec4f3d', 'volledig') ON CONFLICT DO NOTHING;
INSERT INTO aanwezigheid (match_id, player_id, status) VALUES ('57bb8410-eeea-46f4-9021-1868e15c0da1', 'd45fb0a6-6b26-4271-aa16-c02c88b28c22', 'volledig') ON CONFLICT DO NOTHING;
INSERT INTO aanwezigheid (match_id, player_id, status) VALUES ('628e7f65-309b-4c48-a667-bbcfa4618a79', 'd45fb0a6-6b26-4271-aa16-c02c88b28c22', 'afwezig') ON CONFLICT DO NOTHING;
INSERT INTO aanwezigheid (match_id, player_id, status) VALUES ('7870e4c9-ad0c-4be3-8319-861141d931f3', 'd45fb0a6-6b26-4271-aa16-c02c88b28c22', 'afwezig') ON CONFLICT DO NOTHING;
INSERT INTO aanwezigheid (match_id, player_id, status) VALUES ('99d9ecf3-7d32-40db-9a9e-761465d10ae8', 'd45fb0a6-6b26-4271-aa16-c02c88b28c22', 'volledig') ON CONFLICT DO NOTHING;
INSERT INTO aanwezigheid (match_id, player_id, status) VALUES ('ddf2d26a-89c7-40e9-980c-dafdf29613b1', 'd45fb0a6-6b26-4271-aa16-c02c88b28c22', 'volledig') ON CONFLICT DO NOTHING;
INSERT INTO aanwezigheid (match_id, player_id, status) VALUES ('749ce462-c7f4-4555-a80e-4a2403520d97', 'd45fb0a6-6b26-4271-aa16-c02c88b28c22', 'volledig') ON CONFLICT DO NOTHING;
INSERT INTO aanwezigheid (match_id, player_id, status) VALUES ('652dba05-c115-4686-8538-9b0bfc20f603', 'd45fb0a6-6b26-4271-aa16-c02c88b28c22', 'volledig') ON CONFLICT DO NOTHING;
INSERT INTO aanwezigheid (match_id, player_id, status) VALUES ('95ea4773-549a-49a9-88a8-a26a8b40440f', 'd45fb0a6-6b26-4271-aa16-c02c88b28c22', 'volledig') ON CONFLICT DO NOTHING;
INSERT INTO aanwezigheid (match_id, player_id, status) VALUES ('acbb7c79-8d9c-424a-bd8d-cebb8fb604a2', 'd45fb0a6-6b26-4271-aa16-c02c88b28c22', 'volledig') ON CONFLICT DO NOTHING;
INSERT INTO aanwezigheid (match_id, player_id, status) VALUES ('b4186f86-81fc-46ee-bef2-15c033bd4ff2', 'd45fb0a6-6b26-4271-aa16-c02c88b28c22', 'toeschouwer') ON CONFLICT DO NOTHING;
INSERT INTO aanwezigheid (match_id, player_id, status) VALUES ('1834c8af-5657-4307-b044-aef1be75fcf2', 'd45fb0a6-6b26-4271-aa16-c02c88b28c22', 'volledig') ON CONFLICT DO NOTHING;
INSERT INTO aanwezigheid (match_id, player_id, status) VALUES ('fbb756a0-e19e-4e9c-bb8a-37880c4eb911', 'd45fb0a6-6b26-4271-aa16-c02c88b28c22', 'afwezig') ON CONFLICT DO NOTHING;
INSERT INTO aanwezigheid (match_id, player_id, status) VALUES ('1ebb4adb-c04e-4ab2-a735-942ec6dc2d2b', 'd45fb0a6-6b26-4271-aa16-c02c88b28c22', 'volledig') ON CONFLICT DO NOTHING;
INSERT INTO aanwezigheid (match_id, player_id, status) VALUES ('14660efe-00dd-4810-aa43-8f0adb23680c', '2995e934-f5a4-4076-ae32-0e02728e600a', 'volledig') ON CONFLICT DO NOTHING;
INSERT INTO aanwezigheid (match_id, player_id, status) VALUES ('57bb8410-eeea-46f4-9021-1868e15c0da1', '2995e934-f5a4-4076-ae32-0e02728e600a', 'afwezig') ON CONFLICT DO NOTHING;
INSERT INTO aanwezigheid (match_id, player_id, status) VALUES ('7870e4c9-ad0c-4be3-8319-861141d931f3', '2995e934-f5a4-4076-ae32-0e02728e600a', 'volledig') ON CONFLICT DO NOTHING;
INSERT INTO aanwezigheid (match_id, player_id, status) VALUES ('287dfbff-2560-46f8-aec3-a059c73ae371', '2995e934-f5a4-4076-ae32-0e02728e600a', 'toeschouwer') ON CONFLICT DO NOTHING;
INSERT INTO aanwezigheid (match_id, player_id, status) VALUES ('e70473a2-c1b2-486b-96b7-c3ad473eb5a9', '2995e934-f5a4-4076-ae32-0e02728e600a', 'afwezig') ON CONFLICT DO NOTHING;
INSERT INTO aanwezigheid (match_id, player_id, status) VALUES ('f971abfc-aae8-41eb-b021-2038a7835b8d', '2995e934-f5a4-4076-ae32-0e02728e600a', 'volledig') ON CONFLICT DO NOTHING;
INSERT INTO aanwezigheid (match_id, player_id, status) VALUES ('9241c341-df4e-4b76-9113-397c0522d8a6', '2995e934-f5a4-4076-ae32-0e02728e600a', 'volledig') ON CONFLICT DO NOTHING;
INSERT INTO aanwezigheid (match_id, player_id, status) VALUES ('ddf2d26a-89c7-40e9-980c-dafdf29613b1', '2995e934-f5a4-4076-ae32-0e02728e600a', 'volledig') ON CONFLICT DO NOTHING;
INSERT INTO aanwezigheid (match_id, player_id, status) VALUES ('749ce462-c7f4-4555-a80e-4a2403520d97', '2995e934-f5a4-4076-ae32-0e02728e600a', 'volledig') ON CONFLICT DO NOTHING;
INSERT INTO aanwezigheid (match_id, player_id, status) VALUES ('652dba05-c115-4686-8538-9b0bfc20f603', '2995e934-f5a4-4076-ae32-0e02728e600a', 'afwezig') ON CONFLICT DO NOTHING;
INSERT INTO aanwezigheid (match_id, player_id, status) VALUES ('95ea4773-549a-49a9-88a8-a26a8b40440f', '2995e934-f5a4-4076-ae32-0e02728e600a', 'volledig') ON CONFLICT DO NOTHING;
INSERT INTO aanwezigheid (match_id, player_id, status) VALUES ('acbb7c79-8d9c-424a-bd8d-cebb8fb604a2', '2995e934-f5a4-4076-ae32-0e02728e600a', 'volledig') ON CONFLICT DO NOTHING;
INSERT INTO aanwezigheid (match_id, player_id, status) VALUES ('d0371d5d-8e66-46a0-a9fa-f9285d59a674', '2995e934-f5a4-4076-ae32-0e02728e600a', 'volledig') ON CONFLICT DO NOTHING;
INSERT INTO aanwezigheid (match_id, player_id, status) VALUES ('b4186f86-81fc-46ee-bef2-15c033bd4ff2', '2995e934-f5a4-4076-ae32-0e02728e600a', 'volledig') ON CONFLICT DO NOTHING;
INSERT INTO aanwezigheid (match_id, player_id, status) VALUES ('1834c8af-5657-4307-b044-aef1be75fcf2', '2995e934-f5a4-4076-ae32-0e02728e600a', 'afwezig') ON CONFLICT DO NOTHING;
INSERT INTO aanwezigheid (match_id, player_id, status) VALUES ('ff80ac7a-e4f4-4c33-97f9-ddd8bc3a85d0', 'db232b7c-aa0f-4295-b87a-ea5db2338730', 'afwezig') ON CONFLICT DO NOTHING;
INSERT INTO aanwezigheid (match_id, player_id, status) VALUES ('57bb8410-eeea-46f4-9021-1868e15c0da1', 'db232b7c-aa0f-4295-b87a-ea5db2338730', 'volledig') ON CONFLICT DO NOTHING;
INSERT INTO aanwezigheid (match_id, player_id, status) VALUES ('628e7f65-309b-4c48-a667-bbcfa4618a79', 'db232b7c-aa0f-4295-b87a-ea5db2338730', 'afwezig') ON CONFLICT DO NOTHING;
INSERT INTO aanwezigheid (match_id, player_id, status) VALUES ('7870e4c9-ad0c-4be3-8319-861141d931f3', 'db232b7c-aa0f-4295-b87a-ea5db2338730', 'afwezig') ON CONFLICT DO NOTHING;
INSERT INTO aanwezigheid (match_id, player_id, status) VALUES ('287dfbff-2560-46f8-aec3-a059c73ae371', 'db232b7c-aa0f-4295-b87a-ea5db2338730', 'volledig') ON CONFLICT DO NOTHING;
INSERT INTO aanwezigheid (match_id, player_id, status) VALUES ('99d9ecf3-7d32-40db-9a9e-761465d10ae8', 'db232b7c-aa0f-4295-b87a-ea5db2338730', 'volledig') ON CONFLICT DO NOTHING;
INSERT INTO aanwezigheid (match_id, player_id, status) VALUES ('e70473a2-c1b2-486b-96b7-c3ad473eb5a9', 'db232b7c-aa0f-4295-b87a-ea5db2338730', 'volledig') ON CONFLICT DO NOTHING;
INSERT INTO aanwezigheid (match_id, player_id, status) VALUES ('f971abfc-aae8-41eb-b021-2038a7835b8d', 'db232b7c-aa0f-4295-b87a-ea5db2338730', 'volledig') ON CONFLICT DO NOTHING;
INSERT INTO aanwezigheid (match_id, player_id, status) VALUES ('749ce462-c7f4-4555-a80e-4a2403520d97', 'db232b7c-aa0f-4295-b87a-ea5db2338730', 'afwezig') ON CONFLICT DO NOTHING;
INSERT INTO aanwezigheid (match_id, player_id, status) VALUES ('95ea4773-549a-49a9-88a8-a26a8b40440f', 'db232b7c-aa0f-4295-b87a-ea5db2338730', 'volledig') ON CONFLICT DO NOTHING;
INSERT INTO aanwezigheid (match_id, player_id, status) VALUES ('acbb7c79-8d9c-424a-bd8d-cebb8fb604a2', 'db232b7c-aa0f-4295-b87a-ea5db2338730', 'volledig') ON CONFLICT DO NOTHING;
INSERT INTO aanwezigheid (match_id, player_id, status) VALUES ('d0371d5d-8e66-46a0-a9fa-f9285d59a674', 'db232b7c-aa0f-4295-b87a-ea5db2338730', 'volledig') ON CONFLICT DO NOTHING;
INSERT INTO aanwezigheid (match_id, player_id, status) VALUES ('b4186f86-81fc-46ee-bef2-15c033bd4ff2', 'db232b7c-aa0f-4295-b87a-ea5db2338730', 'volledig') ON CONFLICT DO NOTHING;
INSERT INTO aanwezigheid (match_id, player_id, status) VALUES ('fbb756a0-e19e-4e9c-bb8a-37880c4eb911', 'db232b7c-aa0f-4295-b87a-ea5db2338730', 'afwezig') ON CONFLICT DO NOTHING;
INSERT INTO aanwezigheid (match_id, player_id, status) VALUES ('1ebb4adb-c04e-4ab2-a735-942ec6dc2d2b', 'db232b7c-aa0f-4295-b87a-ea5db2338730', 'volledig') ON CONFLICT DO NOTHING;
INSERT INTO aanwezigheid (match_id, player_id, status) VALUES ('ff80ac7a-e4f4-4c33-97f9-ddd8bc3a85d0', '4d88dc95-07bd-4461-be53-3a0cdb5bd43b', 'volledig') ON CONFLICT DO NOTHING;
INSERT INTO aanwezigheid (match_id, player_id, status) VALUES ('2c0c8319-4f56-46fa-b919-52202fe190c4', '4d88dc95-07bd-4461-be53-3a0cdb5bd43b', 'volledig') ON CONFLICT DO NOTHING;
INSERT INTO aanwezigheid (match_id, player_id, status) VALUES ('7870e4c9-ad0c-4be3-8319-861141d931f3', '4d88dc95-07bd-4461-be53-3a0cdb5bd43b', 'toeschouwer') ON CONFLICT DO NOTHING;
INSERT INTO aanwezigheid (match_id, player_id, status) VALUES ('287dfbff-2560-46f8-aec3-a059c73ae371', '4d88dc95-07bd-4461-be53-3a0cdb5bd43b', 'toeschouwer') ON CONFLICT DO NOTHING;
INSERT INTO aanwezigheid (match_id, player_id, status) VALUES ('e70473a2-c1b2-486b-96b7-c3ad473eb5a9', '4d88dc95-07bd-4461-be53-3a0cdb5bd43b', 'toeschouwer') ON CONFLICT DO NOTHING;
INSERT INTO aanwezigheid (match_id, player_id, status) VALUES ('f971abfc-aae8-41eb-b021-2038a7835b8d', '4d88dc95-07bd-4461-be53-3a0cdb5bd43b', 'toeschouwer') ON CONFLICT DO NOTHING;
INSERT INTO aanwezigheid (match_id, player_id, status) VALUES ('ddf2d26a-89c7-40e9-980c-dafdf29613b1', '4d88dc95-07bd-4461-be53-3a0cdb5bd43b', 'toeschouwer') ON CONFLICT DO NOTHING;
INSERT INTO aanwezigheid (match_id, player_id, status) VALUES ('749ce462-c7f4-4555-a80e-4a2403520d97', '4d88dc95-07bd-4461-be53-3a0cdb5bd43b', 'afwezig') ON CONFLICT DO NOTHING;
INSERT INTO aanwezigheid (match_id, player_id, status) VALUES ('652dba05-c115-4686-8538-9b0bfc20f603', '4d88dc95-07bd-4461-be53-3a0cdb5bd43b', 'afwezig') ON CONFLICT DO NOTHING;
INSERT INTO aanwezigheid (match_id, player_id, status) VALUES ('95ea4773-549a-49a9-88a8-a26a8b40440f', '4d88dc95-07bd-4461-be53-3a0cdb5bd43b', 'afwezig') ON CONFLICT DO NOTHING;
INSERT INTO aanwezigheid (match_id, player_id, status) VALUES ('acbb7c79-8d9c-424a-bd8d-cebb8fb604a2', '4d88dc95-07bd-4461-be53-3a0cdb5bd43b', 'volledig') ON CONFLICT DO NOTHING;
INSERT INTO aanwezigheid (match_id, player_id, status) VALUES ('d0371d5d-8e66-46a0-a9fa-f9285d59a674', '4d88dc95-07bd-4461-be53-3a0cdb5bd43b', 'volledig') ON CONFLICT DO NOTHING;
INSERT INTO aanwezigheid (match_id, player_id, status) VALUES ('b4186f86-81fc-46ee-bef2-15c033bd4ff2', '4d88dc95-07bd-4461-be53-3a0cdb5bd43b', 'afwezig') ON CONFLICT DO NOTHING;
INSERT INTO aanwezigheid (match_id, player_id, status) VALUES ('1834c8af-5657-4307-b044-aef1be75fcf2', '4d88dc95-07bd-4461-be53-3a0cdb5bd43b', 'volledig') ON CONFLICT DO NOTHING;
INSERT INTO aanwezigheid (match_id, player_id, status) VALUES ('fbb756a0-e19e-4e9c-bb8a-37880c4eb911', '4d88dc95-07bd-4461-be53-3a0cdb5bd43b', 'volledig') ON CONFLICT DO NOTHING;
INSERT INTO aanwezigheid (match_id, player_id, status) VALUES ('ff80ac7a-e4f4-4c33-97f9-ddd8bc3a85d0', '19792ac8-88f6-4a8b-9868-3b0b7184ae85', 'afwezig') ON CONFLICT DO NOTHING;
INSERT INTO aanwezigheid (match_id, player_id, status) VALUES ('14660efe-00dd-4810-aa43-8f0adb23680c', '19792ac8-88f6-4a8b-9868-3b0b7184ae85', 'afwezig') ON CONFLICT DO NOTHING;
INSERT INTO aanwezigheid (match_id, player_id, status) VALUES ('57bb8410-eeea-46f4-9021-1868e15c0da1', '19792ac8-88f6-4a8b-9868-3b0b7184ae85', 'toeschouwer') ON CONFLICT DO NOTHING;
INSERT INTO aanwezigheid (match_id, player_id, status) VALUES ('628e7f65-309b-4c48-a667-bbcfa4618a79', '19792ac8-88f6-4a8b-9868-3b0b7184ae85', 'volledig') ON CONFLICT DO NOTHING;
INSERT INTO aanwezigheid (match_id, player_id, status) VALUES ('7870e4c9-ad0c-4be3-8319-861141d931f3', '19792ac8-88f6-4a8b-9868-3b0b7184ae85', 'afwezig') ON CONFLICT DO NOTHING;
INSERT INTO aanwezigheid (match_id, player_id, status) VALUES ('287dfbff-2560-46f8-aec3-a059c73ae371', '19792ac8-88f6-4a8b-9868-3b0b7184ae85', 'volledig') ON CONFLICT DO NOTHING;
INSERT INTO aanwezigheid (match_id, player_id, status) VALUES ('e70473a2-c1b2-486b-96b7-c3ad473eb5a9', '19792ac8-88f6-4a8b-9868-3b0b7184ae85', 'volledig') ON CONFLICT DO NOTHING;
INSERT INTO aanwezigheid (match_id, player_id, status) VALUES ('f971abfc-aae8-41eb-b021-2038a7835b8d', '19792ac8-88f6-4a8b-9868-3b0b7184ae85', 'volledig') ON CONFLICT DO NOTHING;
INSERT INTO aanwezigheid (match_id, player_id, status) VALUES ('749ce462-c7f4-4555-a80e-4a2403520d97', '19792ac8-88f6-4a8b-9868-3b0b7184ae85', 'afwezig') ON CONFLICT DO NOTHING;
INSERT INTO aanwezigheid (match_id, player_id, status) VALUES ('652dba05-c115-4686-8538-9b0bfc20f603', '19792ac8-88f6-4a8b-9868-3b0b7184ae85', 'volledig') ON CONFLICT DO NOTHING;
INSERT INTO aanwezigheid (match_id, player_id, status) VALUES ('b4186f86-81fc-46ee-bef2-15c033bd4ff2', '19792ac8-88f6-4a8b-9868-3b0b7184ae85', 'toeschouwer') ON CONFLICT DO NOTHING;
INSERT INTO aanwezigheid (match_id, player_id, status) VALUES ('1834c8af-5657-4307-b044-aef1be75fcf2', '19792ac8-88f6-4a8b-9868-3b0b7184ae85', 'afwezig') ON CONFLICT DO NOTHING;
INSERT INTO aanwezigheid (match_id, player_id, status) VALUES ('fbb756a0-e19e-4e9c-bb8a-37880c4eb911', '19792ac8-88f6-4a8b-9868-3b0b7184ae85', 'afwezig') ON CONFLICT DO NOTHING;
INSERT INTO aanwezigheid (match_id, player_id, status) VALUES ('1ebb4adb-c04e-4ab2-a735-942ec6dc2d2b', '19792ac8-88f6-4a8b-9868-3b0b7184ae85', 'afwezig') ON CONFLICT DO NOTHING;
INSERT INTO aanwezigheid (match_id, player_id, status) VALUES ('ff80ac7a-e4f4-4c33-97f9-ddd8bc3a85d0', 'feb5a1e3-c509-4833-aacf-4d70aae2f260', 'volledig') ON CONFLICT DO NOTHING;
INSERT INTO aanwezigheid (match_id, player_id, status) VALUES ('14660efe-00dd-4810-aa43-8f0adb23680c', 'feb5a1e3-c509-4833-aacf-4d70aae2f260', 'volledig') ON CONFLICT DO NOTHING;
INSERT INTO aanwezigheid (match_id, player_id, status) VALUES ('57bb8410-eeea-46f4-9021-1868e15c0da1', 'feb5a1e3-c509-4833-aacf-4d70aae2f260', 'volledig') ON CONFLICT DO NOTHING;
INSERT INTO aanwezigheid (match_id, player_id, status) VALUES ('628e7f65-309b-4c48-a667-bbcfa4618a79', 'feb5a1e3-c509-4833-aacf-4d70aae2f260', 'volledig') ON CONFLICT DO NOTHING;
INSERT INTO aanwezigheid (match_id, player_id, status) VALUES ('287dfbff-2560-46f8-aec3-a059c73ae371', 'feb5a1e3-c509-4833-aacf-4d70aae2f260', 'volledig') ON CONFLICT DO NOTHING;
INSERT INTO aanwezigheid (match_id, player_id, status) VALUES ('99d9ecf3-7d32-40db-9a9e-761465d10ae8', 'feb5a1e3-c509-4833-aacf-4d70aae2f260', 'volledig') ON CONFLICT DO NOTHING;
INSERT INTO aanwezigheid (match_id, player_id, status) VALUES ('e70473a2-c1b2-486b-96b7-c3ad473eb5a9', 'feb5a1e3-c509-4833-aacf-4d70aae2f260', 'volledig') ON CONFLICT DO NOTHING;
INSERT INTO aanwezigheid (match_id, player_id, status) VALUES ('f971abfc-aae8-41eb-b021-2038a7835b8d', 'feb5a1e3-c509-4833-aacf-4d70aae2f260', 'volledig') ON CONFLICT DO NOTHING;
INSERT INTO aanwezigheid (match_id, player_id, status) VALUES ('ddf2d26a-89c7-40e9-980c-dafdf29613b1', 'feb5a1e3-c509-4833-aacf-4d70aae2f260', 'volledig') ON CONFLICT DO NOTHING;
INSERT INTO aanwezigheid (match_id, player_id, status) VALUES ('b4186f86-81fc-46ee-bef2-15c033bd4ff2', 'feb5a1e3-c509-4833-aacf-4d70aae2f260', 'afwezig') ON CONFLICT DO NOTHING;
INSERT INTO aanwezigheid (match_id, player_id, status) VALUES ('1834c8af-5657-4307-b044-aef1be75fcf2', 'feb5a1e3-c509-4833-aacf-4d70aae2f260', 'volledig') ON CONFLICT DO NOTHING;
INSERT INTO aanwezigheid (match_id, player_id, status) VALUES ('fbb756a0-e19e-4e9c-bb8a-37880c4eb911', 'feb5a1e3-c509-4833-aacf-4d70aae2f260', 'afwezig') ON CONFLICT DO NOTHING;
INSERT INTO aanwezigheid (match_id, player_id, status) VALUES ('1ebb4adb-c04e-4ab2-a735-942ec6dc2d2b', 'feb5a1e3-c509-4833-aacf-4d70aae2f260', 'volledig') ON CONFLICT DO NOTHING;
INSERT INTO aanwezigheid (match_id, player_id, status) VALUES ('ff80ac7a-e4f4-4c33-97f9-ddd8bc3a85d0', '34d80d7f-1327-4839-8dec-889398b9737b', 'volledig') ON CONFLICT DO NOTHING;
INSERT INTO aanwezigheid (match_id, player_id, status) VALUES ('14660efe-00dd-4810-aa43-8f0adb23680c', '34d80d7f-1327-4839-8dec-889398b9737b', 'volledig') ON CONFLICT DO NOTHING;
INSERT INTO aanwezigheid (match_id, player_id, status) VALUES ('628e7f65-309b-4c48-a667-bbcfa4618a79', '34d80d7f-1327-4839-8dec-889398b9737b', 'volledig') ON CONFLICT DO NOTHING;
INSERT INTO aanwezigheid (match_id, player_id, status) VALUES ('287dfbff-2560-46f8-aec3-a059c73ae371', '34d80d7f-1327-4839-8dec-889398b9737b', 'afwezig') ON CONFLICT DO NOTHING;
INSERT INTO aanwezigheid (match_id, player_id, status) VALUES ('99d9ecf3-7d32-40db-9a9e-761465d10ae8', '34d80d7f-1327-4839-8dec-889398b9737b', 'volledig') ON CONFLICT DO NOTHING;
INSERT INTO aanwezigheid (match_id, player_id, status) VALUES ('e70473a2-c1b2-486b-96b7-c3ad473eb5a9', '34d80d7f-1327-4839-8dec-889398b9737b', 'volledig') ON CONFLICT DO NOTHING;
INSERT INTO aanwezigheid (match_id, player_id, status) VALUES ('ddf2d26a-89c7-40e9-980c-dafdf29613b1', '34d80d7f-1327-4839-8dec-889398b9737b', 'afwezig') ON CONFLICT DO NOTHING;
INSERT INTO aanwezigheid (match_id, player_id, status) VALUES ('749ce462-c7f4-4555-a80e-4a2403520d97', '34d80d7f-1327-4839-8dec-889398b9737b', 'volledig') ON CONFLICT DO NOTHING;
INSERT INTO aanwezigheid (match_id, player_id, status) VALUES ('652dba05-c115-4686-8538-9b0bfc20f603', '34d80d7f-1327-4839-8dec-889398b9737b', 'volledig') ON CONFLICT DO NOTHING;
INSERT INTO aanwezigheid (match_id, player_id, status) VALUES ('95ea4773-549a-49a9-88a8-a26a8b40440f', '34d80d7f-1327-4839-8dec-889398b9737b', 'volledig') ON CONFLICT DO NOTHING;
INSERT INTO aanwezigheid (match_id, player_id, status) VALUES ('d0371d5d-8e66-46a0-a9fa-f9285d59a674', '34d80d7f-1327-4839-8dec-889398b9737b', 'afwezig') ON CONFLICT DO NOTHING;
INSERT INTO aanwezigheid (match_id, player_id, status) VALUES ('b4186f86-81fc-46ee-bef2-15c033bd4ff2', '34d80d7f-1327-4839-8dec-889398b9737b', 'toeschouwer') ON CONFLICT DO NOTHING;
INSERT INTO aanwezigheid (match_id, player_id, status) VALUES ('fbb756a0-e19e-4e9c-bb8a-37880c4eb911', '34d80d7f-1327-4839-8dec-889398b9737b', 'afwezig') ON CONFLICT DO NOTHING;
INSERT INTO aanwezigheid (match_id, player_id, status) VALUES ('ff80ac7a-e4f4-4c33-97f9-ddd8bc3a85d0', 'b368cd89-d75e-4d9e-9033-e1257f856bd2', 'toeschouwer') ON CONFLICT DO NOTHING;
INSERT INTO aanwezigheid (match_id, player_id, status) VALUES ('7870e4c9-ad0c-4be3-8319-861141d931f3', 'b368cd89-d75e-4d9e-9033-e1257f856bd2', 'volledig') ON CONFLICT DO NOTHING;
INSERT INTO aanwezigheid (match_id, player_id, status) VALUES ('287dfbff-2560-46f8-aec3-a059c73ae371', 'b368cd89-d75e-4d9e-9033-e1257f856bd2', 'afwezig') ON CONFLICT DO NOTHING;
INSERT INTO aanwezigheid (match_id, player_id, status) VALUES ('99d9ecf3-7d32-40db-9a9e-761465d10ae8', 'b368cd89-d75e-4d9e-9033-e1257f856bd2', 'volledig') ON CONFLICT DO NOTHING;
INSERT INTO aanwezigheid (match_id, player_id, status) VALUES ('9241c341-df4e-4b76-9113-397c0522d8a6', 'b368cd89-d75e-4d9e-9033-e1257f856bd2', 'volledig') ON CONFLICT DO NOTHING;
INSERT INTO aanwezigheid (match_id, player_id, status) VALUES ('749ce462-c7f4-4555-a80e-4a2403520d97', 'b368cd89-d75e-4d9e-9033-e1257f856bd2', 'afwezig') ON CONFLICT DO NOTHING;
INSERT INTO aanwezigheid (match_id, player_id, status) VALUES ('652dba05-c115-4686-8538-9b0bfc20f603', 'b368cd89-d75e-4d9e-9033-e1257f856bd2', 'volledig') ON CONFLICT DO NOTHING;
INSERT INTO aanwezigheid (match_id, player_id, status) VALUES ('95ea4773-549a-49a9-88a8-a26a8b40440f', 'b368cd89-d75e-4d9e-9033-e1257f856bd2', 'toeschouwer') ON CONFLICT DO NOTHING;
INSERT INTO aanwezigheid (match_id, player_id, status) VALUES ('acbb7c79-8d9c-424a-bd8d-cebb8fb604a2', 'b368cd89-d75e-4d9e-9033-e1257f856bd2', 'volledig') ON CONFLICT DO NOTHING;
INSERT INTO aanwezigheid (match_id, player_id, status) VALUES ('d0371d5d-8e66-46a0-a9fa-f9285d59a674', 'b368cd89-d75e-4d9e-9033-e1257f856bd2', 'volledig') ON CONFLICT DO NOTHING;
INSERT INTO aanwezigheid (match_id, player_id, status) VALUES ('b4186f86-81fc-46ee-bef2-15c033bd4ff2', 'b368cd89-d75e-4d9e-9033-e1257f856bd2', 'volledig') ON CONFLICT DO NOTHING;
INSERT INTO aanwezigheid (match_id, player_id, status) VALUES ('fbb756a0-e19e-4e9c-bb8a-37880c4eb911', 'b368cd89-d75e-4d9e-9033-e1257f856bd2', 'toeschouwer') ON CONFLICT DO NOTHING;
INSERT INTO aanwezigheid (match_id, player_id, status) VALUES ('2c0c8319-4f56-46fa-b919-52202fe190c4', 'c7c8347b-f2fb-44b4-8135-87dd9e62f0f8', 'volledig') ON CONFLICT DO NOTHING;
INSERT INTO aanwezigheid (match_id, player_id, status) VALUES ('628e7f65-309b-4c48-a667-bbcfa4618a79', 'c7c8347b-f2fb-44b4-8135-87dd9e62f0f8', 'volledig') ON CONFLICT DO NOTHING;
INSERT INTO aanwezigheid (match_id, player_id, status) VALUES ('7870e4c9-ad0c-4be3-8319-861141d931f3', 'c7c8347b-f2fb-44b4-8135-87dd9e62f0f8', 'volledig') ON CONFLICT DO NOTHING;
INSERT INTO aanwezigheid (match_id, player_id, status) VALUES ('287dfbff-2560-46f8-aec3-a059c73ae371', 'c7c8347b-f2fb-44b4-8135-87dd9e62f0f8', 'afwezig') ON CONFLICT DO NOTHING;
INSERT INTO aanwezigheid (match_id, player_id, status) VALUES ('e70473a2-c1b2-486b-96b7-c3ad473eb5a9', 'c7c8347b-f2fb-44b4-8135-87dd9e62f0f8', 'volledig') ON CONFLICT DO NOTHING;
INSERT INTO aanwezigheid (match_id, player_id, status) VALUES ('9241c341-df4e-4b76-9113-397c0522d8a6', 'c7c8347b-f2fb-44b4-8135-87dd9e62f0f8', 'volledig') ON CONFLICT DO NOTHING;
INSERT INTO aanwezigheid (match_id, player_id, status) VALUES ('ddf2d26a-89c7-40e9-980c-dafdf29613b1', 'c7c8347b-f2fb-44b4-8135-87dd9e62f0f8', 'volledig') ON CONFLICT DO NOTHING;
INSERT INTO aanwezigheid (match_id, player_id, status) VALUES ('b4186f86-81fc-46ee-bef2-15c033bd4ff2', 'c7c8347b-f2fb-44b4-8135-87dd9e62f0f8', 'afwezig') ON CONFLICT DO NOTHING;
INSERT INTO aanwezigheid (match_id, player_id, status) VALUES ('1834c8af-5657-4307-b044-aef1be75fcf2', 'c7c8347b-f2fb-44b4-8135-87dd9e62f0f8', 'volledig') ON CONFLICT DO NOTHING;
INSERT INTO aanwezigheid (match_id, player_id, status) VALUES ('2c0c8319-4f56-46fa-b919-52202fe190c4', '6b321166-046b-44e4-8ebf-7e0a20b0fddd', 'volledig') ON CONFLICT DO NOTHING;
INSERT INTO aanwezigheid (match_id, player_id, status) VALUES ('57bb8410-eeea-46f4-9021-1868e15c0da1', '6b321166-046b-44e4-8ebf-7e0a20b0fddd', 'volledig') ON CONFLICT DO NOTHING;
INSERT INTO aanwezigheid (match_id, player_id, status) VALUES ('287dfbff-2560-46f8-aec3-a059c73ae371', '6b321166-046b-44e4-8ebf-7e0a20b0fddd', 'afwezig') ON CONFLICT DO NOTHING;
INSERT INTO aanwezigheid (match_id, player_id, status) VALUES ('e70473a2-c1b2-486b-96b7-c3ad473eb5a9', '6b321166-046b-44e4-8ebf-7e0a20b0fddd', 'volledig') ON CONFLICT DO NOTHING;
INSERT INTO aanwezigheid (match_id, player_id, status) VALUES ('f971abfc-aae8-41eb-b021-2038a7835b8d', '6b321166-046b-44e4-8ebf-7e0a20b0fddd', 'toeschouwer') ON CONFLICT DO NOTHING;
INSERT INTO aanwezigheid (match_id, player_id, status) VALUES ('ddf2d26a-89c7-40e9-980c-dafdf29613b1', '6b321166-046b-44e4-8ebf-7e0a20b0fddd', 'toeschouwer') ON CONFLICT DO NOTHING;
INSERT INTO aanwezigheid (match_id, player_id, status) VALUES ('749ce462-c7f4-4555-a80e-4a2403520d97', '6b321166-046b-44e4-8ebf-7e0a20b0fddd', 'toeschouwer') ON CONFLICT DO NOTHING;
INSERT INTO aanwezigheid (match_id, player_id, status) VALUES ('d0371d5d-8e66-46a0-a9fa-f9285d59a674', '6b321166-046b-44e4-8ebf-7e0a20b0fddd', 'afwezig') ON CONFLICT DO NOTHING;
INSERT INTO aanwezigheid (match_id, player_id, status) VALUES ('b4186f86-81fc-46ee-bef2-15c033bd4ff2', '6b321166-046b-44e4-8ebf-7e0a20b0fddd', 'toeschouwer') ON CONFLICT DO NOTHING;
INSERT INTO aanwezigheid (match_id, player_id, status) VALUES ('57bb8410-eeea-46f4-9021-1868e15c0da1', '32030a05-1187-4199-b02b-7b29833ab9e2', 'afwezig') ON CONFLICT DO NOTHING;
INSERT INTO aanwezigheid (match_id, player_id, status) VALUES ('628e7f65-309b-4c48-a667-bbcfa4618a79', '32030a05-1187-4199-b02b-7b29833ab9e2', 'afwezig') ON CONFLICT DO NOTHING;
INSERT INTO aanwezigheid (match_id, player_id, status) VALUES ('7870e4c9-ad0c-4be3-8319-861141d931f3', '32030a05-1187-4199-b02b-7b29833ab9e2', 'toeschouwer') ON CONFLICT DO NOTHING;
INSERT INTO aanwezigheid (match_id, player_id, status) VALUES ('287dfbff-2560-46f8-aec3-a059c73ae371', '32030a05-1187-4199-b02b-7b29833ab9e2', 'toeschouwer') ON CONFLICT DO NOTHING;
INSERT INTO aanwezigheid (match_id, player_id, status) VALUES ('e70473a2-c1b2-486b-96b7-c3ad473eb5a9', '32030a05-1187-4199-b02b-7b29833ab9e2', 'toeschouwer') ON CONFLICT DO NOTHING;
INSERT INTO aanwezigheid (match_id, player_id, status) VALUES ('f971abfc-aae8-41eb-b021-2038a7835b8d', '32030a05-1187-4199-b02b-7b29833ab9e2', 'toeschouwer') ON CONFLICT DO NOTHING;
INSERT INTO aanwezigheid (match_id, player_id, status) VALUES ('ddf2d26a-89c7-40e9-980c-dafdf29613b1', '32030a05-1187-4199-b02b-7b29833ab9e2', 'toeschouwer') ON CONFLICT DO NOTHING;
INSERT INTO aanwezigheid (match_id, player_id, status) VALUES ('749ce462-c7f4-4555-a80e-4a2403520d97', '32030a05-1187-4199-b02b-7b29833ab9e2', 'toeschouwer') ON CONFLICT DO NOTHING;
INSERT INTO aanwezigheid (match_id, player_id, status) VALUES ('1834c8af-5657-4307-b044-aef1be75fcf2', '32030a05-1187-4199-b02b-7b29833ab9e2', 'toeschouwer') ON CONFLICT DO NOTHING;
INSERT INTO aanwezigheid (match_id, player_id, status) VALUES ('2c0c8319-4f56-46fa-b919-52202fe190c4', '08d42ab8-69da-488f-9553-4bab95fd89e4', 'volledig') ON CONFLICT DO NOTHING;
INSERT INTO aanwezigheid (match_id, player_id, status) VALUES ('57bb8410-eeea-46f4-9021-1868e15c0da1', '08d42ab8-69da-488f-9553-4bab95fd89e4', 'afwezig') ON CONFLICT DO NOTHING;
INSERT INTO aanwezigheid (match_id, player_id, status) VALUES ('628e7f65-309b-4c48-a667-bbcfa4618a79', '08d42ab8-69da-488f-9553-4bab95fd89e4', 'toeschouwer') ON CONFLICT DO NOTHING;
INSERT INTO aanwezigheid (match_id, player_id, status) VALUES ('9241c341-df4e-4b76-9113-397c0522d8a6', '08d42ab8-69da-488f-9553-4bab95fd89e4', 'volledig') ON CONFLICT DO NOTHING;
INSERT INTO aanwezigheid (match_id, player_id, status) VALUES ('acbb7c79-8d9c-424a-bd8d-cebb8fb604a2', '08d42ab8-69da-488f-9553-4bab95fd89e4', 'afwezig') ON CONFLICT DO NOTHING;
INSERT INTO aanwezigheid (match_id, player_id, status) VALUES ('d0371d5d-8e66-46a0-a9fa-f9285d59a674', '08d42ab8-69da-488f-9553-4bab95fd89e4', 'afwezig') ON CONFLICT DO NOTHING;
INSERT INTO aanwezigheid (match_id, player_id, status) VALUES ('b4186f86-81fc-46ee-bef2-15c033bd4ff2', '08d42ab8-69da-488f-9553-4bab95fd89e4', 'toeschouwer') ON CONFLICT DO NOTHING;
INSERT INTO aanwezigheid (match_id, player_id, status) VALUES ('1ebb4adb-c04e-4ab2-a735-942ec6dc2d2b', '08d42ab8-69da-488f-9553-4bab95fd89e4', 'afwezig') ON CONFLICT DO NOTHING;
INSERT INTO aanwezigheid (match_id, player_id, status) VALUES ('ff80ac7a-e4f4-4c33-97f9-ddd8bc3a85d0', 'c0a0bc2b-0f04-4f18-824a-7eb2680f5fdc', 'toeschouwer') ON CONFLICT DO NOTHING;
INSERT INTO aanwezigheid (match_id, player_id, status) VALUES ('95ea4773-549a-49a9-88a8-a26a8b40440f', 'c0a0bc2b-0f04-4f18-824a-7eb2680f5fdc', 'toeschouwer') ON CONFLICT DO NOTHING;
INSERT INTO aanwezigheid (match_id, player_id, status) VALUES ('acbb7c79-8d9c-424a-bd8d-cebb8fb604a2', 'c0a0bc2b-0f04-4f18-824a-7eb2680f5fdc', 'afwezig') ON CONFLICT DO NOTHING;
INSERT INTO aanwezigheid (match_id, player_id, status) VALUES ('d0371d5d-8e66-46a0-a9fa-f9285d59a674', 'c0a0bc2b-0f04-4f18-824a-7eb2680f5fdc', 'volledig') ON CONFLICT DO NOTHING;
INSERT INTO aanwezigheid (match_id, player_id, status) VALUES ('b4186f86-81fc-46ee-bef2-15c033bd4ff2', 'c0a0bc2b-0f04-4f18-824a-7eb2680f5fdc', 'volledig') ON CONFLICT DO NOTHING;
INSERT INTO aanwezigheid (match_id, player_id, status) VALUES ('fbb756a0-e19e-4e9c-bb8a-37880c4eb911', 'c0a0bc2b-0f04-4f18-824a-7eb2680f5fdc', 'volledig') ON CONFLICT DO NOTHING;
INSERT INTO aanwezigheid (match_id, player_id, status) VALUES ('ff80ac7a-e4f4-4c33-97f9-ddd8bc3a85d0', '46e7f9db-b122-4111-a3e8-969af745d315', 'volledig') ON CONFLICT DO NOTHING;
INSERT INTO aanwezigheid (match_id, player_id, status) VALUES ('b4186f86-81fc-46ee-bef2-15c033bd4ff2', '46e7f9db-b122-4111-a3e8-969af745d315', 'afwezig') ON CONFLICT DO NOTHING;
INSERT INTO aanwezigheid (match_id, player_id, status) VALUES ('1834c8af-5657-4307-b044-aef1be75fcf2', '46e7f9db-b122-4111-a3e8-969af745d315', 'volledig') ON CONFLICT DO NOTHING;
INSERT INTO aanwezigheid (match_id, player_id, status) VALUES ('fbb756a0-e19e-4e9c-bb8a-37880c4eb911', '46e7f9db-b122-4111-a3e8-969af745d315', 'volledig') ON CONFLICT DO NOTHING;
INSERT INTO aanwezigheid (match_id, player_id, status) VALUES ('1ebb4adb-c04e-4ab2-a735-942ec6dc2d2b', '46e7f9db-b122-4111-a3e8-969af745d315', 'volledig') ON CONFLICT DO NOTHING;
INSERT INTO aanwezigheid (match_id, player_id, status) VALUES ('ff80ac7a-e4f4-4c33-97f9-ddd8bc3a85d0', '7ac4132a-d026-42d5-a0ab-bf3cb578c7a1', 'volledig') ON CONFLICT DO NOTHING;
INSERT INTO aanwezigheid (match_id, player_id, status) VALUES ('628e7f65-309b-4c48-a667-bbcfa4618a79', '7ac4132a-d026-42d5-a0ab-bf3cb578c7a1', 'volledig') ON CONFLICT DO NOTHING;
INSERT INTO aanwezigheid (match_id, player_id, status) VALUES ('749ce462-c7f4-4555-a80e-4a2403520d97', '7ac4132a-d026-42d5-a0ab-bf3cb578c7a1', 'volledig') ON CONFLICT DO NOTHING;
INSERT INTO aanwezigheid (match_id, player_id, status) VALUES ('95ea4773-549a-49a9-88a8-a26a8b40440f', '7ac4132a-d026-42d5-a0ab-bf3cb578c7a1', 'volledig') ON CONFLICT DO NOTHING;
INSERT INTO aanwezigheid (match_id, player_id, status) VALUES ('f971abfc-aae8-41eb-b021-2038a7835b8d', '508f75c6-471c-4df4-9994-30d34584625a', 'volledig') ON CONFLICT DO NOTHING;
INSERT INTO aanwezigheid (match_id, player_id, status) VALUES ('ddf2d26a-89c7-40e9-980c-dafdf29613b1', '508f75c6-471c-4df4-9994-30d34584625a', 'volledig') ON CONFLICT DO NOTHING;
INSERT INTO aanwezigheid (match_id, player_id, status) VALUES ('1ebb4adb-c04e-4ab2-a735-942ec6dc2d2b', '508f75c6-471c-4df4-9994-30d34584625a', 'afwezig') ON CONFLICT DO NOTHING;
INSERT INTO aanwezigheid (match_id, player_id, status) VALUES ('b4186f86-81fc-46ee-bef2-15c033bd4ff2', '55db8337-8403-4495-a3aa-ce85cf614885', 'afwezig') ON CONFLICT DO NOTHING;
INSERT INTO aanwezigheid (match_id, player_id, status) VALUES ('fbb756a0-e19e-4e9c-bb8a-37880c4eb911', '55db8337-8403-4495-a3aa-ce85cf614885', 'afwezig') ON CONFLICT DO NOTHING;
INSERT INTO aanwezigheid (match_id, player_id, status) VALUES ('1ebb4adb-c04e-4ab2-a735-942ec6dc2d2b', '55db8337-8403-4495-a3aa-ce85cf614885', 'volledig') ON CONFLICT DO NOTHING;
INSERT INTO aanwezigheid (match_id, player_id, status) VALUES ('14660efe-00dd-4810-aa43-8f0adb23680c', 'e7e35450-49ae-4cc2-80cb-35c4b406f478', 'afwezig') ON CONFLICT DO NOTHING;
INSERT INTO aanwezigheid (match_id, player_id, status) VALUES ('14660efe-00dd-4810-aa43-8f0adb23680c', '8f92e427-e133-463b-af0f-15e08a4d186a', 'toeschouwer') ON CONFLICT DO NOTHING;
INSERT INTO aanwezigheid (match_id, player_id, status) VALUES ('f971abfc-aae8-41eb-b021-2038a7835b8d', '575fcae1-9994-4bb0-8e99-e32a5162620a', 'volledig') ON CONFLICT DO NOTHING;
INSERT INTO aanwezigheid (match_id, player_id, status) VALUES ('f971abfc-aae8-41eb-b021-2038a7835b8d', 'feb1b4f3-f896-4b92-96e3-846e421e588e', 'volledig') ON CONFLICT DO NOTHING;

-- Wedstrijden 2022-2023
INSERT INTO matches (id, season_id, datum, tijdstip, tegenstander, score_dodeka, score_tegenstander, is_thuis) VALUES ('1b897aee-1d84-4e31-9512-f14e2086b44e', '7f16160c-5442-4536-86b4-52276f033840', '2022-08-28', '14u30', 'FC Vino', 1, 2, true);
INSERT INTO matches (id, season_id, datum, tijdstip, tegenstander, score_dodeka, score_tegenstander, is_thuis) VALUES ('7f7d8d5c-71fa-4259-a6d1-ad31cfd2c8ad', '7f16160c-5442-4536-86b4-52276f033840', '2022-09-04', '13u30', 'Eintracht Deurne', 4, 2, true);
INSERT INTO matches (id, season_id, datum, tijdstip, tegenstander, score_dodeka, score_tegenstander, is_thuis) VALUES ('65a35a60-2fc4-4c40-8119-97332cef8145', '7f16160c-5442-4536-86b4-52276f033840', '2022-09-07', '20u', 'Amber E', 1, 2, true);
INSERT INTO matches (id, season_id, datum, tijdstip, tegenstander, score_dodeka, score_tegenstander, is_thuis) VALUES ('98d12edd-489c-49a0-a915-489c93ad0079', '7f16160c-5442-4536-86b4-52276f033840', '2022-09-10', '15u', 'Benne 1980 A', 3, 3, true);
INSERT INTO matches (id, season_id, datum, tijdstip, tegenstander, score_dodeka, score_tegenstander, is_thuis) VALUES ('1050dd2f-371f-43e9-b6ff-618116e7f438', '7f16160c-5442-4536-86b4-52276f033840', '2022-09-24', '15u', 'PVC Gorillaz', 2, 2, true);
INSERT INTO matches (id, season_id, datum, tijdstip, tegenstander, score_dodeka, score_tegenstander, is_thuis) VALUES ('7623f1c1-3760-4cd2-8bdb-b56e3f7065d3', '7f16160c-5442-4536-86b4-52276f033840', '2022-10-01', '15u', 'Panda', 0, 1, true);
INSERT INTO matches (id, season_id, datum, tijdstip, tegenstander, score_dodeka, score_tegenstander, is_thuis) VALUES ('7dafd64c-f202-45b5-93e4-d9f563d1abd9', '7f16160c-5442-4536-86b4-52276f033840', '2022-10-08', '15u30', 'Eulegoem', 2, 5, true);
INSERT INTO matches (id, season_id, datum, tijdstip, tegenstander, score_dodeka, score_tegenstander, is_thuis) VALUES ('448552a2-e8eb-414b-8385-781ef9fc5efc', '7f16160c-5442-4536-86b4-52276f033840', '2022-10-15', '13u', 'Sava B', 5, 1, true);
INSERT INTO matches (id, season_id, datum, tijdstip, tegenstander, score_dodeka, score_tegenstander, is_thuis) VALUES ('e9fcc80a-25c0-4e6c-9e42-8be4a78e05ef', '7f16160c-5442-4536-86b4-52276f033840', '2022-10-22', '15u', 'De Pelikaan', 3, 3, true);
INSERT INTO matches (id, season_id, datum, tijdstip, tegenstander, score_dodeka, score_tegenstander, is_thuis) VALUES ('dc434cd5-2ad4-4077-af6f-f34152d2bab3', '7f16160c-5442-4536-86b4-52276f033840', '2022-11-12', '12u15', 'Brik Pele', 1, 1, true);
INSERT INTO matches (id, season_id, datum, tijdstip, tegenstander, score_dodeka, score_tegenstander, is_thuis) VALUES ('767899c2-9a4d-454f-84ac-2fa974d16a98', '7f16160c-5442-4536-86b4-52276f033840', '2022-11-19', '15u', 'Royal Zeezicht', 1, 1, true);
INSERT INTO matches (id, season_id, datum, tijdstip, tegenstander, score_dodeka, score_tegenstander, is_thuis) VALUES ('869b5bc2-b193-493f-bfdd-12510dc2dc8d', '7f16160c-5442-4536-86b4-52276f033840', '2022-11-26', '13u', 'FC Vino', 1, 2, true);
INSERT INTO matches (id, season_id, datum, tijdstip, tegenstander, score_dodeka, score_tegenstander, is_thuis) VALUES ('ee8e7143-ed2e-4bf1-a43d-ec746129c54a', '7f16160c-5442-4536-86b4-52276f033840', '2022-12-03', '15u', 'Eintracht Deurne', 3, 1, true);
INSERT INTO matches (id, season_id, datum, tijdstip, tegenstander, score_dodeka, score_tegenstander, is_thuis) VALUES ('0dec6f84-ee3d-4a95-9bfb-e0afb83647c7', '7f16160c-5442-4536-86b4-52276f033840', '2022-12-10', '15u30', 'Benne 1980 A', 0, 2, true);
INSERT INTO matches (id, season_id, datum, tijdstip, tegenstander, score_dodeka, score_tegenstander, is_thuis) VALUES ('485116e9-4bc8-45c1-a4f3-924624fa0938', '7f16160c-5442-4536-86b4-52276f033840', '2023-01-07', '13u', 'Amber E', 0, 1, true);
INSERT INTO matches (id, season_id, datum, tijdstip, tegenstander, score_dodeka, score_tegenstander, is_thuis) VALUES ('51926433-7d48-438f-8bb0-e388dd25bcdc', '7f16160c-5442-4536-86b4-52276f033840', '2023-01-28', '15u', 'Eulegoem', 4, 1, true);
INSERT INTO matches (id, season_id, datum, tijdstip, tegenstander, score_dodeka, score_tegenstander, is_thuis) VALUES ('267fe54f-3fa5-43ec-9d03-30d88d1140f6', '7f16160c-5442-4536-86b4-52276f033840', '2023-02-04', '15u', 'Sava B', 0, 5, true);
INSERT INTO matches (id, season_id, datum, tijdstip, tegenstander, score_dodeka, score_tegenstander, is_thuis) VALUES ('b4e8a582-d994-4271-9eb5-e31652818beb', '7f16160c-5442-4536-86b4-52276f033840', '2023-02-11', '15u', 'De Pelikaan', 2, 1, true);
INSERT INTO matches (id, season_id, datum, tijdstip, tegenstander, score_dodeka, score_tegenstander, is_thuis) VALUES ('d1aa41e4-89cf-4e7a-aa6e-09c29cd35348', '7f16160c-5442-4536-86b4-52276f033840', '2023-02-18', '15u', 'PVC Gorillaz', 2, 1, true);
INSERT INTO matches (id, season_id, datum, tijdstip, tegenstander, score_dodeka, score_tegenstander, is_thuis) VALUES ('c2580070-74fd-4b9a-995e-6118fe6930bd', '7f16160c-5442-4536-86b4-52276f033840', '2023-02-25', '14u30', 'Panda', 2, 1, true);
INSERT INTO matches (id, season_id, datum, tijdstip, tegenstander, score_dodeka, score_tegenstander, is_thuis) VALUES ('e718a977-0933-4ca8-afbd-e31c9614ec33', '7f16160c-5442-4536-86b4-52276f033840', '2023-03-04', '15u', 'Brik pele', 2, 1, true);
INSERT INTO matches (id, season_id, datum, tijdstip, tegenstander, score_dodeka, score_tegenstander, is_thuis) VALUES ('b0e4bdf2-a9f8-453d-a61c-bab3458e1acc', '7f16160c-5442-4536-86b4-52276f033840', '2023-03-11', '14u', 'Royal Zeezicht', 2, 6, true);
INSERT INTO matches (id, season_id, datum, tijdstip, tegenstander, score_dodeka, score_tegenstander, is_thuis) VALUES ('e08318a8-205e-4292-9401-d89df0e1455b', '7f16160c-5442-4536-86b4-52276f033840', '2022-03-18', '15u', 'Sava C', 2, 1, true);
INSERT INTO matches (id, season_id, datum, tijdstip, tegenstander, score_dodeka, score_tegenstander, is_thuis) VALUES ('0d655e5c-5cee-45f1-b794-6cbe0eaff8b0', '7f16160c-5442-4536-86b4-52276f033840', '2021-03-25', '15u', 'V.B.', 0, 7, true);
INSERT INTO matches (id, season_id, datum, tijdstip, tegenstander, score_dodeka, score_tegenstander, is_thuis) VALUES ('f9f11157-e741-4edb-a93c-8352b1210373', '7f16160c-5442-4536-86b4-52276f033840', '2020-04-01', '14u30', 'Sporting MXM', 0, 0, true);
-- Aanwezigheid 2022-2023
INSERT INTO aanwezigheid (match_id, player_id, status) VALUES ('1b897aee-1d84-4e31-9512-f14e2086b44e', '75aec47d-812c-4899-a8db-2b64a43ef098', 'afwezig') ON CONFLICT DO NOTHING;
INSERT INTO aanwezigheid (match_id, player_id, status) VALUES ('7f7d8d5c-71fa-4259-a6d1-ad31cfd2c8ad', '75aec47d-812c-4899-a8db-2b64a43ef098', 'volledig') ON CONFLICT DO NOTHING;
INSERT INTO aanwezigheid (match_id, player_id, status) VALUES ('65a35a60-2fc4-4c40-8119-97332cef8145', '75aec47d-812c-4899-a8db-2b64a43ef098', 'volledig') ON CONFLICT DO NOTHING;
INSERT INTO aanwezigheid (match_id, player_id, status) VALUES ('98d12edd-489c-49a0-a915-489c93ad0079', '75aec47d-812c-4899-a8db-2b64a43ef098', 'volledig') ON CONFLICT DO NOTHING;
INSERT INTO aanwezigheid (match_id, player_id, status) VALUES ('1050dd2f-371f-43e9-b6ff-618116e7f438', '75aec47d-812c-4899-a8db-2b64a43ef098', 'volledig') ON CONFLICT DO NOTHING;
INSERT INTO aanwezigheid (match_id, player_id, status) VALUES ('7623f1c1-3760-4cd2-8bdb-b56e3f7065d3', '75aec47d-812c-4899-a8db-2b64a43ef098', 'volledig') ON CONFLICT DO NOTHING;
INSERT INTO aanwezigheid (match_id, player_id, status) VALUES ('e9fcc80a-25c0-4e6c-9e42-8be4a78e05ef', '75aec47d-812c-4899-a8db-2b64a43ef098', 'afwezig') ON CONFLICT DO NOTHING;
INSERT INTO aanwezigheid (match_id, player_id, status) VALUES ('dc434cd5-2ad4-4077-af6f-f34152d2bab3', '75aec47d-812c-4899-a8db-2b64a43ef098', 'volledig') ON CONFLICT DO NOTHING;
INSERT INTO aanwezigheid (match_id, player_id, status) VALUES ('767899c2-9a4d-454f-84ac-2fa974d16a98', '75aec47d-812c-4899-a8db-2b64a43ef098', 'volledig') ON CONFLICT DO NOTHING;
INSERT INTO aanwezigheid (match_id, player_id, status) VALUES ('869b5bc2-b193-493f-bfdd-12510dc2dc8d', '75aec47d-812c-4899-a8db-2b64a43ef098', 'afwezig') ON CONFLICT DO NOTHING;
INSERT INTO aanwezigheid (match_id, player_id, status) VALUES ('ee8e7143-ed2e-4bf1-a43d-ec746129c54a', '75aec47d-812c-4899-a8db-2b64a43ef098', 'volledig') ON CONFLICT DO NOTHING;
INSERT INTO aanwezigheid (match_id, player_id, status) VALUES ('0dec6f84-ee3d-4a95-9bfb-e0afb83647c7', '75aec47d-812c-4899-a8db-2b64a43ef098', 'volledig') ON CONFLICT DO NOTHING;
INSERT INTO aanwezigheid (match_id, player_id, status) VALUES ('485116e9-4bc8-45c1-a4f3-924624fa0938', '75aec47d-812c-4899-a8db-2b64a43ef098', 'afwezig') ON CONFLICT DO NOTHING;
INSERT INTO aanwezigheid (match_id, player_id, status) VALUES ('d1aa41e4-89cf-4e7a-aa6e-09c29cd35348', '75aec47d-812c-4899-a8db-2b64a43ef098', 'volledig') ON CONFLICT DO NOTHING;
INSERT INTO aanwezigheid (match_id, player_id, status) VALUES ('c2580070-74fd-4b9a-995e-6118fe6930bd', '75aec47d-812c-4899-a8db-2b64a43ef098', 'volledig') ON CONFLICT DO NOTHING;
INSERT INTO aanwezigheid (match_id, player_id, status) VALUES ('e718a977-0933-4ca8-afbd-e31c9614ec33', '75aec47d-812c-4899-a8db-2b64a43ef098', 'volledig') ON CONFLICT DO NOTHING;
INSERT INTO aanwezigheid (match_id, player_id, status) VALUES ('b0e4bdf2-a9f8-453d-a61c-bab3458e1acc', '75aec47d-812c-4899-a8db-2b64a43ef098', 'volledig') ON CONFLICT DO NOTHING;
INSERT INTO aanwezigheid (match_id, player_id, status) VALUES ('e08318a8-205e-4292-9401-d89df0e1455b', '75aec47d-812c-4899-a8db-2b64a43ef098', 'volledig') ON CONFLICT DO NOTHING;
INSERT INTO aanwezigheid (match_id, player_id, status) VALUES ('0d655e5c-5cee-45f1-b794-6cbe0eaff8b0', '75aec47d-812c-4899-a8db-2b64a43ef098', 'volledig') ON CONFLICT DO NOTHING;
INSERT INTO aanwezigheid (match_id, player_id, status) VALUES ('1b897aee-1d84-4e31-9512-f14e2086b44e', '08d42ab8-69da-488f-9553-4bab95fd89e4', 'toeschouwer') ON CONFLICT DO NOTHING;
INSERT INTO aanwezigheid (match_id, player_id, status) VALUES ('7f7d8d5c-71fa-4259-a6d1-ad31cfd2c8ad', '08d42ab8-69da-488f-9553-4bab95fd89e4', 'volledig') ON CONFLICT DO NOTHING;
INSERT INTO aanwezigheid (match_id, player_id, status) VALUES ('98d12edd-489c-49a0-a915-489c93ad0079', '08d42ab8-69da-488f-9553-4bab95fd89e4', 'volledig') ON CONFLICT DO NOTHING;
INSERT INTO aanwezigheid (match_id, player_id, status) VALUES ('7623f1c1-3760-4cd2-8bdb-b56e3f7065d3', '08d42ab8-69da-488f-9553-4bab95fd89e4', 'volledig') ON CONFLICT DO NOTHING;
INSERT INTO aanwezigheid (match_id, player_id, status) VALUES ('7dafd64c-f202-45b5-93e4-d9f563d1abd9', '08d42ab8-69da-488f-9553-4bab95fd89e4', 'volledig') ON CONFLICT DO NOTHING;
INSERT INTO aanwezigheid (match_id, player_id, status) VALUES ('448552a2-e8eb-414b-8385-781ef9fc5efc', '08d42ab8-69da-488f-9553-4bab95fd89e4', 'volledig') ON CONFLICT DO NOTHING;
INSERT INTO aanwezigheid (match_id, player_id, status) VALUES ('e9fcc80a-25c0-4e6c-9e42-8be4a78e05ef', '08d42ab8-69da-488f-9553-4bab95fd89e4', 'afwezig') ON CONFLICT DO NOTHING;
INSERT INTO aanwezigheid (match_id, player_id, status) VALUES ('767899c2-9a4d-454f-84ac-2fa974d16a98', '08d42ab8-69da-488f-9553-4bab95fd89e4', 'volledig') ON CONFLICT DO NOTHING;
INSERT INTO aanwezigheid (match_id, player_id, status) VALUES ('869b5bc2-b193-493f-bfdd-12510dc2dc8d', '08d42ab8-69da-488f-9553-4bab95fd89e4', 'afwezig') ON CONFLICT DO NOTHING;
INSERT INTO aanwezigheid (match_id, player_id, status) VALUES ('ee8e7143-ed2e-4bf1-a43d-ec746129c54a', '08d42ab8-69da-488f-9553-4bab95fd89e4', 'volledig') ON CONFLICT DO NOTHING;
INSERT INTO aanwezigheid (match_id, player_id, status) VALUES ('0dec6f84-ee3d-4a95-9bfb-e0afb83647c7', '08d42ab8-69da-488f-9553-4bab95fd89e4', 'afwezig') ON CONFLICT DO NOTHING;
INSERT INTO aanwezigheid (match_id, player_id, status) VALUES ('51926433-7d48-438f-8bb0-e388dd25bcdc', '08d42ab8-69da-488f-9553-4bab95fd89e4', 'volledig') ON CONFLICT DO NOTHING;
INSERT INTO aanwezigheid (match_id, player_id, status) VALUES ('b4e8a582-d994-4271-9eb5-e31652818beb', '08d42ab8-69da-488f-9553-4bab95fd89e4', 'volledig') ON CONFLICT DO NOTHING;
INSERT INTO aanwezigheid (match_id, player_id, status) VALUES ('d1aa41e4-89cf-4e7a-aa6e-09c29cd35348', '08d42ab8-69da-488f-9553-4bab95fd89e4', 'volledig') ON CONFLICT DO NOTHING;
INSERT INTO aanwezigheid (match_id, player_id, status) VALUES ('c2580070-74fd-4b9a-995e-6118fe6930bd', '08d42ab8-69da-488f-9553-4bab95fd89e4', 'volledig') ON CONFLICT DO NOTHING;
INSERT INTO aanwezigheid (match_id, player_id, status) VALUES ('e718a977-0933-4ca8-afbd-e31c9614ec33', '08d42ab8-69da-488f-9553-4bab95fd89e4', 'volledig') ON CONFLICT DO NOTHING;
INSERT INTO aanwezigheid (match_id, player_id, status) VALUES ('b0e4bdf2-a9f8-453d-a61c-bab3458e1acc', '08d42ab8-69da-488f-9553-4bab95fd89e4', 'volledig') ON CONFLICT DO NOTHING;
INSERT INTO aanwezigheid (match_id, player_id, status) VALUES ('e08318a8-205e-4292-9401-d89df0e1455b', '08d42ab8-69da-488f-9553-4bab95fd89e4', 'afwezig') ON CONFLICT DO NOTHING;
INSERT INTO aanwezigheid (match_id, player_id, status) VALUES ('0d655e5c-5cee-45f1-b794-6cbe0eaff8b0', '08d42ab8-69da-488f-9553-4bab95fd89e4', 'volledig') ON CONFLICT DO NOTHING;
INSERT INTO aanwezigheid (match_id, player_id, status) VALUES ('1b897aee-1d84-4e31-9512-f14e2086b44e', '2dacb871-5105-4cb9-a30f-9fc2c7870ad3', 'volledig') ON CONFLICT DO NOTHING;
INSERT INTO aanwezigheid (match_id, player_id, status) VALUES ('7f7d8d5c-71fa-4259-a6d1-ad31cfd2c8ad', '2dacb871-5105-4cb9-a30f-9fc2c7870ad3', 'volledig') ON CONFLICT DO NOTHING;
INSERT INTO aanwezigheid (match_id, player_id, status) VALUES ('65a35a60-2fc4-4c40-8119-97332cef8145', '2dacb871-5105-4cb9-a30f-9fc2c7870ad3', 'volledig') ON CONFLICT DO NOTHING;
INSERT INTO aanwezigheid (match_id, player_id, status) VALUES ('98d12edd-489c-49a0-a915-489c93ad0079', '2dacb871-5105-4cb9-a30f-9fc2c7870ad3', 'volledig') ON CONFLICT DO NOTHING;
INSERT INTO aanwezigheid (match_id, player_id, status) VALUES ('1050dd2f-371f-43e9-b6ff-618116e7f438', '2dacb871-5105-4cb9-a30f-9fc2c7870ad3', 'volledig') ON CONFLICT DO NOTHING;
INSERT INTO aanwezigheid (match_id, player_id, status) VALUES ('7623f1c1-3760-4cd2-8bdb-b56e3f7065d3', '2dacb871-5105-4cb9-a30f-9fc2c7870ad3', 'afwezig') ON CONFLICT DO NOTHING;
INSERT INTO aanwezigheid (match_id, player_id, status) VALUES ('7dafd64c-f202-45b5-93e4-d9f563d1abd9', '2dacb871-5105-4cb9-a30f-9fc2c7870ad3', 'volledig') ON CONFLICT DO NOTHING;
INSERT INTO aanwezigheid (match_id, player_id, status) VALUES ('e9fcc80a-25c0-4e6c-9e42-8be4a78e05ef', '2dacb871-5105-4cb9-a30f-9fc2c7870ad3', 'volledig') ON CONFLICT DO NOTHING;
INSERT INTO aanwezigheid (match_id, player_id, status) VALUES ('dc434cd5-2ad4-4077-af6f-f34152d2bab3', '2dacb871-5105-4cb9-a30f-9fc2c7870ad3', 'volledig') ON CONFLICT DO NOTHING;
INSERT INTO aanwezigheid (match_id, player_id, status) VALUES ('767899c2-9a4d-454f-84ac-2fa974d16a98', '2dacb871-5105-4cb9-a30f-9fc2c7870ad3', 'afwezig') ON CONFLICT DO NOTHING;
INSERT INTO aanwezigheid (match_id, player_id, status) VALUES ('ee8e7143-ed2e-4bf1-a43d-ec746129c54a', '2dacb871-5105-4cb9-a30f-9fc2c7870ad3', 'afwezig') ON CONFLICT DO NOTHING;
INSERT INTO aanwezigheid (match_id, player_id, status) VALUES ('0dec6f84-ee3d-4a95-9bfb-e0afb83647c7', '2dacb871-5105-4cb9-a30f-9fc2c7870ad3', 'volledig') ON CONFLICT DO NOTHING;
INSERT INTO aanwezigheid (match_id, player_id, status) VALUES ('485116e9-4bc8-45c1-a4f3-924624fa0938', '2dacb871-5105-4cb9-a30f-9fc2c7870ad3', 'volledig') ON CONFLICT DO NOTHING;
INSERT INTO aanwezigheid (match_id, player_id, status) VALUES ('d1aa41e4-89cf-4e7a-aa6e-09c29cd35348', '2dacb871-5105-4cb9-a30f-9fc2c7870ad3', 'afwezig') ON CONFLICT DO NOTHING;
INSERT INTO aanwezigheid (match_id, player_id, status) VALUES ('c2580070-74fd-4b9a-995e-6118fe6930bd', '2dacb871-5105-4cb9-a30f-9fc2c7870ad3', 'volledig') ON CONFLICT DO NOTHING;
INSERT INTO aanwezigheid (match_id, player_id, status) VALUES ('e718a977-0933-4ca8-afbd-e31c9614ec33', '2dacb871-5105-4cb9-a30f-9fc2c7870ad3', 'volledig') ON CONFLICT DO NOTHING;
INSERT INTO aanwezigheid (match_id, player_id, status) VALUES ('b0e4bdf2-a9f8-453d-a61c-bab3458e1acc', '2dacb871-5105-4cb9-a30f-9fc2c7870ad3', 'volledig') ON CONFLICT DO NOTHING;
INSERT INTO aanwezigheid (match_id, player_id, status) VALUES ('e08318a8-205e-4292-9401-d89df0e1455b', '2dacb871-5105-4cb9-a30f-9fc2c7870ad3', 'volledig') ON CONFLICT DO NOTHING;
INSERT INTO aanwezigheid (match_id, player_id, status) VALUES ('0d655e5c-5cee-45f1-b794-6cbe0eaff8b0', '2dacb871-5105-4cb9-a30f-9fc2c7870ad3', 'afwezig') ON CONFLICT DO NOTHING;
INSERT INTO aanwezigheid (match_id, player_id, status) VALUES ('1b897aee-1d84-4e31-9512-f14e2086b44e', 'b368cd89-d75e-4d9e-9033-e1257f856bd2', 'afwezig') ON CONFLICT DO NOTHING;
INSERT INTO aanwezigheid (match_id, player_id, status) VALUES ('7f7d8d5c-71fa-4259-a6d1-ad31cfd2c8ad', 'b368cd89-d75e-4d9e-9033-e1257f856bd2', 'volledig') ON CONFLICT DO NOTHING;
INSERT INTO aanwezigheid (match_id, player_id, status) VALUES ('65a35a60-2fc4-4c40-8119-97332cef8145', 'b368cd89-d75e-4d9e-9033-e1257f856bd2', 'toeschouwer') ON CONFLICT DO NOTHING;
INSERT INTO aanwezigheid (match_id, player_id, status) VALUES ('98d12edd-489c-49a0-a915-489c93ad0079', 'b368cd89-d75e-4d9e-9033-e1257f856bd2', 'toeschouwer') ON CONFLICT DO NOTHING;
INSERT INTO aanwezigheid (match_id, player_id, status) VALUES ('7623f1c1-3760-4cd2-8bdb-b56e3f7065d3', 'b368cd89-d75e-4d9e-9033-e1257f856bd2', 'toeschouwer') ON CONFLICT DO NOTHING;
INSERT INTO aanwezigheid (match_id, player_id, status) VALUES ('7dafd64c-f202-45b5-93e4-d9f563d1abd9', 'b368cd89-d75e-4d9e-9033-e1257f856bd2', 'volledig') ON CONFLICT DO NOTHING;
INSERT INTO aanwezigheid (match_id, player_id, status) VALUES ('e9fcc80a-25c0-4e6c-9e42-8be4a78e05ef', 'b368cd89-d75e-4d9e-9033-e1257f856bd2', 'volledig') ON CONFLICT DO NOTHING;
INSERT INTO aanwezigheid (match_id, player_id, status) VALUES ('767899c2-9a4d-454f-84ac-2fa974d16a98', 'b368cd89-d75e-4d9e-9033-e1257f856bd2', 'toeschouwer') ON CONFLICT DO NOTHING;
INSERT INTO aanwezigheid (match_id, player_id, status) VALUES ('869b5bc2-b193-493f-bfdd-12510dc2dc8d', 'b368cd89-d75e-4d9e-9033-e1257f856bd2', 'volledig') ON CONFLICT DO NOTHING;
INSERT INTO aanwezigheid (match_id, player_id, status) VALUES ('ee8e7143-ed2e-4bf1-a43d-ec746129c54a', 'b368cd89-d75e-4d9e-9033-e1257f856bd2', 'volledig') ON CONFLICT DO NOTHING;
INSERT INTO aanwezigheid (match_id, player_id, status) VALUES ('0dec6f84-ee3d-4a95-9bfb-e0afb83647c7', 'b368cd89-d75e-4d9e-9033-e1257f856bd2', 'toeschouwer') ON CONFLICT DO NOTHING;
INSERT INTO aanwezigheid (match_id, player_id, status) VALUES ('485116e9-4bc8-45c1-a4f3-924624fa0938', 'b368cd89-d75e-4d9e-9033-e1257f856bd2', 'afwezig') ON CONFLICT DO NOTHING;
INSERT INTO aanwezigheid (match_id, player_id, status) VALUES ('51926433-7d48-438f-8bb0-e388dd25bcdc', 'b368cd89-d75e-4d9e-9033-e1257f856bd2', 'volledig') ON CONFLICT DO NOTHING;
INSERT INTO aanwezigheid (match_id, player_id, status) VALUES ('d1aa41e4-89cf-4e7a-aa6e-09c29cd35348', 'b368cd89-d75e-4d9e-9033-e1257f856bd2', 'toeschouwer') ON CONFLICT DO NOTHING;
INSERT INTO aanwezigheid (match_id, player_id, status) VALUES ('c2580070-74fd-4b9a-995e-6118fe6930bd', 'b368cd89-d75e-4d9e-9033-e1257f856bd2', 'toeschouwer') ON CONFLICT DO NOTHING;
INSERT INTO aanwezigheid (match_id, player_id, status) VALUES ('b0e4bdf2-a9f8-453d-a61c-bab3458e1acc', 'b368cd89-d75e-4d9e-9033-e1257f856bd2', 'afwezig') ON CONFLICT DO NOTHING;
INSERT INTO aanwezigheid (match_id, player_id, status) VALUES ('e08318a8-205e-4292-9401-d89df0e1455b', 'b368cd89-d75e-4d9e-9033-e1257f856bd2', 'volledig') ON CONFLICT DO NOTHING;
INSERT INTO aanwezigheid (match_id, player_id, status) VALUES ('0d655e5c-5cee-45f1-b794-6cbe0eaff8b0', 'b368cd89-d75e-4d9e-9033-e1257f856bd2', 'afwezig') ON CONFLICT DO NOTHING;
INSERT INTO aanwezigheid (match_id, player_id, status) VALUES ('1b897aee-1d84-4e31-9512-f14e2086b44e', '767f223c-ed87-4ab8-93ae-f5889ea6c2bb', 'afwezig') ON CONFLICT DO NOTHING;
INSERT INTO aanwezigheid (match_id, player_id, status) VALUES ('7f7d8d5c-71fa-4259-a6d1-ad31cfd2c8ad', '767f223c-ed87-4ab8-93ae-f5889ea6c2bb', 'volledig') ON CONFLICT DO NOTHING;
INSERT INTO aanwezigheid (match_id, player_id, status) VALUES ('65a35a60-2fc4-4c40-8119-97332cef8145', '767f223c-ed87-4ab8-93ae-f5889ea6c2bb', 'volledig') ON CONFLICT DO NOTHING;
INSERT INTO aanwezigheid (match_id, player_id, status) VALUES ('1050dd2f-371f-43e9-b6ff-618116e7f438', '767f223c-ed87-4ab8-93ae-f5889ea6c2bb', 'volledig') ON CONFLICT DO NOTHING;
INSERT INTO aanwezigheid (match_id, player_id, status) VALUES ('7623f1c1-3760-4cd2-8bdb-b56e3f7065d3', '767f223c-ed87-4ab8-93ae-f5889ea6c2bb', 'volledig') ON CONFLICT DO NOTHING;
INSERT INTO aanwezigheid (match_id, player_id, status) VALUES ('7dafd64c-f202-45b5-93e4-d9f563d1abd9', '767f223c-ed87-4ab8-93ae-f5889ea6c2bb', 'volledig') ON CONFLICT DO NOTHING;
INSERT INTO aanwezigheid (match_id, player_id, status) VALUES ('e9fcc80a-25c0-4e6c-9e42-8be4a78e05ef', '767f223c-ed87-4ab8-93ae-f5889ea6c2bb', 'afwezig') ON CONFLICT DO NOTHING;
INSERT INTO aanwezigheid (match_id, player_id, status) VALUES ('767899c2-9a4d-454f-84ac-2fa974d16a98', '767f223c-ed87-4ab8-93ae-f5889ea6c2bb', 'volledig') ON CONFLICT DO NOTHING;
INSERT INTO aanwezigheid (match_id, player_id, status) VALUES ('869b5bc2-b193-493f-bfdd-12510dc2dc8d', '767f223c-ed87-4ab8-93ae-f5889ea6c2bb', 'afwezig') ON CONFLICT DO NOTHING;
INSERT INTO aanwezigheid (match_id, player_id, status) VALUES ('ee8e7143-ed2e-4bf1-a43d-ec746129c54a', '767f223c-ed87-4ab8-93ae-f5889ea6c2bb', 'volledig') ON CONFLICT DO NOTHING;
INSERT INTO aanwezigheid (match_id, player_id, status) VALUES ('485116e9-4bc8-45c1-a4f3-924624fa0938', '767f223c-ed87-4ab8-93ae-f5889ea6c2bb', 'volledig') ON CONFLICT DO NOTHING;
INSERT INTO aanwezigheid (match_id, player_id, status) VALUES ('51926433-7d48-438f-8bb0-e388dd25bcdc', '767f223c-ed87-4ab8-93ae-f5889ea6c2bb', 'volledig') ON CONFLICT DO NOTHING;
INSERT INTO aanwezigheid (match_id, player_id, status) VALUES ('d1aa41e4-89cf-4e7a-aa6e-09c29cd35348', '767f223c-ed87-4ab8-93ae-f5889ea6c2bb', 'toeschouwer') ON CONFLICT DO NOTHING;
INSERT INTO aanwezigheid (match_id, player_id, status) VALUES ('e718a977-0933-4ca8-afbd-e31c9614ec33', '767f223c-ed87-4ab8-93ae-f5889ea6c2bb', 'toeschouwer') ON CONFLICT DO NOTHING;
INSERT INTO aanwezigheid (match_id, player_id, status) VALUES ('b0e4bdf2-a9f8-453d-a61c-bab3458e1acc', '767f223c-ed87-4ab8-93ae-f5889ea6c2bb', 'toeschouwer') ON CONFLICT DO NOTHING;
INSERT INTO aanwezigheid (match_id, player_id, status) VALUES ('e08318a8-205e-4292-9401-d89df0e1455b', '767f223c-ed87-4ab8-93ae-f5889ea6c2bb', 'toeschouwer') ON CONFLICT DO NOTHING;
INSERT INTO aanwezigheid (match_id, player_id, status) VALUES ('0d655e5c-5cee-45f1-b794-6cbe0eaff8b0', '767f223c-ed87-4ab8-93ae-f5889ea6c2bb', 'volledig') ON CONFLICT DO NOTHING;
INSERT INTO aanwezigheid (match_id, player_id, status) VALUES ('1b897aee-1d84-4e31-9512-f14e2086b44e', 'c0a0bc2b-0f04-4f18-824a-7eb2680f5fdc', 'afwezig') ON CONFLICT DO NOTHING;
INSERT INTO aanwezigheid (match_id, player_id, status) VALUES ('7f7d8d5c-71fa-4259-a6d1-ad31cfd2c8ad', 'c0a0bc2b-0f04-4f18-824a-7eb2680f5fdc', 'volledig') ON CONFLICT DO NOTHING;
INSERT INTO aanwezigheid (match_id, player_id, status) VALUES ('65a35a60-2fc4-4c40-8119-97332cef8145', 'c0a0bc2b-0f04-4f18-824a-7eb2680f5fdc', 'afwezig') ON CONFLICT DO NOTHING;
INSERT INTO aanwezigheid (match_id, player_id, status) VALUES ('1050dd2f-371f-43e9-b6ff-618116e7f438', 'c0a0bc2b-0f04-4f18-824a-7eb2680f5fdc', 'volledig') ON CONFLICT DO NOTHING;
INSERT INTO aanwezigheid (match_id, player_id, status) VALUES ('7623f1c1-3760-4cd2-8bdb-b56e3f7065d3', 'c0a0bc2b-0f04-4f18-824a-7eb2680f5fdc', 'volledig') ON CONFLICT DO NOTHING;
INSERT INTO aanwezigheid (match_id, player_id, status) VALUES ('7dafd64c-f202-45b5-93e4-d9f563d1abd9', 'c0a0bc2b-0f04-4f18-824a-7eb2680f5fdc', 'volledig') ON CONFLICT DO NOTHING;
INSERT INTO aanwezigheid (match_id, player_id, status) VALUES ('e9fcc80a-25c0-4e6c-9e42-8be4a78e05ef', 'c0a0bc2b-0f04-4f18-824a-7eb2680f5fdc', 'volledig') ON CONFLICT DO NOTHING;
INSERT INTO aanwezigheid (match_id, player_id, status) VALUES ('dc434cd5-2ad4-4077-af6f-f34152d2bab3', 'c0a0bc2b-0f04-4f18-824a-7eb2680f5fdc', 'volledig') ON CONFLICT DO NOTHING;
INSERT INTO aanwezigheid (match_id, player_id, status) VALUES ('767899c2-9a4d-454f-84ac-2fa974d16a98', 'c0a0bc2b-0f04-4f18-824a-7eb2680f5fdc', 'volledig') ON CONFLICT DO NOTHING;
INSERT INTO aanwezigheid (match_id, player_id, status) VALUES ('869b5bc2-b193-493f-bfdd-12510dc2dc8d', 'c0a0bc2b-0f04-4f18-824a-7eb2680f5fdc', 'afwezig') ON CONFLICT DO NOTHING;
INSERT INTO aanwezigheid (match_id, player_id, status) VALUES ('0dec6f84-ee3d-4a95-9bfb-e0afb83647c7', 'c0a0bc2b-0f04-4f18-824a-7eb2680f5fdc', 'volledig') ON CONFLICT DO NOTHING;
INSERT INTO aanwezigheid (match_id, player_id, status) VALUES ('485116e9-4bc8-45c1-a4f3-924624fa0938', 'c0a0bc2b-0f04-4f18-824a-7eb2680f5fdc', 'volledig') ON CONFLICT DO NOTHING;
INSERT INTO aanwezigheid (match_id, player_id, status) VALUES ('d1aa41e4-89cf-4e7a-aa6e-09c29cd35348', 'c0a0bc2b-0f04-4f18-824a-7eb2680f5fdc', 'volledig') ON CONFLICT DO NOTHING;
INSERT INTO aanwezigheid (match_id, player_id, status) VALUES ('c2580070-74fd-4b9a-995e-6118fe6930bd', 'c0a0bc2b-0f04-4f18-824a-7eb2680f5fdc', 'volledig') ON CONFLICT DO NOTHING;
INSERT INTO aanwezigheid (match_id, player_id, status) VALUES ('e718a977-0933-4ca8-afbd-e31c9614ec33', 'c0a0bc2b-0f04-4f18-824a-7eb2680f5fdc', 'volledig') ON CONFLICT DO NOTHING;
INSERT INTO aanwezigheid (match_id, player_id, status) VALUES ('b0e4bdf2-a9f8-453d-a61c-bab3458e1acc', 'c0a0bc2b-0f04-4f18-824a-7eb2680f5fdc', 'afwezig') ON CONFLICT DO NOTHING;
INSERT INTO aanwezigheid (match_id, player_id, status) VALUES ('0d655e5c-5cee-45f1-b794-6cbe0eaff8b0', 'c0a0bc2b-0f04-4f18-824a-7eb2680f5fdc', 'volledig') ON CONFLICT DO NOTHING;
INSERT INTO aanwezigheid (match_id, player_id, status) VALUES ('7f7d8d5c-71fa-4259-a6d1-ad31cfd2c8ad', '38d0b8c9-7c17-4392-a492-b95943248244', 'volledig') ON CONFLICT DO NOTHING;
INSERT INTO aanwezigheid (match_id, player_id, status) VALUES ('65a35a60-2fc4-4c40-8119-97332cef8145', '38d0b8c9-7c17-4392-a492-b95943248244', 'toeschouwer') ON CONFLICT DO NOTHING;
INSERT INTO aanwezigheid (match_id, player_id, status) VALUES ('98d12edd-489c-49a0-a915-489c93ad0079', '38d0b8c9-7c17-4392-a492-b95943248244', 'volledig') ON CONFLICT DO NOTHING;
INSERT INTO aanwezigheid (match_id, player_id, status) VALUES ('1050dd2f-371f-43e9-b6ff-618116e7f438', '38d0b8c9-7c17-4392-a492-b95943248244', 'volledig') ON CONFLICT DO NOTHING;
INSERT INTO aanwezigheid (match_id, player_id, status) VALUES ('e9fcc80a-25c0-4e6c-9e42-8be4a78e05ef', '38d0b8c9-7c17-4392-a492-b95943248244', 'volledig') ON CONFLICT DO NOTHING;
INSERT INTO aanwezigheid (match_id, player_id, status) VALUES ('767899c2-9a4d-454f-84ac-2fa974d16a98', '38d0b8c9-7c17-4392-a492-b95943248244', 'afwezig') ON CONFLICT DO NOTHING;
INSERT INTO aanwezigheid (match_id, player_id, status) VALUES ('869b5bc2-b193-493f-bfdd-12510dc2dc8d', '38d0b8c9-7c17-4392-a492-b95943248244', 'volledig') ON CONFLICT DO NOTHING;
INSERT INTO aanwezigheid (match_id, player_id, status) VALUES ('ee8e7143-ed2e-4bf1-a43d-ec746129c54a', '38d0b8c9-7c17-4392-a492-b95943248244', 'volledig') ON CONFLICT DO NOTHING;
INSERT INTO aanwezigheid (match_id, player_id, status) VALUES ('0dec6f84-ee3d-4a95-9bfb-e0afb83647c7', '38d0b8c9-7c17-4392-a492-b95943248244', 'afwezig') ON CONFLICT DO NOTHING;
INSERT INTO aanwezigheid (match_id, player_id, status) VALUES ('485116e9-4bc8-45c1-a4f3-924624fa0938', '38d0b8c9-7c17-4392-a492-b95943248244', 'volledig') ON CONFLICT DO NOTHING;
INSERT INTO aanwezigheid (match_id, player_id, status) VALUES ('51926433-7d48-438f-8bb0-e388dd25bcdc', '38d0b8c9-7c17-4392-a492-b95943248244', 'volledig') ON CONFLICT DO NOTHING;
INSERT INTO aanwezigheid (match_id, player_id, status) VALUES ('d1aa41e4-89cf-4e7a-aa6e-09c29cd35348', '38d0b8c9-7c17-4392-a492-b95943248244', 'afwezig') ON CONFLICT DO NOTHING;
INSERT INTO aanwezigheid (match_id, player_id, status) VALUES ('c2580070-74fd-4b9a-995e-6118fe6930bd', '38d0b8c9-7c17-4392-a492-b95943248244', 'volledig') ON CONFLICT DO NOTHING;
INSERT INTO aanwezigheid (match_id, player_id, status) VALUES ('e718a977-0933-4ca8-afbd-e31c9614ec33', '38d0b8c9-7c17-4392-a492-b95943248244', 'volledig') ON CONFLICT DO NOTHING;
INSERT INTO aanwezigheid (match_id, player_id, status) VALUES ('b0e4bdf2-a9f8-453d-a61c-bab3458e1acc', '38d0b8c9-7c17-4392-a492-b95943248244', 'volledig') ON CONFLICT DO NOTHING;
INSERT INTO aanwezigheid (match_id, player_id, status) VALUES ('e08318a8-205e-4292-9401-d89df0e1455b', '38d0b8c9-7c17-4392-a492-b95943248244', 'afwezig') ON CONFLICT DO NOTHING;
INSERT INTO aanwezigheid (match_id, player_id, status) VALUES ('0d655e5c-5cee-45f1-b794-6cbe0eaff8b0', '38d0b8c9-7c17-4392-a492-b95943248244', 'volledig') ON CONFLICT DO NOTHING;
INSERT INTO aanwezigheid (match_id, player_id, status) VALUES ('1b897aee-1d84-4e31-9512-f14e2086b44e', '2995e934-f5a4-4076-ae32-0e02728e600a', 'volledig') ON CONFLICT DO NOTHING;
INSERT INTO aanwezigheid (match_id, player_id, status) VALUES ('1050dd2f-371f-43e9-b6ff-618116e7f438', '2995e934-f5a4-4076-ae32-0e02728e600a', 'volledig') ON CONFLICT DO NOTHING;
INSERT INTO aanwezigheid (match_id, player_id, status) VALUES ('7623f1c1-3760-4cd2-8bdb-b56e3f7065d3', '2995e934-f5a4-4076-ae32-0e02728e600a', 'volledig') ON CONFLICT DO NOTHING;
INSERT INTO aanwezigheid (match_id, player_id, status) VALUES ('7dafd64c-f202-45b5-93e4-d9f563d1abd9', '2995e934-f5a4-4076-ae32-0e02728e600a', 'afwezig') ON CONFLICT DO NOTHING;
INSERT INTO aanwezigheid (match_id, player_id, status) VALUES ('448552a2-e8eb-414b-8385-781ef9fc5efc', '2995e934-f5a4-4076-ae32-0e02728e600a', 'volledig') ON CONFLICT DO NOTHING;
INSERT INTO aanwezigheid (match_id, player_id, status) VALUES ('e9fcc80a-25c0-4e6c-9e42-8be4a78e05ef', '2995e934-f5a4-4076-ae32-0e02728e600a', 'volledig') ON CONFLICT DO NOTHING;
INSERT INTO aanwezigheid (match_id, player_id, status) VALUES ('dc434cd5-2ad4-4077-af6f-f34152d2bab3', '2995e934-f5a4-4076-ae32-0e02728e600a', 'volledig') ON CONFLICT DO NOTHING;
INSERT INTO aanwezigheid (match_id, player_id, status) VALUES ('767899c2-9a4d-454f-84ac-2fa974d16a98', '2995e934-f5a4-4076-ae32-0e02728e600a', 'afwezig') ON CONFLICT DO NOTHING;
INSERT INTO aanwezigheid (match_id, player_id, status) VALUES ('869b5bc2-b193-493f-bfdd-12510dc2dc8d', '2995e934-f5a4-4076-ae32-0e02728e600a', 'volledig') ON CONFLICT DO NOTHING;
INSERT INTO aanwezigheid (match_id, player_id, status) VALUES ('ee8e7143-ed2e-4bf1-a43d-ec746129c54a', '2995e934-f5a4-4076-ae32-0e02728e600a', 'afwezig') ON CONFLICT DO NOTHING;
INSERT INTO aanwezigheid (match_id, player_id, status) VALUES ('0dec6f84-ee3d-4a95-9bfb-e0afb83647c7', '2995e934-f5a4-4076-ae32-0e02728e600a', 'volledig') ON CONFLICT DO NOTHING;
INSERT INTO aanwezigheid (match_id, player_id, status) VALUES ('51926433-7d48-438f-8bb0-e388dd25bcdc', '2995e934-f5a4-4076-ae32-0e02728e600a', 'volledig') ON CONFLICT DO NOTHING;
INSERT INTO aanwezigheid (match_id, player_id, status) VALUES ('d1aa41e4-89cf-4e7a-aa6e-09c29cd35348', '2995e934-f5a4-4076-ae32-0e02728e600a', 'volledig') ON CONFLICT DO NOTHING;
INSERT INTO aanwezigheid (match_id, player_id, status) VALUES ('e718a977-0933-4ca8-afbd-e31c9614ec33', '2995e934-f5a4-4076-ae32-0e02728e600a', 'volledig') ON CONFLICT DO NOTHING;
INSERT INTO aanwezigheid (match_id, player_id, status) VALUES ('b0e4bdf2-a9f8-453d-a61c-bab3458e1acc', '2995e934-f5a4-4076-ae32-0e02728e600a', 'afwezig') ON CONFLICT DO NOTHING;
INSERT INTO aanwezigheid (match_id, player_id, status) VALUES ('e08318a8-205e-4292-9401-d89df0e1455b', '2995e934-f5a4-4076-ae32-0e02728e600a', 'volledig') ON CONFLICT DO NOTHING;
INSERT INTO aanwezigheid (match_id, player_id, status) VALUES ('1b897aee-1d84-4e31-9512-f14e2086b44e', '46e7f9db-b122-4111-a3e8-969af745d315', 'volledig') ON CONFLICT DO NOTHING;
INSERT INTO aanwezigheid (match_id, player_id, status) VALUES ('65a35a60-2fc4-4c40-8119-97332cef8145', '46e7f9db-b122-4111-a3e8-969af745d315', 'afwezig') ON CONFLICT DO NOTHING;
INSERT INTO aanwezigheid (match_id, player_id, status) VALUES ('98d12edd-489c-49a0-a915-489c93ad0079', '46e7f9db-b122-4111-a3e8-969af745d315', 'volledig') ON CONFLICT DO NOTHING;
INSERT INTO aanwezigheid (match_id, player_id, status) VALUES ('1050dd2f-371f-43e9-b6ff-618116e7f438', '46e7f9db-b122-4111-a3e8-969af745d315', 'volledig') ON CONFLICT DO NOTHING;
INSERT INTO aanwezigheid (match_id, player_id, status) VALUES ('7623f1c1-3760-4cd2-8bdb-b56e3f7065d3', '46e7f9db-b122-4111-a3e8-969af745d315', 'volledig') ON CONFLICT DO NOTHING;
INSERT INTO aanwezigheid (match_id, player_id, status) VALUES ('7dafd64c-f202-45b5-93e4-d9f563d1abd9', '46e7f9db-b122-4111-a3e8-969af745d315', 'afwezig') ON CONFLICT DO NOTHING;
INSERT INTO aanwezigheid (match_id, player_id, status) VALUES ('e9fcc80a-25c0-4e6c-9e42-8be4a78e05ef', '46e7f9db-b122-4111-a3e8-969af745d315', 'volledig') ON CONFLICT DO NOTHING;
INSERT INTO aanwezigheid (match_id, player_id, status) VALUES ('dc434cd5-2ad4-4077-af6f-f34152d2bab3', '46e7f9db-b122-4111-a3e8-969af745d315', 'volledig') ON CONFLICT DO NOTHING;
INSERT INTO aanwezigheid (match_id, player_id, status) VALUES ('767899c2-9a4d-454f-84ac-2fa974d16a98', '46e7f9db-b122-4111-a3e8-969af745d315', 'volledig') ON CONFLICT DO NOTHING;
INSERT INTO aanwezigheid (match_id, player_id, status) VALUES ('ee8e7143-ed2e-4bf1-a43d-ec746129c54a', '46e7f9db-b122-4111-a3e8-969af745d315', 'volledig') ON CONFLICT DO NOTHING;
INSERT INTO aanwezigheid (match_id, player_id, status) VALUES ('0dec6f84-ee3d-4a95-9bfb-e0afb83647c7', '46e7f9db-b122-4111-a3e8-969af745d315', 'volledig') ON CONFLICT DO NOTHING;
INSERT INTO aanwezigheid (match_id, player_id, status) VALUES ('51926433-7d48-438f-8bb0-e388dd25bcdc', '46e7f9db-b122-4111-a3e8-969af745d315', 'volledig') ON CONFLICT DO NOTHING;
INSERT INTO aanwezigheid (match_id, player_id, status) VALUES ('d1aa41e4-89cf-4e7a-aa6e-09c29cd35348', '46e7f9db-b122-4111-a3e8-969af745d315', 'afwezig') ON CONFLICT DO NOTHING;
INSERT INTO aanwezigheid (match_id, player_id, status) VALUES ('b0e4bdf2-a9f8-453d-a61c-bab3458e1acc', '46e7f9db-b122-4111-a3e8-969af745d315', 'volledig') ON CONFLICT DO NOTHING;
INSERT INTO aanwezigheid (match_id, player_id, status) VALUES ('0d655e5c-5cee-45f1-b794-6cbe0eaff8b0', '46e7f9db-b122-4111-a3e8-969af745d315', 'volledig') ON CONFLICT DO NOTHING;
INSERT INTO aanwezigheid (match_id, player_id, status) VALUES ('1b897aee-1d84-4e31-9512-f14e2086b44e', '23c489b4-ab3d-41f2-b2ef-61ca76e9edb1', 'volledig') ON CONFLICT DO NOTHING;
INSERT INTO aanwezigheid (match_id, player_id, status) VALUES ('7f7d8d5c-71fa-4259-a6d1-ad31cfd2c8ad', '23c489b4-ab3d-41f2-b2ef-61ca76e9edb1', 'afwezig') ON CONFLICT DO NOTHING;
INSERT INTO aanwezigheid (match_id, player_id, status) VALUES ('65a35a60-2fc4-4c40-8119-97332cef8145', '23c489b4-ab3d-41f2-b2ef-61ca76e9edb1', 'afwezig') ON CONFLICT DO NOTHING;
INSERT INTO aanwezigheid (match_id, player_id, status) VALUES ('448552a2-e8eb-414b-8385-781ef9fc5efc', '23c489b4-ab3d-41f2-b2ef-61ca76e9edb1', 'volledig') ON CONFLICT DO NOTHING;
INSERT INTO aanwezigheid (match_id, player_id, status) VALUES ('767899c2-9a4d-454f-84ac-2fa974d16a98', '23c489b4-ab3d-41f2-b2ef-61ca76e9edb1', 'toeschouwer') ON CONFLICT DO NOTHING;
INSERT INTO aanwezigheid (match_id, player_id, status) VALUES ('869b5bc2-b193-493f-bfdd-12510dc2dc8d', '23c489b4-ab3d-41f2-b2ef-61ca76e9edb1', 'volledig') ON CONFLICT DO NOTHING;
INSERT INTO aanwezigheid (match_id, player_id, status) VALUES ('ee8e7143-ed2e-4bf1-a43d-ec746129c54a', '23c489b4-ab3d-41f2-b2ef-61ca76e9edb1', 'afwezig') ON CONFLICT DO NOTHING;
INSERT INTO aanwezigheid (match_id, player_id, status) VALUES ('0dec6f84-ee3d-4a95-9bfb-e0afb83647c7', '23c489b4-ab3d-41f2-b2ef-61ca76e9edb1', 'volledig') ON CONFLICT DO NOTHING;
INSERT INTO aanwezigheid (match_id, player_id, status) VALUES ('485116e9-4bc8-45c1-a4f3-924624fa0938', '23c489b4-ab3d-41f2-b2ef-61ca76e9edb1', 'volledig') ON CONFLICT DO NOTHING;
INSERT INTO aanwezigheid (match_id, player_id, status) VALUES ('51926433-7d48-438f-8bb0-e388dd25bcdc', '23c489b4-ab3d-41f2-b2ef-61ca76e9edb1', 'volledig') ON CONFLICT DO NOTHING;
INSERT INTO aanwezigheid (match_id, player_id, status) VALUES ('b4e8a582-d994-4271-9eb5-e31652818beb', '23c489b4-ab3d-41f2-b2ef-61ca76e9edb1', 'volledig') ON CONFLICT DO NOTHING;
INSERT INTO aanwezigheid (match_id, player_id, status) VALUES ('d1aa41e4-89cf-4e7a-aa6e-09c29cd35348', '23c489b4-ab3d-41f2-b2ef-61ca76e9edb1', 'volledig') ON CONFLICT DO NOTHING;
INSERT INTO aanwezigheid (match_id, player_id, status) VALUES ('c2580070-74fd-4b9a-995e-6118fe6930bd', '23c489b4-ab3d-41f2-b2ef-61ca76e9edb1', 'volledig') ON CONFLICT DO NOTHING;
INSERT INTO aanwezigheid (match_id, player_id, status) VALUES ('e718a977-0933-4ca8-afbd-e31c9614ec33', '23c489b4-ab3d-41f2-b2ef-61ca76e9edb1', 'volledig') ON CONFLICT DO NOTHING;
INSERT INTO aanwezigheid (match_id, player_id, status) VALUES ('e08318a8-205e-4292-9401-d89df0e1455b', '23c489b4-ab3d-41f2-b2ef-61ca76e9edb1', 'afwezig') ON CONFLICT DO NOTHING;
INSERT INTO aanwezigheid (match_id, player_id, status) VALUES ('1b897aee-1d84-4e31-9512-f14e2086b44e', 'db232b7c-aa0f-4295-b87a-ea5db2338730', 'toeschouwer') ON CONFLICT DO NOTHING;
INSERT INTO aanwezigheid (match_id, player_id, status) VALUES ('1050dd2f-371f-43e9-b6ff-618116e7f438', 'db232b7c-aa0f-4295-b87a-ea5db2338730', 'volledig') ON CONFLICT DO NOTHING;
INSERT INTO aanwezigheid (match_id, player_id, status) VALUES ('7623f1c1-3760-4cd2-8bdb-b56e3f7065d3', 'db232b7c-aa0f-4295-b87a-ea5db2338730', 'volledig') ON CONFLICT DO NOTHING;
INSERT INTO aanwezigheid (match_id, player_id, status) VALUES ('7dafd64c-f202-45b5-93e4-d9f563d1abd9', 'db232b7c-aa0f-4295-b87a-ea5db2338730', 'volledig') ON CONFLICT DO NOTHING;
INSERT INTO aanwezigheid (match_id, player_id, status) VALUES ('448552a2-e8eb-414b-8385-781ef9fc5efc', 'db232b7c-aa0f-4295-b87a-ea5db2338730', 'volledig') ON CONFLICT DO NOTHING;
INSERT INTO aanwezigheid (match_id, player_id, status) VALUES ('767899c2-9a4d-454f-84ac-2fa974d16a98', 'db232b7c-aa0f-4295-b87a-ea5db2338730', 'afwezig') ON CONFLICT DO NOTHING;
INSERT INTO aanwezigheid (match_id, player_id, status) VALUES ('869b5bc2-b193-493f-bfdd-12510dc2dc8d', 'db232b7c-aa0f-4295-b87a-ea5db2338730', 'volledig') ON CONFLICT DO NOTHING;
INSERT INTO aanwezigheid (match_id, player_id, status) VALUES ('ee8e7143-ed2e-4bf1-a43d-ec746129c54a', 'db232b7c-aa0f-4295-b87a-ea5db2338730', 'afwezig') ON CONFLICT DO NOTHING;
INSERT INTO aanwezigheid (match_id, player_id, status) VALUES ('0dec6f84-ee3d-4a95-9bfb-e0afb83647c7', 'db232b7c-aa0f-4295-b87a-ea5db2338730', 'afwezig') ON CONFLICT DO NOTHING;
INSERT INTO aanwezigheid (match_id, player_id, status) VALUES ('485116e9-4bc8-45c1-a4f3-924624fa0938', 'db232b7c-aa0f-4295-b87a-ea5db2338730', 'volledig') ON CONFLICT DO NOTHING;
INSERT INTO aanwezigheid (match_id, player_id, status) VALUES ('51926433-7d48-438f-8bb0-e388dd25bcdc', 'db232b7c-aa0f-4295-b87a-ea5db2338730', 'volledig') ON CONFLICT DO NOTHING;
INSERT INTO aanwezigheid (match_id, player_id, status) VALUES ('d1aa41e4-89cf-4e7a-aa6e-09c29cd35348', 'db232b7c-aa0f-4295-b87a-ea5db2338730', 'volledig') ON CONFLICT DO NOTHING;
INSERT INTO aanwezigheid (match_id, player_id, status) VALUES ('e08318a8-205e-4292-9401-d89df0e1455b', 'db232b7c-aa0f-4295-b87a-ea5db2338730', 'afwezig') ON CONFLICT DO NOTHING;
INSERT INTO aanwezigheid (match_id, player_id, status) VALUES ('0d655e5c-5cee-45f1-b794-6cbe0eaff8b0', 'db232b7c-aa0f-4295-b87a-ea5db2338730', 'volledig') ON CONFLICT DO NOTHING;
INSERT INTO aanwezigheid (match_id, player_id, status) VALUES ('65a35a60-2fc4-4c40-8119-97332cef8145', '83edb0c0-8198-48d4-8d24-ae7554553be9', 'afwezig') ON CONFLICT DO NOTHING;
INSERT INTO aanwezigheid (match_id, player_id, status) VALUES ('98d12edd-489c-49a0-a915-489c93ad0079', '83edb0c0-8198-48d4-8d24-ae7554553be9', 'volledig') ON CONFLICT DO NOTHING;
INSERT INTO aanwezigheid (match_id, player_id, status) VALUES ('7dafd64c-f202-45b5-93e4-d9f563d1abd9', '83edb0c0-8198-48d4-8d24-ae7554553be9', 'volledig') ON CONFLICT DO NOTHING;
INSERT INTO aanwezigheid (match_id, player_id, status) VALUES ('448552a2-e8eb-414b-8385-781ef9fc5efc', '83edb0c0-8198-48d4-8d24-ae7554553be9', 'volledig') ON CONFLICT DO NOTHING;
INSERT INTO aanwezigheid (match_id, player_id, status) VALUES ('e9fcc80a-25c0-4e6c-9e42-8be4a78e05ef', '83edb0c0-8198-48d4-8d24-ae7554553be9', 'volledig') ON CONFLICT DO NOTHING;
INSERT INTO aanwezigheid (match_id, player_id, status) VALUES ('dc434cd5-2ad4-4077-af6f-f34152d2bab3', '83edb0c0-8198-48d4-8d24-ae7554553be9', 'afwezig') ON CONFLICT DO NOTHING;
INSERT INTO aanwezigheid (match_id, player_id, status) VALUES ('ee8e7143-ed2e-4bf1-a43d-ec746129c54a', '83edb0c0-8198-48d4-8d24-ae7554553be9', 'volledig') ON CONFLICT DO NOTHING;
INSERT INTO aanwezigheid (match_id, player_id, status) VALUES ('0dec6f84-ee3d-4a95-9bfb-e0afb83647c7', '83edb0c0-8198-48d4-8d24-ae7554553be9', 'volledig') ON CONFLICT DO NOTHING;
INSERT INTO aanwezigheid (match_id, player_id, status) VALUES ('485116e9-4bc8-45c1-a4f3-924624fa0938', '83edb0c0-8198-48d4-8d24-ae7554553be9', 'afwezig') ON CONFLICT DO NOTHING;
INSERT INTO aanwezigheid (match_id, player_id, status) VALUES ('d1aa41e4-89cf-4e7a-aa6e-09c29cd35348', '83edb0c0-8198-48d4-8d24-ae7554553be9', 'volledig') ON CONFLICT DO NOTHING;
INSERT INTO aanwezigheid (match_id, player_id, status) VALUES ('c2580070-74fd-4b9a-995e-6118fe6930bd', '83edb0c0-8198-48d4-8d24-ae7554553be9', 'volledig') ON CONFLICT DO NOTHING;
INSERT INTO aanwezigheid (match_id, player_id, status) VALUES ('e718a977-0933-4ca8-afbd-e31c9614ec33', '83edb0c0-8198-48d4-8d24-ae7554553be9', 'volledig') ON CONFLICT DO NOTHING;
INSERT INTO aanwezigheid (match_id, player_id, status) VALUES ('98d12edd-489c-49a0-a915-489c93ad0079', '34d80d7f-1327-4839-8dec-889398b9737b', 'volledig') ON CONFLICT DO NOTHING;
INSERT INTO aanwezigheid (match_id, player_id, status) VALUES ('7dafd64c-f202-45b5-93e4-d9f563d1abd9', '34d80d7f-1327-4839-8dec-889398b9737b', 'afwezig') ON CONFLICT DO NOTHING;
INSERT INTO aanwezigheid (match_id, player_id, status) VALUES ('448552a2-e8eb-414b-8385-781ef9fc5efc', '34d80d7f-1327-4839-8dec-889398b9737b', 'volledig') ON CONFLICT DO NOTHING;
INSERT INTO aanwezigheid (match_id, player_id, status) VALUES ('dc434cd5-2ad4-4077-af6f-f34152d2bab3', '34d80d7f-1327-4839-8dec-889398b9737b', 'volledig') ON CONFLICT DO NOTHING;
INSERT INTO aanwezigheid (match_id, player_id, status) VALUES ('767899c2-9a4d-454f-84ac-2fa974d16a98', '34d80d7f-1327-4839-8dec-889398b9737b', 'afwezig') ON CONFLICT DO NOTHING;
INSERT INTO aanwezigheid (match_id, player_id, status) VALUES ('869b5bc2-b193-493f-bfdd-12510dc2dc8d', '34d80d7f-1327-4839-8dec-889398b9737b', 'volledig') ON CONFLICT DO NOTHING;
INSERT INTO aanwezigheid (match_id, player_id, status) VALUES ('ee8e7143-ed2e-4bf1-a43d-ec746129c54a', '34d80d7f-1327-4839-8dec-889398b9737b', 'volledig') ON CONFLICT DO NOTHING;
INSERT INTO aanwezigheid (match_id, player_id, status) VALUES ('485116e9-4bc8-45c1-a4f3-924624fa0938', '34d80d7f-1327-4839-8dec-889398b9737b', 'afwezig') ON CONFLICT DO NOTHING;
INSERT INTO aanwezigheid (match_id, player_id, status) VALUES ('b4e8a582-d994-4271-9eb5-e31652818beb', '34d80d7f-1327-4839-8dec-889398b9737b', 'volledig') ON CONFLICT DO NOTHING;
INSERT INTO aanwezigheid (match_id, player_id, status) VALUES ('c2580070-74fd-4b9a-995e-6118fe6930bd', '34d80d7f-1327-4839-8dec-889398b9737b', 'volledig') ON CONFLICT DO NOTHING;
INSERT INTO aanwezigheid (match_id, player_id, status) VALUES ('e718a977-0933-4ca8-afbd-e31c9614ec33', '34d80d7f-1327-4839-8dec-889398b9737b', 'volledig') ON CONFLICT DO NOTHING;
INSERT INTO aanwezigheid (match_id, player_id, status) VALUES ('e08318a8-205e-4292-9401-d89df0e1455b', '34d80d7f-1327-4839-8dec-889398b9737b', 'volledig') ON CONFLICT DO NOTHING;
INSERT INTO aanwezigheid (match_id, player_id, status) VALUES ('7f7d8d5c-71fa-4259-a6d1-ad31cfd2c8ad', '3157eb62-2322-4ec4-af2f-f00136e99a50', 'volledig') ON CONFLICT DO NOTHING;
INSERT INTO aanwezigheid (match_id, player_id, status) VALUES ('65a35a60-2fc4-4c40-8119-97332cef8145', '3157eb62-2322-4ec4-af2f-f00136e99a50', 'volledig') ON CONFLICT DO NOTHING;
INSERT INTO aanwezigheid (match_id, player_id, status) VALUES ('98d12edd-489c-49a0-a915-489c93ad0079', '3157eb62-2322-4ec4-af2f-f00136e99a50', 'volledig') ON CONFLICT DO NOTHING;
INSERT INTO aanwezigheid (match_id, player_id, status) VALUES ('448552a2-e8eb-414b-8385-781ef9fc5efc', '3157eb62-2322-4ec4-af2f-f00136e99a50', 'volledig') ON CONFLICT DO NOTHING;
INSERT INTO aanwezigheid (match_id, player_id, status) VALUES ('dc434cd5-2ad4-4077-af6f-f34152d2bab3', '3157eb62-2322-4ec4-af2f-f00136e99a50', 'volledig') ON CONFLICT DO NOTHING;
INSERT INTO aanwezigheid (match_id, player_id, status) VALUES ('485116e9-4bc8-45c1-a4f3-924624fa0938', '3157eb62-2322-4ec4-af2f-f00136e99a50', 'afwezig') ON CONFLICT DO NOTHING;
INSERT INTO aanwezigheid (match_id, player_id, status) VALUES ('b4e8a582-d994-4271-9eb5-e31652818beb', '3157eb62-2322-4ec4-af2f-f00136e99a50', 'volledig') ON CONFLICT DO NOTHING;
INSERT INTO aanwezigheid (match_id, player_id, status) VALUES ('e718a977-0933-4ca8-afbd-e31c9614ec33', '3157eb62-2322-4ec4-af2f-f00136e99a50', 'volledig') ON CONFLICT DO NOTHING;
INSERT INTO aanwezigheid (match_id, player_id, status) VALUES ('e08318a8-205e-4292-9401-d89df0e1455b', '3157eb62-2322-4ec4-af2f-f00136e99a50', 'volledig') ON CONFLICT DO NOTHING;
INSERT INTO aanwezigheid (match_id, player_id, status) VALUES ('0d655e5c-5cee-45f1-b794-6cbe0eaff8b0', '3157eb62-2322-4ec4-af2f-f00136e99a50', 'volledig') ON CONFLICT DO NOTHING;
INSERT INTO aanwezigheid (match_id, player_id, status) VALUES ('1b897aee-1d84-4e31-9512-f14e2086b44e', '55db8337-8403-4495-a3aa-ce85cf614885', 'volledig') ON CONFLICT DO NOTHING;
INSERT INTO aanwezigheid (match_id, player_id, status) VALUES ('7623f1c1-3760-4cd2-8bdb-b56e3f7065d3', '55db8337-8403-4495-a3aa-ce85cf614885', 'volledig') ON CONFLICT DO NOTHING;
INSERT INTO aanwezigheid (match_id, player_id, status) VALUES ('7dafd64c-f202-45b5-93e4-d9f563d1abd9', '55db8337-8403-4495-a3aa-ce85cf614885', 'afwezig') ON CONFLICT DO NOTHING;
INSERT INTO aanwezigheid (match_id, player_id, status) VALUES ('448552a2-e8eb-414b-8385-781ef9fc5efc', '55db8337-8403-4495-a3aa-ce85cf614885', 'volledig') ON CONFLICT DO NOTHING;
INSERT INTO aanwezigheid (match_id, player_id, status) VALUES ('e9fcc80a-25c0-4e6c-9e42-8be4a78e05ef', '55db8337-8403-4495-a3aa-ce85cf614885', 'volledig') ON CONFLICT DO NOTHING;
INSERT INTO aanwezigheid (match_id, player_id, status) VALUES ('485116e9-4bc8-45c1-a4f3-924624fa0938', '55db8337-8403-4495-a3aa-ce85cf614885', 'afwezig') ON CONFLICT DO NOTHING;
INSERT INTO aanwezigheid (match_id, player_id, status) VALUES ('51926433-7d48-438f-8bb0-e388dd25bcdc', '55db8337-8403-4495-a3aa-ce85cf614885', 'volledig') ON CONFLICT DO NOTHING;
INSERT INTO aanwezigheid (match_id, player_id, status) VALUES ('b4e8a582-d994-4271-9eb5-e31652818beb', '55db8337-8403-4495-a3aa-ce85cf614885', 'volledig') ON CONFLICT DO NOTHING;
INSERT INTO aanwezigheid (match_id, player_id, status) VALUES ('b0e4bdf2-a9f8-453d-a61c-bab3458e1acc', '55db8337-8403-4495-a3aa-ce85cf614885', 'volledig') ON CONFLICT DO NOTHING;
INSERT INTO aanwezigheid (match_id, player_id, status) VALUES ('0d655e5c-5cee-45f1-b794-6cbe0eaff8b0', '55db8337-8403-4495-a3aa-ce85cf614885', 'afwezig') ON CONFLICT DO NOTHING;
INSERT INTO aanwezigheid (match_id, player_id, status) VALUES ('1b897aee-1d84-4e31-9512-f14e2086b44e', '4d88dc95-07bd-4461-be53-3a0cdb5bd43b', 'volledig') ON CONFLICT DO NOTHING;
INSERT INTO aanwezigheid (match_id, player_id, status) VALUES ('65a35a60-2fc4-4c40-8119-97332cef8145', '4d88dc95-07bd-4461-be53-3a0cdb5bd43b', 'volledig') ON CONFLICT DO NOTHING;
INSERT INTO aanwezigheid (match_id, player_id, status) VALUES ('98d12edd-489c-49a0-a915-489c93ad0079', '4d88dc95-07bd-4461-be53-3a0cdb5bd43b', 'volledig') ON CONFLICT DO NOTHING;
INSERT INTO aanwezigheid (match_id, player_id, status) VALUES ('1050dd2f-371f-43e9-b6ff-618116e7f438', '4d88dc95-07bd-4461-be53-3a0cdb5bd43b', 'afwezig') ON CONFLICT DO NOTHING;
INSERT INTO aanwezigheid (match_id, player_id, status) VALUES ('e9fcc80a-25c0-4e6c-9e42-8be4a78e05ef', '4d88dc95-07bd-4461-be53-3a0cdb5bd43b', 'afwezig') ON CONFLICT DO NOTHING;
INSERT INTO aanwezigheid (match_id, player_id, status) VALUES ('767899c2-9a4d-454f-84ac-2fa974d16a98', '4d88dc95-07bd-4461-be53-3a0cdb5bd43b', 'volledig') ON CONFLICT DO NOTHING;
INSERT INTO aanwezigheid (match_id, player_id, status) VALUES ('0dec6f84-ee3d-4a95-9bfb-e0afb83647c7', '4d88dc95-07bd-4461-be53-3a0cdb5bd43b', 'volledig') ON CONFLICT DO NOTHING;
INSERT INTO aanwezigheid (match_id, player_id, status) VALUES ('485116e9-4bc8-45c1-a4f3-924624fa0938', '4d88dc95-07bd-4461-be53-3a0cdb5bd43b', 'volledig') ON CONFLICT DO NOTHING;
INSERT INTO aanwezigheid (match_id, player_id, status) VALUES ('0d655e5c-5cee-45f1-b794-6cbe0eaff8b0', '4d88dc95-07bd-4461-be53-3a0cdb5bd43b', 'afwezig') ON CONFLICT DO NOTHING;
INSERT INTO aanwezigheid (match_id, player_id, status) VALUES ('1b897aee-1d84-4e31-9512-f14e2086b44e', 'd0a7948c-a298-451d-8903-d70938e4d4c3', 'volledig') ON CONFLICT DO NOTHING;
INSERT INTO aanwezigheid (match_id, player_id, status) VALUES ('7f7d8d5c-71fa-4259-a6d1-ad31cfd2c8ad', 'd0a7948c-a298-451d-8903-d70938e4d4c3', 'volledig') ON CONFLICT DO NOTHING;
INSERT INTO aanwezigheid (match_id, player_id, status) VALUES ('65a35a60-2fc4-4c40-8119-97332cef8145', 'd0a7948c-a298-451d-8903-d70938e4d4c3', 'volledig') ON CONFLICT DO NOTHING;
INSERT INTO aanwezigheid (match_id, player_id, status) VALUES ('dc434cd5-2ad4-4077-af6f-f34152d2bab3', 'd0a7948c-a298-451d-8903-d70938e4d4c3', 'volledig') ON CONFLICT DO NOTHING;
INSERT INTO aanwezigheid (match_id, player_id, status) VALUES ('767899c2-9a4d-454f-84ac-2fa974d16a98', 'd0a7948c-a298-451d-8903-d70938e4d4c3', 'afwezig') ON CONFLICT DO NOTHING;
INSERT INTO aanwezigheid (match_id, player_id, status) VALUES ('869b5bc2-b193-493f-bfdd-12510dc2dc8d', 'd0a7948c-a298-451d-8903-d70938e4d4c3', 'volledig') ON CONFLICT DO NOTHING;
INSERT INTO aanwezigheid (match_id, player_id, status) VALUES ('b4e8a582-d994-4271-9eb5-e31652818beb', 'd0a7948c-a298-451d-8903-d70938e4d4c3', 'volledig') ON CONFLICT DO NOTHING;
INSERT INTO aanwezigheid (match_id, player_id, status) VALUES ('d1aa41e4-89cf-4e7a-aa6e-09c29cd35348', 'd0a7948c-a298-451d-8903-d70938e4d4c3', 'afwezig') ON CONFLICT DO NOTHING;
INSERT INTO aanwezigheid (match_id, player_id, status) VALUES ('1b897aee-1d84-4e31-9512-f14e2086b44e', 'd45fb0a6-6b26-4271-aa16-c02c88b28c22', 'afwezig') ON CONFLICT DO NOTHING;
INSERT INTO aanwezigheid (match_id, player_id, status) VALUES ('7f7d8d5c-71fa-4259-a6d1-ad31cfd2c8ad', 'd45fb0a6-6b26-4271-aa16-c02c88b28c22', 'volledig') ON CONFLICT DO NOTHING;
INSERT INTO aanwezigheid (match_id, player_id, status) VALUES ('98d12edd-489c-49a0-a915-489c93ad0079', 'd45fb0a6-6b26-4271-aa16-c02c88b28c22', 'volledig') ON CONFLICT DO NOTHING;
INSERT INTO aanwezigheid (match_id, player_id, status) VALUES ('1050dd2f-371f-43e9-b6ff-618116e7f438', 'd45fb0a6-6b26-4271-aa16-c02c88b28c22', 'volledig') ON CONFLICT DO NOTHING;
INSERT INTO aanwezigheid (match_id, player_id, status) VALUES ('7623f1c1-3760-4cd2-8bdb-b56e3f7065d3', 'd45fb0a6-6b26-4271-aa16-c02c88b28c22', 'volledig') ON CONFLICT DO NOTHING;
INSERT INTO aanwezigheid (match_id, player_id, status) VALUES ('dc434cd5-2ad4-4077-af6f-f34152d2bab3', 'd45fb0a6-6b26-4271-aa16-c02c88b28c22', 'volledig') ON CONFLICT DO NOTHING;
INSERT INTO aanwezigheid (match_id, player_id, status) VALUES ('ee8e7143-ed2e-4bf1-a43d-ec746129c54a', 'd45fb0a6-6b26-4271-aa16-c02c88b28c22', 'afwezig') ON CONFLICT DO NOTHING;
INSERT INTO aanwezigheid (match_id, player_id, status) VALUES ('e08318a8-205e-4292-9401-d89df0e1455b', 'd45fb0a6-6b26-4271-aa16-c02c88b28c22', 'volledig') ON CONFLICT DO NOTHING;
INSERT INTO aanwezigheid (match_id, player_id, status) VALUES ('1050dd2f-371f-43e9-b6ff-618116e7f438', 'c7c8347b-f2fb-44b4-8135-87dd9e62f0f8', 'afwezig') ON CONFLICT DO NOTHING;
INSERT INTO aanwezigheid (match_id, player_id, status) VALUES ('7dafd64c-f202-45b5-93e4-d9f563d1abd9', 'c7c8347b-f2fb-44b4-8135-87dd9e62f0f8', 'volledig') ON CONFLICT DO NOTHING;
INSERT INTO aanwezigheid (match_id, player_id, status) VALUES ('dc434cd5-2ad4-4077-af6f-f34152d2bab3', 'c7c8347b-f2fb-44b4-8135-87dd9e62f0f8', 'volledig') ON CONFLICT DO NOTHING;
INSERT INTO aanwezigheid (match_id, player_id, status) VALUES ('869b5bc2-b193-493f-bfdd-12510dc2dc8d', 'c7c8347b-f2fb-44b4-8135-87dd9e62f0f8', 'volledig') ON CONFLICT DO NOTHING;
INSERT INTO aanwezigheid (match_id, player_id, status) VALUES ('b4e8a582-d994-4271-9eb5-e31652818beb', 'c7c8347b-f2fb-44b4-8135-87dd9e62f0f8', 'volledig') ON CONFLICT DO NOTHING;
INSERT INTO aanwezigheid (match_id, player_id, status) VALUES ('c2580070-74fd-4b9a-995e-6118fe6930bd', 'c7c8347b-f2fb-44b4-8135-87dd9e62f0f8', 'volledig') ON CONFLICT DO NOTHING;
INSERT INTO aanwezigheid (match_id, player_id, status) VALUES ('b0e4bdf2-a9f8-453d-a61c-bab3458e1acc', 'c7c8347b-f2fb-44b4-8135-87dd9e62f0f8', 'afwezig') ON CONFLICT DO NOTHING;
INSERT INTO aanwezigheid (match_id, player_id, status) VALUES ('1b897aee-1d84-4e31-9512-f14e2086b44e', '6b321166-046b-44e4-8ebf-7e0a20b0fddd', 'afwezig') ON CONFLICT DO NOTHING;
INSERT INTO aanwezigheid (match_id, player_id, status) VALUES ('1050dd2f-371f-43e9-b6ff-618116e7f438', '6b321166-046b-44e4-8ebf-7e0a20b0fddd', 'toeschouwer') ON CONFLICT DO NOTHING;
INSERT INTO aanwezigheid (match_id, player_id, status) VALUES ('ee8e7143-ed2e-4bf1-a43d-ec746129c54a', '6b321166-046b-44e4-8ebf-7e0a20b0fddd', 'toeschouwer') ON CONFLICT DO NOTHING;
INSERT INTO aanwezigheid (match_id, player_id, status) VALUES ('b4e8a582-d994-4271-9eb5-e31652818beb', '6b321166-046b-44e4-8ebf-7e0a20b0fddd', 'volledig') ON CONFLICT DO NOTHING;
INSERT INTO aanwezigheid (match_id, player_id, status) VALUES ('d1aa41e4-89cf-4e7a-aa6e-09c29cd35348', '6b321166-046b-44e4-8ebf-7e0a20b0fddd', 'afwezig') ON CONFLICT DO NOTHING;
INSERT INTO aanwezigheid (match_id, player_id, status) VALUES ('c2580070-74fd-4b9a-995e-6118fe6930bd', '6b321166-046b-44e4-8ebf-7e0a20b0fddd', 'volledig') ON CONFLICT DO NOTHING;
INSERT INTO aanwezigheid (match_id, player_id, status) VALUES ('7623f1c1-3760-4cd2-8bdb-b56e3f7065d3', '4ee424fc-e545-4ca2-8bbc-c516edec4f3d', 'afwezig') ON CONFLICT DO NOTHING;
INSERT INTO aanwezigheid (match_id, player_id, status) VALUES ('51926433-7d48-438f-8bb0-e388dd25bcdc', '4ee424fc-e545-4ca2-8bbc-c516edec4f3d', 'volledig') ON CONFLICT DO NOTHING;
INSERT INTO aanwezigheid (match_id, player_id, status) VALUES ('b0e4bdf2-a9f8-453d-a61c-bab3458e1acc', '4ee424fc-e545-4ca2-8bbc-c516edec4f3d', 'volledig') ON CONFLICT DO NOTHING;
INSERT INTO aanwezigheid (match_id, player_id, status) VALUES ('e08318a8-205e-4292-9401-d89df0e1455b', '4ee424fc-e545-4ca2-8bbc-c516edec4f3d', 'volledig') ON CONFLICT DO NOTHING;
INSERT INTO aanwezigheid (match_id, player_id, status) VALUES ('767899c2-9a4d-454f-84ac-2fa974d16a98', 'e7e35450-49ae-4cc2-80cb-35c4b406f478', 'afwezig') ON CONFLICT DO NOTHING;
INSERT INTO aanwezigheid (match_id, player_id, status) VALUES ('b4e8a582-d994-4271-9eb5-e31652818beb', 'e7e35450-49ae-4cc2-80cb-35c4b406f478', 'volledig') ON CONFLICT DO NOTHING;
INSERT INTO aanwezigheid (match_id, player_id, status) VALUES ('d1aa41e4-89cf-4e7a-aa6e-09c29cd35348', 'e7e35450-49ae-4cc2-80cb-35c4b406f478', 'afwezig') ON CONFLICT DO NOTHING;
INSERT INTO aanwezigheid (match_id, player_id, status) VALUES ('b0e4bdf2-a9f8-453d-a61c-bab3458e1acc', 'e7e35450-49ae-4cc2-80cb-35c4b406f478', 'afwezig') ON CONFLICT DO NOTHING;
INSERT INTO aanwezigheid (match_id, player_id, status) VALUES ('65a35a60-2fc4-4c40-8119-97332cef8145', '6f340559-30b0-4ea3-af31-3ca707e51315', 'volledig') ON CONFLICT DO NOTHING;
INSERT INTO aanwezigheid (match_id, player_id, status) VALUES ('448552a2-e8eb-414b-8385-781ef9fc5efc', '6f340559-30b0-4ea3-af31-3ca707e51315', 'volledig') ON CONFLICT DO NOTHING;
INSERT INTO aanwezigheid (match_id, player_id, status) VALUES ('767899c2-9a4d-454f-84ac-2fa974d16a98', '6f340559-30b0-4ea3-af31-3ca707e51315', 'afwezig') ON CONFLICT DO NOTHING;
INSERT INTO aanwezigheid (match_id, player_id, status) VALUES ('767899c2-9a4d-454f-84ac-2fa974d16a98', '32030a05-1187-4199-b02b-7b29833ab9e2', 'toeschouwer') ON CONFLICT DO NOTHING;
INSERT INTO aanwezigheid (match_id, player_id, status) VALUES ('d1aa41e4-89cf-4e7a-aa6e-09c29cd35348', '32030a05-1187-4199-b02b-7b29833ab9e2', 'toeschouwer') ON CONFLICT DO NOTHING;
INSERT INTO aanwezigheid (match_id, player_id, status) VALUES ('e718a977-0933-4ca8-afbd-e31c9614ec33', '32030a05-1187-4199-b02b-7b29833ab9e2', 'toeschouwer') ON CONFLICT DO NOTHING;
INSERT INTO aanwezigheid (match_id, player_id, status) VALUES ('b4e8a582-d994-4271-9eb5-e31652818beb', '7ac4132a-d026-42d5-a0ab-bf3cb578c7a1', 'volledig') ON CONFLICT DO NOTHING;
INSERT INTO aanwezigheid (match_id, player_id, status) VALUES ('65a35a60-2fc4-4c40-8119-97332cef8145', '508f75c6-471c-4df4-9994-30d34584625a', 'afwezig') ON CONFLICT DO NOTHING;

-- Wedstrijden 2023-2024
INSERT INTO matches (id, season_id, datum, tijdstip, tegenstander, score_dodeka, score_tegenstander, is_thuis) VALUES ('96535776-6d4d-4d20-9001-003749f59eb3', '5c5bd0e8-09b8-41bb-9448-fd7e21efc162', '2023-09-09', '15u', 'Katastroof', 1, 4, true);
INSERT INTO matches (id, season_id, datum, tijdstip, tegenstander, score_dodeka, score_tegenstander, is_thuis) VALUES ('f076a7dd-118e-48b1-b274-1c0dfec2ad2e', '5c5bd0e8-09b8-41bb-9448-fd7e21efc162', '2023-09-16', '15u', 'Den 144', 2, 2, true);
INSERT INTO matches (id, season_id, datum, tijdstip, tegenstander, score_dodeka, score_tegenstander, is_thuis) VALUES ('adcf4130-42d6-4071-a237-78f102280551', '5c5bd0e8-09b8-41bb-9448-fd7e21efc162', '2023-09-23', '15u', 'FCK ''89', 4, 2, true);
INSERT INTO matches (id, season_id, datum, tijdstip, tegenstander, score_dodeka, score_tegenstander, is_thuis) VALUES ('f158279f-80ec-4f4a-bfc1-c6de5739e84b', '5c5bd0e8-09b8-41bb-9448-fd7e21efc162', '2023-09-30', '15u', 'Lunatics', 0, 0, true);
INSERT INTO matches (id, season_id, datum, tijdstip, tegenstander, score_dodeka, score_tegenstander, is_thuis) VALUES ('1457b36f-1b2d-47bc-9e51-b3379c77dd69', '5c5bd0e8-09b8-41bb-9448-fd7e21efc162', '2023-10-07', '15u', 'De Pelikaan', 4, 1, true);
INSERT INTO matches (id, season_id, datum, tijdstip, tegenstander, score_dodeka, score_tegenstander, is_thuis) VALUES ('1765ea7d-4985-44c1-9d82-94a2634d03be', '5c5bd0e8-09b8-41bb-9448-fd7e21efc162', '2023-10-14', '12u45', 'Benne 1980 A', 4, 0, true);
INSERT INTO matches (id, season_id, datum, tijdstip, tegenstander, score_dodeka, score_tegenstander, is_thuis) VALUES ('efec2fcc-3a9b-4a48-830a-a9bda184dfff', '5c5bd0e8-09b8-41bb-9448-fd7e21efc162', '2023-10-21', '15u', 'Brik Pele', 1, 1, true);
INSERT INTO matches (id, season_id, datum, tijdstip, tegenstander, score_dodeka, score_tegenstander, is_thuis) VALUES ('7e1389d4-9bb5-4e12-9dec-1e94462080d9', '5c5bd0e8-09b8-41bb-9448-fd7e21efc162', '2023-10-28', '12u15', 'Brik Pele', 2, 3, true);
INSERT INTO matches (id, season_id, datum, tijdstip, tegenstander, score_dodeka, score_tegenstander, is_thuis) VALUES ('4de3a083-d7be-4782-9dc4-21329fdd13da', '5c5bd0e8-09b8-41bb-9448-fd7e21efc162', '2023-11-11', '13u', 'Amber E', 6, 0, true);
INSERT INTO matches (id, season_id, datum, tijdstip, tegenstander, score_dodeka, score_tegenstander, is_thuis) VALUES ('ab797714-67cd-467c-b391-c6ddedfcdd51', '5c5bd0e8-09b8-41bb-9448-fd7e21efc162', '2023-11-18', '15u', 'Sporting Olympia', 1, 1, true);
INSERT INTO matches (id, season_id, datum, tijdstip, tegenstander, score_dodeka, score_tegenstander, is_thuis) VALUES ('9d05e5df-0d3e-4c79-94e5-3709e45dfaac', '5c5bd0e8-09b8-41bb-9448-fd7e21efc162', '2023-11-25', '13u', 'Sava B', 3, 5, true);
INSERT INTO matches (id, season_id, datum, tijdstip, tegenstander, score_dodeka, score_tegenstander, is_thuis) VALUES ('0aabd86e-9720-419a-aa66-0d6fe9a35451', '5c5bd0e8-09b8-41bb-9448-fd7e21efc162', '2023-12-09', '15u', 'Katastroof', 2, 1, true);
INSERT INTO matches (id, season_id, datum, tijdstip, tegenstander, score_dodeka, score_tegenstander, is_thuis) VALUES ('eb3b4c52-ec77-45b1-b36b-9b787173d571', '5c5bd0e8-09b8-41bb-9448-fd7e21efc162', '2024-01-13', '15u30', 'FCK ''89', 4, 5, true);
INSERT INTO matches (id, season_id, datum, tijdstip, tegenstander, score_dodeka, score_tegenstander, is_thuis) VALUES ('5f9be65b-953e-4158-a96d-5ff0121ddfd1', '5c5bd0e8-09b8-41bb-9448-fd7e21efc162', '2024-01-27', '15u', 'De Pelikaan', 0, 3, true);
INSERT INTO matches (id, season_id, datum, tijdstip, tegenstander, score_dodeka, score_tegenstander, is_thuis) VALUES ('dbe8933f-51f0-448e-93c2-b36ca7ae1a67', '5c5bd0e8-09b8-41bb-9448-fd7e21efc162', '2024-02-03', '15u', 'Benne 1980 A', 3, 0, true);
INSERT INTO matches (id, season_id, datum, tijdstip, tegenstander, score_dodeka, score_tegenstander, is_thuis) VALUES ('fadf98ef-d20b-4427-92e1-b9b0bbb07dfc', '5c5bd0e8-09b8-41bb-9448-fd7e21efc162', '2024-03-02', '15u', 'Amber E', 4, 0, true);
INSERT INTO matches (id, season_id, datum, tijdstip, tegenstander, score_dodeka, score_tegenstander, is_thuis) VALUES ('b4bd75ab-6a55-464a-bc33-89f64c369eff', '5c5bd0e8-09b8-41bb-9448-fd7e21efc162', '2024-03-09', '15u', 'Sporting Olympia', 2, 0, true);
INSERT INTO matches (id, season_id, datum, tijdstip, tegenstander, score_dodeka, score_tegenstander, is_thuis) VALUES ('9863c78c-5a40-46e9-86d4-213477493ffe', '5c5bd0e8-09b8-41bb-9448-fd7e21efc162', '2024-03-16', '15u', 'Sava B', 5, 1, true);
INSERT INTO matches (id, season_id, datum, tijdstip, tegenstander, score_dodeka, score_tegenstander, is_thuis) VALUES ('ef3a22f9-38fe-4b2d-9c5a-9acc3eb86726', '5c5bd0e8-09b8-41bb-9448-fd7e21efc162', '2024-03-23', '15u', 'Lunatics', 5, 0, true);
INSERT INTO matches (id, season_id, datum, tijdstip, tegenstander, score_dodeka, score_tegenstander, is_thuis) VALUES ('e31bb052-caa2-40f9-8df8-33e3cb6a3aca', '5c5bd0e8-09b8-41bb-9448-fd7e21efc162', '2024-03-30', '15u', 'Den 144', 1, 2, true);
-- Aanwezigheid 2023-2024
INSERT INTO aanwezigheid (match_id, player_id, status) VALUES ('adcf4130-42d6-4071-a237-78f102280551', 'b368cd89-d75e-4d9e-9033-e1257f856bd2', 'volledig') ON CONFLICT DO NOTHING;
INSERT INTO aanwezigheid (match_id, player_id, status) VALUES ('ab797714-67cd-467c-b391-c6ddedfcdd51', 'b368cd89-d75e-4d9e-9033-e1257f856bd2', 'volledig') ON CONFLICT DO NOTHING;
INSERT INTO aanwezigheid (match_id, player_id, status) VALUES ('96535776-6d4d-4d20-9001-003749f59eb3', '38d0b8c9-7c17-4392-a492-b95943248244', 'volledig') ON CONFLICT DO NOTHING;
INSERT INTO aanwezigheid (match_id, player_id, status) VALUES ('f076a7dd-118e-48b1-b274-1c0dfec2ad2e', '38d0b8c9-7c17-4392-a492-b95943248244', 'volledig') ON CONFLICT DO NOTHING;
INSERT INTO aanwezigheid (match_id, player_id, status) VALUES ('1457b36f-1b2d-47bc-9e51-b3379c77dd69', '38d0b8c9-7c17-4392-a492-b95943248244', 'volledig') ON CONFLICT DO NOTHING;
INSERT INTO aanwezigheid (match_id, player_id, status) VALUES ('1765ea7d-4985-44c1-9d82-94a2634d03be', '38d0b8c9-7c17-4392-a492-b95943248244', 'volledig') ON CONFLICT DO NOTHING;
INSERT INTO aanwezigheid (match_id, player_id, status) VALUES ('efec2fcc-3a9b-4a48-830a-a9bda184dfff', '38d0b8c9-7c17-4392-a492-b95943248244', 'volledig') ON CONFLICT DO NOTHING;
INSERT INTO aanwezigheid (match_id, player_id, status) VALUES ('7e1389d4-9bb5-4e12-9dec-1e94462080d9', '38d0b8c9-7c17-4392-a492-b95943248244', 'volledig') ON CONFLICT DO NOTHING;
INSERT INTO aanwezigheid (match_id, player_id, status) VALUES ('4de3a083-d7be-4782-9dc4-21329fdd13da', '38d0b8c9-7c17-4392-a492-b95943248244', 'volledig') ON CONFLICT DO NOTHING;
INSERT INTO aanwezigheid (match_id, player_id, status) VALUES ('9d05e5df-0d3e-4c79-94e5-3709e45dfaac', '38d0b8c9-7c17-4392-a492-b95943248244', 'volledig') ON CONFLICT DO NOTHING;
INSERT INTO aanwezigheid (match_id, player_id, status) VALUES ('0aabd86e-9720-419a-aa66-0d6fe9a35451', '38d0b8c9-7c17-4392-a492-b95943248244', 'afwezig') ON CONFLICT DO NOTHING;
INSERT INTO aanwezigheid (match_id, player_id, status) VALUES ('eb3b4c52-ec77-45b1-b36b-9b787173d571', '38d0b8c9-7c17-4392-a492-b95943248244', 'volledig') ON CONFLICT DO NOTHING;
INSERT INTO aanwezigheid (match_id, player_id, status) VALUES ('5f9be65b-953e-4158-a96d-5ff0121ddfd1', '38d0b8c9-7c17-4392-a492-b95943248244', 'volledig') ON CONFLICT DO NOTHING;
INSERT INTO aanwezigheid (match_id, player_id, status) VALUES ('dbe8933f-51f0-448e-93c2-b36ca7ae1a67', '38d0b8c9-7c17-4392-a492-b95943248244', 'volledig') ON CONFLICT DO NOTHING;
INSERT INTO aanwezigheid (match_id, player_id, status) VALUES ('fadf98ef-d20b-4427-92e1-b9b0bbb07dfc', '38d0b8c9-7c17-4392-a492-b95943248244', 'volledig') ON CONFLICT DO NOTHING;
INSERT INTO aanwezigheid (match_id, player_id, status) VALUES ('b4bd75ab-6a55-464a-bc33-89f64c369eff', '38d0b8c9-7c17-4392-a492-b95943248244', 'volledig') ON CONFLICT DO NOTHING;
INSERT INTO aanwezigheid (match_id, player_id, status) VALUES ('9863c78c-5a40-46e9-86d4-213477493ffe', '38d0b8c9-7c17-4392-a492-b95943248244', 'volledig') ON CONFLICT DO NOTHING;
INSERT INTO aanwezigheid (match_id, player_id, status) VALUES ('e31bb052-caa2-40f9-8df8-33e3cb6a3aca', '38d0b8c9-7c17-4392-a492-b95943248244', 'volledig') ON CONFLICT DO NOTHING;
INSERT INTO aanwezigheid (match_id, player_id, status) VALUES ('96535776-6d4d-4d20-9001-003749f59eb3', '3157eb62-2322-4ec4-af2f-f00136e99a50', 'volledig') ON CONFLICT DO NOTHING;
INSERT INTO aanwezigheid (match_id, player_id, status) VALUES ('adcf4130-42d6-4071-a237-78f102280551', '3157eb62-2322-4ec4-af2f-f00136e99a50', 'volledig') ON CONFLICT DO NOTHING;
INSERT INTO aanwezigheid (match_id, player_id, status) VALUES ('1457b36f-1b2d-47bc-9e51-b3379c77dd69', '3157eb62-2322-4ec4-af2f-f00136e99a50', 'volledig') ON CONFLICT DO NOTHING;
INSERT INTO aanwezigheid (match_id, player_id, status) VALUES ('1765ea7d-4985-44c1-9d82-94a2634d03be', '3157eb62-2322-4ec4-af2f-f00136e99a50', 'volledig') ON CONFLICT DO NOTHING;
INSERT INTO aanwezigheid (match_id, player_id, status) VALUES ('efec2fcc-3a9b-4a48-830a-a9bda184dfff', '3157eb62-2322-4ec4-af2f-f00136e99a50', 'afwezig') ON CONFLICT DO NOTHING;
INSERT INTO aanwezigheid (match_id, player_id, status) VALUES ('7e1389d4-9bb5-4e12-9dec-1e94462080d9', '3157eb62-2322-4ec4-af2f-f00136e99a50', 'volledig') ON CONFLICT DO NOTHING;
INSERT INTO aanwezigheid (match_id, player_id, status) VALUES ('4de3a083-d7be-4782-9dc4-21329fdd13da', '3157eb62-2322-4ec4-af2f-f00136e99a50', 'volledig') ON CONFLICT DO NOTHING;
INSERT INTO aanwezigheid (match_id, player_id, status) VALUES ('9d05e5df-0d3e-4c79-94e5-3709e45dfaac', '3157eb62-2322-4ec4-af2f-f00136e99a50', 'volledig') ON CONFLICT DO NOTHING;
INSERT INTO aanwezigheid (match_id, player_id, status) VALUES ('0aabd86e-9720-419a-aa66-0d6fe9a35451', '3157eb62-2322-4ec4-af2f-f00136e99a50', 'volledig') ON CONFLICT DO NOTHING;
INSERT INTO aanwezigheid (match_id, player_id, status) VALUES ('5f9be65b-953e-4158-a96d-5ff0121ddfd1', '3157eb62-2322-4ec4-af2f-f00136e99a50', 'volledig') ON CONFLICT DO NOTHING;
INSERT INTO aanwezigheid (match_id, player_id, status) VALUES ('fadf98ef-d20b-4427-92e1-b9b0bbb07dfc', '3157eb62-2322-4ec4-af2f-f00136e99a50', 'volledig') ON CONFLICT DO NOTHING;
INSERT INTO aanwezigheid (match_id, player_id, status) VALUES ('b4bd75ab-6a55-464a-bc33-89f64c369eff', '3157eb62-2322-4ec4-af2f-f00136e99a50', 'volledig') ON CONFLICT DO NOTHING;
INSERT INTO aanwezigheid (match_id, player_id, status) VALUES ('e31bb052-caa2-40f9-8df8-33e3cb6a3aca', '3157eb62-2322-4ec4-af2f-f00136e99a50', 'volledig') ON CONFLICT DO NOTHING;
INSERT INTO aanwezigheid (match_id, player_id, status) VALUES ('f076a7dd-118e-48b1-b274-1c0dfec2ad2e', '23c489b4-ab3d-41f2-b2ef-61ca76e9edb1', 'volledig') ON CONFLICT DO NOTHING;
INSERT INTO aanwezigheid (match_id, player_id, status) VALUES ('adcf4130-42d6-4071-a237-78f102280551', '23c489b4-ab3d-41f2-b2ef-61ca76e9edb1', 'volledig') ON CONFLICT DO NOTHING;
INSERT INTO aanwezigheid (match_id, player_id, status) VALUES ('f158279f-80ec-4f4a-bfc1-c6de5739e84b', '23c489b4-ab3d-41f2-b2ef-61ca76e9edb1', 'toeschouwer') ON CONFLICT DO NOTHING;
INSERT INTO aanwezigheid (match_id, player_id, status) VALUES ('7e1389d4-9bb5-4e12-9dec-1e94462080d9', '23c489b4-ab3d-41f2-b2ef-61ca76e9edb1', 'afwezig') ON CONFLICT DO NOTHING;
INSERT INTO aanwezigheid (match_id, player_id, status) VALUES ('4de3a083-d7be-4782-9dc4-21329fdd13da', '23c489b4-ab3d-41f2-b2ef-61ca76e9edb1', 'volledig') ON CONFLICT DO NOTHING;
INSERT INTO aanwezigheid (match_id, player_id, status) VALUES ('ab797714-67cd-467c-b391-c6ddedfcdd51', '23c489b4-ab3d-41f2-b2ef-61ca76e9edb1', 'volledig') ON CONFLICT DO NOTHING;
INSERT INTO aanwezigheid (match_id, player_id, status) VALUES ('0aabd86e-9720-419a-aa66-0d6fe9a35451', '23c489b4-ab3d-41f2-b2ef-61ca76e9edb1', 'volledig') ON CONFLICT DO NOTHING;
INSERT INTO aanwezigheid (match_id, player_id, status) VALUES ('eb3b4c52-ec77-45b1-b36b-9b787173d571', '23c489b4-ab3d-41f2-b2ef-61ca76e9edb1', 'volledig') ON CONFLICT DO NOTHING;
INSERT INTO aanwezigheid (match_id, player_id, status) VALUES ('5f9be65b-953e-4158-a96d-5ff0121ddfd1', '23c489b4-ab3d-41f2-b2ef-61ca76e9edb1', 'volledig') ON CONFLICT DO NOTHING;
INSERT INTO aanwezigheid (match_id, player_id, status) VALUES ('dbe8933f-51f0-448e-93c2-b36ca7ae1a67', '23c489b4-ab3d-41f2-b2ef-61ca76e9edb1', 'volledig') ON CONFLICT DO NOTHING;
INSERT INTO aanwezigheid (match_id, player_id, status) VALUES ('e31bb052-caa2-40f9-8df8-33e3cb6a3aca', '23c489b4-ab3d-41f2-b2ef-61ca76e9edb1', 'toeschouwer') ON CONFLICT DO NOTHING;
INSERT INTO aanwezigheid (match_id, player_id, status) VALUES ('adcf4130-42d6-4071-a237-78f102280551', 'db232b7c-aa0f-4295-b87a-ea5db2338730', 'volledig') ON CONFLICT DO NOTHING;
INSERT INTO aanwezigheid (match_id, player_id, status) VALUES ('1457b36f-1b2d-47bc-9e51-b3379c77dd69', 'db232b7c-aa0f-4295-b87a-ea5db2338730', 'volledig') ON CONFLICT DO NOTHING;
INSERT INTO aanwezigheid (match_id, player_id, status) VALUES ('efec2fcc-3a9b-4a48-830a-a9bda184dfff', 'db232b7c-aa0f-4295-b87a-ea5db2338730', 'volledig') ON CONFLICT DO NOTHING;
INSERT INTO aanwezigheid (match_id, player_id, status) VALUES ('4de3a083-d7be-4782-9dc4-21329fdd13da', 'db232b7c-aa0f-4295-b87a-ea5db2338730', 'volledig') ON CONFLICT DO NOTHING;
INSERT INTO aanwezigheid (match_id, player_id, status) VALUES ('ab797714-67cd-467c-b391-c6ddedfcdd51', 'db232b7c-aa0f-4295-b87a-ea5db2338730', 'volledig') ON CONFLICT DO NOTHING;
INSERT INTO aanwezigheid (match_id, player_id, status) VALUES ('0aabd86e-9720-419a-aa66-0d6fe9a35451', 'db232b7c-aa0f-4295-b87a-ea5db2338730', 'afwezig') ON CONFLICT DO NOTHING;
INSERT INTO aanwezigheid (match_id, player_id, status) VALUES ('eb3b4c52-ec77-45b1-b36b-9b787173d571', 'db232b7c-aa0f-4295-b87a-ea5db2338730', 'volledig') ON CONFLICT DO NOTHING;
INSERT INTO aanwezigheid (match_id, player_id, status) VALUES ('fadf98ef-d20b-4427-92e1-b9b0bbb07dfc', 'db232b7c-aa0f-4295-b87a-ea5db2338730', 'volledig') ON CONFLICT DO NOTHING;
INSERT INTO aanwezigheid (match_id, player_id, status) VALUES ('9863c78c-5a40-46e9-86d4-213477493ffe', 'db232b7c-aa0f-4295-b87a-ea5db2338730', 'volledig') ON CONFLICT DO NOTHING;
INSERT INTO aanwezigheid (match_id, player_id, status) VALUES ('e31bb052-caa2-40f9-8df8-33e3cb6a3aca', 'db232b7c-aa0f-4295-b87a-ea5db2338730', 'volledig') ON CONFLICT DO NOTHING;
INSERT INTO aanwezigheid (match_id, player_id, status) VALUES ('96535776-6d4d-4d20-9001-003749f59eb3', '08d42ab8-69da-488f-9553-4bab95fd89e4', 'volledig') ON CONFLICT DO NOTHING;
INSERT INTO aanwezigheid (match_id, player_id, status) VALUES ('f076a7dd-118e-48b1-b274-1c0dfec2ad2e', '08d42ab8-69da-488f-9553-4bab95fd89e4', 'volledig') ON CONFLICT DO NOTHING;
INSERT INTO aanwezigheid (match_id, player_id, status) VALUES ('f158279f-80ec-4f4a-bfc1-c6de5739e84b', '08d42ab8-69da-488f-9553-4bab95fd89e4', 'volledig') ON CONFLICT DO NOTHING;
INSERT INTO aanwezigheid (match_id, player_id, status) VALUES ('1457b36f-1b2d-47bc-9e51-b3379c77dd69', '08d42ab8-69da-488f-9553-4bab95fd89e4', 'afwezig') ON CONFLICT DO NOTHING;
INSERT INTO aanwezigheid (match_id, player_id, status) VALUES ('1765ea7d-4985-44c1-9d82-94a2634d03be', '08d42ab8-69da-488f-9553-4bab95fd89e4', 'volledig') ON CONFLICT DO NOTHING;
INSERT INTO aanwezigheid (match_id, player_id, status) VALUES ('efec2fcc-3a9b-4a48-830a-a9bda184dfff', '08d42ab8-69da-488f-9553-4bab95fd89e4', 'volledig') ON CONFLICT DO NOTHING;
INSERT INTO aanwezigheid (match_id, player_id, status) VALUES ('7e1389d4-9bb5-4e12-9dec-1e94462080d9', '08d42ab8-69da-488f-9553-4bab95fd89e4', 'afwezig') ON CONFLICT DO NOTHING;
INSERT INTO aanwezigheid (match_id, player_id, status) VALUES ('4de3a083-d7be-4782-9dc4-21329fdd13da', '08d42ab8-69da-488f-9553-4bab95fd89e4', 'volledig') ON CONFLICT DO NOTHING;
INSERT INTO aanwezigheid (match_id, player_id, status) VALUES ('9d05e5df-0d3e-4c79-94e5-3709e45dfaac', '08d42ab8-69da-488f-9553-4bab95fd89e4', 'volledig') ON CONFLICT DO NOTHING;
INSERT INTO aanwezigheid (match_id, player_id, status) VALUES ('0aabd86e-9720-419a-aa66-0d6fe9a35451', '08d42ab8-69da-488f-9553-4bab95fd89e4', 'volledig') ON CONFLICT DO NOTHING;
INSERT INTO aanwezigheid (match_id, player_id, status) VALUES ('eb3b4c52-ec77-45b1-b36b-9b787173d571', '08d42ab8-69da-488f-9553-4bab95fd89e4', 'volledig') ON CONFLICT DO NOTHING;
INSERT INTO aanwezigheid (match_id, player_id, status) VALUES ('5f9be65b-953e-4158-a96d-5ff0121ddfd1', '08d42ab8-69da-488f-9553-4bab95fd89e4', 'volledig') ON CONFLICT DO NOTHING;
INSERT INTO aanwezigheid (match_id, player_id, status) VALUES ('dbe8933f-51f0-448e-93c2-b36ca7ae1a67', '08d42ab8-69da-488f-9553-4bab95fd89e4', 'volledig') ON CONFLICT DO NOTHING;
INSERT INTO aanwezigheid (match_id, player_id, status) VALUES ('fadf98ef-d20b-4427-92e1-b9b0bbb07dfc', '08d42ab8-69da-488f-9553-4bab95fd89e4', 'volledig') ON CONFLICT DO NOTHING;
INSERT INTO aanwezigheid (match_id, player_id, status) VALUES ('b4bd75ab-6a55-464a-bc33-89f64c369eff', '08d42ab8-69da-488f-9553-4bab95fd89e4', 'volledig') ON CONFLICT DO NOTHING;
INSERT INTO aanwezigheid (match_id, player_id, status) VALUES ('9863c78c-5a40-46e9-86d4-213477493ffe', '08d42ab8-69da-488f-9553-4bab95fd89e4', 'volledig') ON CONFLICT DO NOTHING;
INSERT INTO aanwezigheid (match_id, player_id, status) VALUES ('e31bb052-caa2-40f9-8df8-33e3cb6a3aca', '08d42ab8-69da-488f-9553-4bab95fd89e4', 'volledig') ON CONFLICT DO NOTHING;
INSERT INTO aanwezigheid (match_id, player_id, status) VALUES ('96535776-6d4d-4d20-9001-003749f59eb3', '46e7f9db-b122-4111-a3e8-969af745d315', 'volledig') ON CONFLICT DO NOTHING;
INSERT INTO aanwezigheid (match_id, player_id, status) VALUES ('f076a7dd-118e-48b1-b274-1c0dfec2ad2e', '46e7f9db-b122-4111-a3e8-969af745d315', 'volledig') ON CONFLICT DO NOTHING;
INSERT INTO aanwezigheid (match_id, player_id, status) VALUES ('adcf4130-42d6-4071-a237-78f102280551', '46e7f9db-b122-4111-a3e8-969af745d315', 'volledig') ON CONFLICT DO NOTHING;
INSERT INTO aanwezigheid (match_id, player_id, status) VALUES ('f158279f-80ec-4f4a-bfc1-c6de5739e84b', '46e7f9db-b122-4111-a3e8-969af745d315', 'volledig') ON CONFLICT DO NOTHING;
INSERT INTO aanwezigheid (match_id, player_id, status) VALUES ('1457b36f-1b2d-47bc-9e51-b3379c77dd69', '46e7f9db-b122-4111-a3e8-969af745d315', 'afwezig') ON CONFLICT DO NOTHING;
INSERT INTO aanwezigheid (match_id, player_id, status) VALUES ('efec2fcc-3a9b-4a48-830a-a9bda184dfff', '46e7f9db-b122-4111-a3e8-969af745d315', 'volledig') ON CONFLICT DO NOTHING;
INSERT INTO aanwezigheid (match_id, player_id, status) VALUES ('7e1389d4-9bb5-4e12-9dec-1e94462080d9', '46e7f9db-b122-4111-a3e8-969af745d315', 'afwezig') ON CONFLICT DO NOTHING;
INSERT INTO aanwezigheid (match_id, player_id, status) VALUES ('4de3a083-d7be-4782-9dc4-21329fdd13da', '46e7f9db-b122-4111-a3e8-969af745d315', 'volledig') ON CONFLICT DO NOTHING;
INSERT INTO aanwezigheid (match_id, player_id, status) VALUES ('9d05e5df-0d3e-4c79-94e5-3709e45dfaac', '46e7f9db-b122-4111-a3e8-969af745d315', 'volledig') ON CONFLICT DO NOTHING;
INSERT INTO aanwezigheid (match_id, player_id, status) VALUES ('0aabd86e-9720-419a-aa66-0d6fe9a35451', '46e7f9db-b122-4111-a3e8-969af745d315', 'afwezig') ON CONFLICT DO NOTHING;
INSERT INTO aanwezigheid (match_id, player_id, status) VALUES ('eb3b4c52-ec77-45b1-b36b-9b787173d571', '46e7f9db-b122-4111-a3e8-969af745d315', 'volledig') ON CONFLICT DO NOTHING;
INSERT INTO aanwezigheid (match_id, player_id, status) VALUES ('5f9be65b-953e-4158-a96d-5ff0121ddfd1', '46e7f9db-b122-4111-a3e8-969af745d315', 'volledig') ON CONFLICT DO NOTHING;
INSERT INTO aanwezigheid (match_id, player_id, status) VALUES ('dbe8933f-51f0-448e-93c2-b36ca7ae1a67', '46e7f9db-b122-4111-a3e8-969af745d315', 'volledig') ON CONFLICT DO NOTHING;
INSERT INTO aanwezigheid (match_id, player_id, status) VALUES ('fadf98ef-d20b-4427-92e1-b9b0bbb07dfc', '46e7f9db-b122-4111-a3e8-969af745d315', 'volledig') ON CONFLICT DO NOTHING;
INSERT INTO aanwezigheid (match_id, player_id, status) VALUES ('b4bd75ab-6a55-464a-bc33-89f64c369eff', '46e7f9db-b122-4111-a3e8-969af745d315', 'volledig') ON CONFLICT DO NOTHING;
INSERT INTO aanwezigheid (match_id, player_id, status) VALUES ('9863c78c-5a40-46e9-86d4-213477493ffe', '46e7f9db-b122-4111-a3e8-969af745d315', 'volledig') ON CONFLICT DO NOTHING;
INSERT INTO aanwezigheid (match_id, player_id, status) VALUES ('e31bb052-caa2-40f9-8df8-33e3cb6a3aca', '46e7f9db-b122-4111-a3e8-969af745d315', 'volledig') ON CONFLICT DO NOTHING;
INSERT INTO aanwezigheid (match_id, player_id, status) VALUES ('96535776-6d4d-4d20-9001-003749f59eb3', '767f223c-ed87-4ab8-93ae-f5889ea6c2bb', 'volledig') ON CONFLICT DO NOTHING;
INSERT INTO aanwezigheid (match_id, player_id, status) VALUES ('f076a7dd-118e-48b1-b274-1c0dfec2ad2e', '767f223c-ed87-4ab8-93ae-f5889ea6c2bb', 'volledig') ON CONFLICT DO NOTHING;
INSERT INTO aanwezigheid (match_id, player_id, status) VALUES ('adcf4130-42d6-4071-a237-78f102280551', '767f223c-ed87-4ab8-93ae-f5889ea6c2bb', 'volledig') ON CONFLICT DO NOTHING;
INSERT INTO aanwezigheid (match_id, player_id, status) VALUES ('f158279f-80ec-4f4a-bfc1-c6de5739e84b', '767f223c-ed87-4ab8-93ae-f5889ea6c2bb', 'volledig') ON CONFLICT DO NOTHING;
INSERT INTO aanwezigheid (match_id, player_id, status) VALUES ('1457b36f-1b2d-47bc-9e51-b3379c77dd69', '767f223c-ed87-4ab8-93ae-f5889ea6c2bb', 'volledig') ON CONFLICT DO NOTHING;
INSERT INTO aanwezigheid (match_id, player_id, status) VALUES ('efec2fcc-3a9b-4a48-830a-a9bda184dfff', '767f223c-ed87-4ab8-93ae-f5889ea6c2bb', 'afwezig') ON CONFLICT DO NOTHING;
INSERT INTO aanwezigheid (match_id, player_id, status) VALUES ('7e1389d4-9bb5-4e12-9dec-1e94462080d9', '767f223c-ed87-4ab8-93ae-f5889ea6c2bb', 'volledig') ON CONFLICT DO NOTHING;
INSERT INTO aanwezigheid (match_id, player_id, status) VALUES ('9d05e5df-0d3e-4c79-94e5-3709e45dfaac', '767f223c-ed87-4ab8-93ae-f5889ea6c2bb', 'volledig') ON CONFLICT DO NOTHING;
INSERT INTO aanwezigheid (match_id, player_id, status) VALUES ('0aabd86e-9720-419a-aa66-0d6fe9a35451', '767f223c-ed87-4ab8-93ae-f5889ea6c2bb', 'volledig') ON CONFLICT DO NOTHING;
INSERT INTO aanwezigheid (match_id, player_id, status) VALUES ('eb3b4c52-ec77-45b1-b36b-9b787173d571', '767f223c-ed87-4ab8-93ae-f5889ea6c2bb', 'volledig') ON CONFLICT DO NOTHING;
INSERT INTO aanwezigheid (match_id, player_id, status) VALUES ('5f9be65b-953e-4158-a96d-5ff0121ddfd1', '767f223c-ed87-4ab8-93ae-f5889ea6c2bb', 'afwezig') ON CONFLICT DO NOTHING;
INSERT INTO aanwezigheid (match_id, player_id, status) VALUES ('dbe8933f-51f0-448e-93c2-b36ca7ae1a67', '767f223c-ed87-4ab8-93ae-f5889ea6c2bb', 'volledig') ON CONFLICT DO NOTHING;
INSERT INTO aanwezigheid (match_id, player_id, status) VALUES ('fadf98ef-d20b-4427-92e1-b9b0bbb07dfc', '767f223c-ed87-4ab8-93ae-f5889ea6c2bb', 'volledig') ON CONFLICT DO NOTHING;
INSERT INTO aanwezigheid (match_id, player_id, status) VALUES ('b4bd75ab-6a55-464a-bc33-89f64c369eff', '767f223c-ed87-4ab8-93ae-f5889ea6c2bb', 'volledig') ON CONFLICT DO NOTHING;
INSERT INTO aanwezigheid (match_id, player_id, status) VALUES ('9863c78c-5a40-46e9-86d4-213477493ffe', '767f223c-ed87-4ab8-93ae-f5889ea6c2bb', 'afwezig') ON CONFLICT DO NOTHING;
INSERT INTO aanwezigheid (match_id, player_id, status) VALUES ('e31bb052-caa2-40f9-8df8-33e3cb6a3aca', '767f223c-ed87-4ab8-93ae-f5889ea6c2bb', 'volledig') ON CONFLICT DO NOTHING;
INSERT INTO aanwezigheid (match_id, player_id, status) VALUES ('96535776-6d4d-4d20-9001-003749f59eb3', '2dacb871-5105-4cb9-a30f-9fc2c7870ad3', 'volledig') ON CONFLICT DO NOTHING;
INSERT INTO aanwezigheid (match_id, player_id, status) VALUES ('f158279f-80ec-4f4a-bfc1-c6de5739e84b', '2dacb871-5105-4cb9-a30f-9fc2c7870ad3', 'volledig') ON CONFLICT DO NOTHING;
INSERT INTO aanwezigheid (match_id, player_id, status) VALUES ('1457b36f-1b2d-47bc-9e51-b3379c77dd69', '2dacb871-5105-4cb9-a30f-9fc2c7870ad3', 'afwezig') ON CONFLICT DO NOTHING;
INSERT INTO aanwezigheid (match_id, player_id, status) VALUES ('1765ea7d-4985-44c1-9d82-94a2634d03be', '2dacb871-5105-4cb9-a30f-9fc2c7870ad3', 'volledig') ON CONFLICT DO NOTHING;
INSERT INTO aanwezigheid (match_id, player_id, status) VALUES ('efec2fcc-3a9b-4a48-830a-a9bda184dfff', '2dacb871-5105-4cb9-a30f-9fc2c7870ad3', 'afwezig') ON CONFLICT DO NOTHING;
INSERT INTO aanwezigheid (match_id, player_id, status) VALUES ('7e1389d4-9bb5-4e12-9dec-1e94462080d9', '2dacb871-5105-4cb9-a30f-9fc2c7870ad3', 'volledig') ON CONFLICT DO NOTHING;
INSERT INTO aanwezigheid (match_id, player_id, status) VALUES ('4de3a083-d7be-4782-9dc4-21329fdd13da', '2dacb871-5105-4cb9-a30f-9fc2c7870ad3', 'volledig') ON CONFLICT DO NOTHING;
INSERT INTO aanwezigheid (match_id, player_id, status) VALUES ('9d05e5df-0d3e-4c79-94e5-3709e45dfaac', '2dacb871-5105-4cb9-a30f-9fc2c7870ad3', 'volledig') ON CONFLICT DO NOTHING;
INSERT INTO aanwezigheid (match_id, player_id, status) VALUES ('0aabd86e-9720-419a-aa66-0d6fe9a35451', '2dacb871-5105-4cb9-a30f-9fc2c7870ad3', 'volledig') ON CONFLICT DO NOTHING;
INSERT INTO aanwezigheid (match_id, player_id, status) VALUES ('eb3b4c52-ec77-45b1-b36b-9b787173d571', '2dacb871-5105-4cb9-a30f-9fc2c7870ad3', 'volledig') ON CONFLICT DO NOTHING;
INSERT INTO aanwezigheid (match_id, player_id, status) VALUES ('5f9be65b-953e-4158-a96d-5ff0121ddfd1', '2dacb871-5105-4cb9-a30f-9fc2c7870ad3', 'volledig') ON CONFLICT DO NOTHING;
INSERT INTO aanwezigheid (match_id, player_id, status) VALUES ('dbe8933f-51f0-448e-93c2-b36ca7ae1a67', '2dacb871-5105-4cb9-a30f-9fc2c7870ad3', 'volledig') ON CONFLICT DO NOTHING;
INSERT INTO aanwezigheid (match_id, player_id, status) VALUES ('fadf98ef-d20b-4427-92e1-b9b0bbb07dfc', '2dacb871-5105-4cb9-a30f-9fc2c7870ad3', 'afwezig') ON CONFLICT DO NOTHING;
INSERT INTO aanwezigheid (match_id, player_id, status) VALUES ('b4bd75ab-6a55-464a-bc33-89f64c369eff', '2dacb871-5105-4cb9-a30f-9fc2c7870ad3', 'volledig') ON CONFLICT DO NOTHING;
INSERT INTO aanwezigheid (match_id, player_id, status) VALUES ('9863c78c-5a40-46e9-86d4-213477493ffe', '2dacb871-5105-4cb9-a30f-9fc2c7870ad3', 'volledig') ON CONFLICT DO NOTHING;
INSERT INTO aanwezigheid (match_id, player_id, status) VALUES ('e31bb052-caa2-40f9-8df8-33e3cb6a3aca', '2dacb871-5105-4cb9-a30f-9fc2c7870ad3', 'volledig') ON CONFLICT DO NOTHING;
INSERT INTO aanwezigheid (match_id, player_id, status) VALUES ('adcf4130-42d6-4071-a237-78f102280551', 'd0a7948c-a298-451d-8903-d70938e4d4c3', 'volledig') ON CONFLICT DO NOTHING;
INSERT INTO aanwezigheid (match_id, player_id, status) VALUES ('4de3a083-d7be-4782-9dc4-21329fdd13da', 'd0a7948c-a298-451d-8903-d70938e4d4c3', 'volledig') ON CONFLICT DO NOTHING;
INSERT INTO aanwezigheid (match_id, player_id, status) VALUES ('dbe8933f-51f0-448e-93c2-b36ca7ae1a67', 'd0a7948c-a298-451d-8903-d70938e4d4c3', 'afwezig') ON CONFLICT DO NOTHING;
INSERT INTO aanwezigheid (match_id, player_id, status) VALUES ('b4bd75ab-6a55-464a-bc33-89f64c369eff', 'd0a7948c-a298-451d-8903-d70938e4d4c3', 'volledig') ON CONFLICT DO NOTHING;
INSERT INTO aanwezigheid (match_id, player_id, status) VALUES ('9863c78c-5a40-46e9-86d4-213477493ffe', 'd0a7948c-a298-451d-8903-d70938e4d4c3', 'volledig') ON CONFLICT DO NOTHING;
INSERT INTO aanwezigheid (match_id, player_id, status) VALUES ('96535776-6d4d-4d20-9001-003749f59eb3', '34d80d7f-1327-4839-8dec-889398b9737b', 'volledig') ON CONFLICT DO NOTHING;
INSERT INTO aanwezigheid (match_id, player_id, status) VALUES ('f076a7dd-118e-48b1-b274-1c0dfec2ad2e', '34d80d7f-1327-4839-8dec-889398b9737b', 'volledig') ON CONFLICT DO NOTHING;
INSERT INTO aanwezigheid (match_id, player_id, status) VALUES ('f158279f-80ec-4f4a-bfc1-c6de5739e84b', '34d80d7f-1327-4839-8dec-889398b9737b', 'volledig') ON CONFLICT DO NOTHING;
INSERT INTO aanwezigheid (match_id, player_id, status) VALUES ('1457b36f-1b2d-47bc-9e51-b3379c77dd69', '34d80d7f-1327-4839-8dec-889398b9737b', 'afwezig') ON CONFLICT DO NOTHING;
INSERT INTO aanwezigheid (match_id, player_id, status) VALUES ('efec2fcc-3a9b-4a48-830a-a9bda184dfff', '34d80d7f-1327-4839-8dec-889398b9737b', 'volledig') ON CONFLICT DO NOTHING;
INSERT INTO aanwezigheid (match_id, player_id, status) VALUES ('4de3a083-d7be-4782-9dc4-21329fdd13da', '34d80d7f-1327-4839-8dec-889398b9737b', 'volledig') ON CONFLICT DO NOTHING;
INSERT INTO aanwezigheid (match_id, player_id, status) VALUES ('ab797714-67cd-467c-b391-c6ddedfcdd51', '34d80d7f-1327-4839-8dec-889398b9737b', 'volledig') ON CONFLICT DO NOTHING;
INSERT INTO aanwezigheid (match_id, player_id, status) VALUES ('9d05e5df-0d3e-4c79-94e5-3709e45dfaac', '34d80d7f-1327-4839-8dec-889398b9737b', 'volledig') ON CONFLICT DO NOTHING;
INSERT INTO aanwezigheid (match_id, player_id, status) VALUES ('eb3b4c52-ec77-45b1-b36b-9b787173d571', '34d80d7f-1327-4839-8dec-889398b9737b', 'volledig') ON CONFLICT DO NOTHING;
INSERT INTO aanwezigheid (match_id, player_id, status) VALUES ('5f9be65b-953e-4158-a96d-5ff0121ddfd1', '34d80d7f-1327-4839-8dec-889398b9737b', 'afwezig') ON CONFLICT DO NOTHING;
INSERT INTO aanwezigheid (match_id, player_id, status) VALUES ('dbe8933f-51f0-448e-93c2-b36ca7ae1a67', '34d80d7f-1327-4839-8dec-889398b9737b', 'volledig') ON CONFLICT DO NOTHING;
INSERT INTO aanwezigheid (match_id, player_id, status) VALUES ('fadf98ef-d20b-4427-92e1-b9b0bbb07dfc', '34d80d7f-1327-4839-8dec-889398b9737b', 'volledig') ON CONFLICT DO NOTHING;
INSERT INTO aanwezigheid (match_id, player_id, status) VALUES ('b4bd75ab-6a55-464a-bc33-89f64c369eff', '34d80d7f-1327-4839-8dec-889398b9737b', 'volledig') ON CONFLICT DO NOTHING;
INSERT INTO aanwezigheid (match_id, player_id, status) VALUES ('9863c78c-5a40-46e9-86d4-213477493ffe', '34d80d7f-1327-4839-8dec-889398b9737b', 'afwezig') ON CONFLICT DO NOTHING;
INSERT INTO aanwezigheid (match_id, player_id, status) VALUES ('e31bb052-caa2-40f9-8df8-33e3cb6a3aca', '34d80d7f-1327-4839-8dec-889398b9737b', 'volledig') ON CONFLICT DO NOTHING;
INSERT INTO aanwezigheid (match_id, player_id, status) VALUES ('1457b36f-1b2d-47bc-9e51-b3379c77dd69', '55db8337-8403-4495-a3aa-ce85cf614885', 'afwezig') ON CONFLICT DO NOTHING;
INSERT INTO aanwezigheid (match_id, player_id, status) VALUES ('1765ea7d-4985-44c1-9d82-94a2634d03be', '55db8337-8403-4495-a3aa-ce85cf614885', 'volledig') ON CONFLICT DO NOTHING;
INSERT INTO aanwezigheid (match_id, player_id, status) VALUES ('efec2fcc-3a9b-4a48-830a-a9bda184dfff', '55db8337-8403-4495-a3aa-ce85cf614885', 'volledig') ON CONFLICT DO NOTHING;
INSERT INTO aanwezigheid (match_id, player_id, status) VALUES ('7e1389d4-9bb5-4e12-9dec-1e94462080d9', '55db8337-8403-4495-a3aa-ce85cf614885', 'volledig') ON CONFLICT DO NOTHING;
INSERT INTO aanwezigheid (match_id, player_id, status) VALUES ('ab797714-67cd-467c-b391-c6ddedfcdd51', '55db8337-8403-4495-a3aa-ce85cf614885', 'volledig') ON CONFLICT DO NOTHING;
INSERT INTO aanwezigheid (match_id, player_id, status) VALUES ('9d05e5df-0d3e-4c79-94e5-3709e45dfaac', '55db8337-8403-4495-a3aa-ce85cf614885', 'volledig') ON CONFLICT DO NOTHING;
INSERT INTO aanwezigheid (match_id, player_id, status) VALUES ('0aabd86e-9720-419a-aa66-0d6fe9a35451', '55db8337-8403-4495-a3aa-ce85cf614885', 'afwezig') ON CONFLICT DO NOTHING;
INSERT INTO aanwezigheid (match_id, player_id, status) VALUES ('eb3b4c52-ec77-45b1-b36b-9b787173d571', '55db8337-8403-4495-a3aa-ce85cf614885', 'volledig') ON CONFLICT DO NOTHING;
INSERT INTO aanwezigheid (match_id, player_id, status) VALUES ('fadf98ef-d20b-4427-92e1-b9b0bbb07dfc', '55db8337-8403-4495-a3aa-ce85cf614885', 'volledig') ON CONFLICT DO NOTHING;
INSERT INTO aanwezigheid (match_id, player_id, status) VALUES ('e31bb052-caa2-40f9-8df8-33e3cb6a3aca', '55db8337-8403-4495-a3aa-ce85cf614885', 'volledig') ON CONFLICT DO NOTHING;
INSERT INTO aanwezigheid (match_id, player_id, status) VALUES ('f158279f-80ec-4f4a-bfc1-c6de5739e84b', '2995e934-f5a4-4076-ae32-0e02728e600a', 'volledig') ON CONFLICT DO NOTHING;
INSERT INTO aanwezigheid (match_id, player_id, status) VALUES ('1457b36f-1b2d-47bc-9e51-b3379c77dd69', '2995e934-f5a4-4076-ae32-0e02728e600a', 'volledig') ON CONFLICT DO NOTHING;
INSERT INTO aanwezigheid (match_id, player_id, status) VALUES ('1765ea7d-4985-44c1-9d82-94a2634d03be', '2995e934-f5a4-4076-ae32-0e02728e600a', 'volledig') ON CONFLICT DO NOTHING;
INSERT INTO aanwezigheid (match_id, player_id, status) VALUES ('efec2fcc-3a9b-4a48-830a-a9bda184dfff', '2995e934-f5a4-4076-ae32-0e02728e600a', 'afwezig') ON CONFLICT DO NOTHING;
INSERT INTO aanwezigheid (match_id, player_id, status) VALUES ('7e1389d4-9bb5-4e12-9dec-1e94462080d9', '2995e934-f5a4-4076-ae32-0e02728e600a', 'afwezig') ON CONFLICT DO NOTHING;
INSERT INTO aanwezigheid (match_id, player_id, status) VALUES ('4de3a083-d7be-4782-9dc4-21329fdd13da', '2995e934-f5a4-4076-ae32-0e02728e600a', 'volledig') ON CONFLICT DO NOTHING;
INSERT INTO aanwezigheid (match_id, player_id, status) VALUES ('ab797714-67cd-467c-b391-c6ddedfcdd51', '2995e934-f5a4-4076-ae32-0e02728e600a', 'volledig') ON CONFLICT DO NOTHING;
INSERT INTO aanwezigheid (match_id, player_id, status) VALUES ('9d05e5df-0d3e-4c79-94e5-3709e45dfaac', '2995e934-f5a4-4076-ae32-0e02728e600a', 'volledig') ON CONFLICT DO NOTHING;
INSERT INTO aanwezigheid (match_id, player_id, status) VALUES ('0aabd86e-9720-419a-aa66-0d6fe9a35451', '2995e934-f5a4-4076-ae32-0e02728e600a', 'volledig') ON CONFLICT DO NOTHING;
INSERT INTO aanwezigheid (match_id, player_id, status) VALUES ('5f9be65b-953e-4158-a96d-5ff0121ddfd1', '2995e934-f5a4-4076-ae32-0e02728e600a', 'volledig') ON CONFLICT DO NOTHING;
INSERT INTO aanwezigheid (match_id, player_id, status) VALUES ('fadf98ef-d20b-4427-92e1-b9b0bbb07dfc', '2995e934-f5a4-4076-ae32-0e02728e600a', 'afwezig') ON CONFLICT DO NOTHING;
INSERT INTO aanwezigheid (match_id, player_id, status) VALUES ('9863c78c-5a40-46e9-86d4-213477493ffe', '2995e934-f5a4-4076-ae32-0e02728e600a', 'volledig') ON CONFLICT DO NOTHING;
INSERT INTO aanwezigheid (match_id, player_id, status) VALUES ('f158279f-80ec-4f4a-bfc1-c6de5739e84b', 'd45fb0a6-6b26-4271-aa16-c02c88b28c22', 'volledig') ON CONFLICT DO NOTHING;
INSERT INTO aanwezigheid (match_id, player_id, status) VALUES ('1765ea7d-4985-44c1-9d82-94a2634d03be', 'd45fb0a6-6b26-4271-aa16-c02c88b28c22', 'volledig') ON CONFLICT DO NOTHING;
INSERT INTO aanwezigheid (match_id, player_id, status) VALUES ('0aabd86e-9720-419a-aa66-0d6fe9a35451', 'd45fb0a6-6b26-4271-aa16-c02c88b28c22', 'afwezig') ON CONFLICT DO NOTHING;
INSERT INTO aanwezigheid (match_id, player_id, status) VALUES ('9863c78c-5a40-46e9-86d4-213477493ffe', 'd45fb0a6-6b26-4271-aa16-c02c88b28c22', 'volledig') ON CONFLICT DO NOTHING;
INSERT INTO aanwezigheid (match_id, player_id, status) VALUES ('96535776-6d4d-4d20-9001-003749f59eb3', '75aec47d-812c-4899-a8db-2b64a43ef098', 'volledig') ON CONFLICT DO NOTHING;
INSERT INTO aanwezigheid (match_id, player_id, status) VALUES ('f076a7dd-118e-48b1-b274-1c0dfec2ad2e', '75aec47d-812c-4899-a8db-2b64a43ef098', 'volledig') ON CONFLICT DO NOTHING;
INSERT INTO aanwezigheid (match_id, player_id, status) VALUES ('f158279f-80ec-4f4a-bfc1-c6de5739e84b', '75aec47d-812c-4899-a8db-2b64a43ef098', 'volledig') ON CONFLICT DO NOTHING;
INSERT INTO aanwezigheid (match_id, player_id, status) VALUES ('1457b36f-1b2d-47bc-9e51-b3379c77dd69', '75aec47d-812c-4899-a8db-2b64a43ef098', 'volledig') ON CONFLICT DO NOTHING;
INSERT INTO aanwezigheid (match_id, player_id, status) VALUES ('7e1389d4-9bb5-4e12-9dec-1e94462080d9', '75aec47d-812c-4899-a8db-2b64a43ef098', 'volledig') ON CONFLICT DO NOTHING;
INSERT INTO aanwezigheid (match_id, player_id, status) VALUES ('ab797714-67cd-467c-b391-c6ddedfcdd51', '75aec47d-812c-4899-a8db-2b64a43ef098', 'volledig') ON CONFLICT DO NOTHING;
INSERT INTO aanwezigheid (match_id, player_id, status) VALUES ('9d05e5df-0d3e-4c79-94e5-3709e45dfaac', '75aec47d-812c-4899-a8db-2b64a43ef098', 'afwezig') ON CONFLICT DO NOTHING;
INSERT INTO aanwezigheid (match_id, player_id, status) VALUES ('0aabd86e-9720-419a-aa66-0d6fe9a35451', '75aec47d-812c-4899-a8db-2b64a43ef098', 'volledig') ON CONFLICT DO NOTHING;
INSERT INTO aanwezigheid (match_id, player_id, status) VALUES ('eb3b4c52-ec77-45b1-b36b-9b787173d571', '75aec47d-812c-4899-a8db-2b64a43ef098', 'volledig') ON CONFLICT DO NOTHING;
INSERT INTO aanwezigheid (match_id, player_id, status) VALUES ('5f9be65b-953e-4158-a96d-5ff0121ddfd1', '75aec47d-812c-4899-a8db-2b64a43ef098', 'afwezig') ON CONFLICT DO NOTHING;
INSERT INTO aanwezigheid (match_id, player_id, status) VALUES ('dbe8933f-51f0-448e-93c2-b36ca7ae1a67', '75aec47d-812c-4899-a8db-2b64a43ef098', 'afwezig') ON CONFLICT DO NOTHING;
INSERT INTO aanwezigheid (match_id, player_id, status) VALUES ('fadf98ef-d20b-4427-92e1-b9b0bbb07dfc', '75aec47d-812c-4899-a8db-2b64a43ef098', 'afwezig') ON CONFLICT DO NOTHING;
INSERT INTO aanwezigheid (match_id, player_id, status) VALUES ('9863c78c-5a40-46e9-86d4-213477493ffe', '75aec47d-812c-4899-a8db-2b64a43ef098', 'toeschouwer') ON CONFLICT DO NOTHING;
INSERT INTO aanwezigheid (match_id, player_id, status) VALUES ('e31bb052-caa2-40f9-8df8-33e3cb6a3aca', '75aec47d-812c-4899-a8db-2b64a43ef098', 'toeschouwer') ON CONFLICT DO NOTHING;
INSERT INTO aanwezigheid (match_id, player_id, status) VALUES ('f076a7dd-118e-48b1-b274-1c0dfec2ad2e', '83edb0c0-8198-48d4-8d24-ae7554553be9', 'volledig') ON CONFLICT DO NOTHING;
INSERT INTO aanwezigheid (match_id, player_id, status) VALUES ('adcf4130-42d6-4071-a237-78f102280551', '83edb0c0-8198-48d4-8d24-ae7554553be9', 'volledig') ON CONFLICT DO NOTHING;
INSERT INTO aanwezigheid (match_id, player_id, status) VALUES ('f158279f-80ec-4f4a-bfc1-c6de5739e84b', '83edb0c0-8198-48d4-8d24-ae7554553be9', 'volledig') ON CONFLICT DO NOTHING;
INSERT INTO aanwezigheid (match_id, player_id, status) VALUES ('1765ea7d-4985-44c1-9d82-94a2634d03be', '83edb0c0-8198-48d4-8d24-ae7554553be9', 'volledig') ON CONFLICT DO NOTHING;
INSERT INTO aanwezigheid (match_id, player_id, status) VALUES ('7e1389d4-9bb5-4e12-9dec-1e94462080d9', '83edb0c0-8198-48d4-8d24-ae7554553be9', 'afwezig') ON CONFLICT DO NOTHING;
INSERT INTO aanwezigheid (match_id, player_id, status) VALUES ('ab797714-67cd-467c-b391-c6ddedfcdd51', '83edb0c0-8198-48d4-8d24-ae7554553be9', 'volledig') ON CONFLICT DO NOTHING;
INSERT INTO aanwezigheid (match_id, player_id, status) VALUES ('0aabd86e-9720-419a-aa66-0d6fe9a35451', '83edb0c0-8198-48d4-8d24-ae7554553be9', 'afwezig') ON CONFLICT DO NOTHING;
INSERT INTO aanwezigheid (match_id, player_id, status) VALUES ('dbe8933f-51f0-448e-93c2-b36ca7ae1a67', '83edb0c0-8198-48d4-8d24-ae7554553be9', 'afwezig') ON CONFLICT DO NOTHING;
INSERT INTO aanwezigheid (match_id, player_id, status) VALUES ('b4bd75ab-6a55-464a-bc33-89f64c369eff', '83edb0c0-8198-48d4-8d24-ae7554553be9', 'toeschouwer') ON CONFLICT DO NOTHING;
INSERT INTO aanwezigheid (match_id, player_id, status) VALUES ('f076a7dd-118e-48b1-b274-1c0dfec2ad2e', 'e7e35450-49ae-4cc2-80cb-35c4b406f478', 'volledig') ON CONFLICT DO NOTHING;
INSERT INTO aanwezigheid (match_id, player_id, status) VALUES ('1457b36f-1b2d-47bc-9e51-b3379c77dd69', 'e7e35450-49ae-4cc2-80cb-35c4b406f478', 'afwezig') ON CONFLICT DO NOTHING;
INSERT INTO aanwezigheid (match_id, player_id, status) VALUES ('ab797714-67cd-467c-b391-c6ddedfcdd51', 'e7e35450-49ae-4cc2-80cb-35c4b406f478', 'toeschouwer') ON CONFLICT DO NOTHING;
INSERT INTO aanwezigheid (match_id, player_id, status) VALUES ('dbe8933f-51f0-448e-93c2-b36ca7ae1a67', 'e7e35450-49ae-4cc2-80cb-35c4b406f478', 'toeschouwer') ON CONFLICT DO NOTHING;
INSERT INTO aanwezigheid (match_id, player_id, status) VALUES ('9863c78c-5a40-46e9-86d4-213477493ffe', 'e7e35450-49ae-4cc2-80cb-35c4b406f478', 'toeschouwer') ON CONFLICT DO NOTHING;
INSERT INTO aanwezigheid (match_id, player_id, status) VALUES ('96535776-6d4d-4d20-9001-003749f59eb3', '97e2bbf6-eb60-4cc8-a2d6-cbd024134689', 'volledig') ON CONFLICT DO NOTHING;
INSERT INTO aanwezigheid (match_id, player_id, status) VALUES ('1457b36f-1b2d-47bc-9e51-b3379c77dd69', '97e2bbf6-eb60-4cc8-a2d6-cbd024134689', 'afwezig') ON CONFLICT DO NOTHING;
INSERT INTO aanwezigheid (match_id, player_id, status) VALUES ('1765ea7d-4985-44c1-9d82-94a2634d03be', '97e2bbf6-eb60-4cc8-a2d6-cbd024134689', 'volledig') ON CONFLICT DO NOTHING;
INSERT INTO aanwezigheid (match_id, player_id, status) VALUES ('efec2fcc-3a9b-4a48-830a-a9bda184dfff', '97e2bbf6-eb60-4cc8-a2d6-cbd024134689', 'afwezig') ON CONFLICT DO NOTHING;
INSERT INTO aanwezigheid (match_id, player_id, status) VALUES ('ab797714-67cd-467c-b391-c6ddedfcdd51', '97e2bbf6-eb60-4cc8-a2d6-cbd024134689', 'afwezig') ON CONFLICT DO NOTHING;
INSERT INTO aanwezigheid (match_id, player_id, status) VALUES ('dbe8933f-51f0-448e-93c2-b36ca7ae1a67', '97e2bbf6-eb60-4cc8-a2d6-cbd024134689', 'volledig') ON CONFLICT DO NOTHING;
INSERT INTO aanwezigheid (match_id, player_id, status) VALUES ('f076a7dd-118e-48b1-b274-1c0dfec2ad2e', 'c0a0bc2b-0f04-4f18-824a-7eb2680f5fdc', 'volledig') ON CONFLICT DO NOTHING;
INSERT INTO aanwezigheid (match_id, player_id, status) VALUES ('adcf4130-42d6-4071-a237-78f102280551', 'c0a0bc2b-0f04-4f18-824a-7eb2680f5fdc', 'afwezig') ON CONFLICT DO NOTHING;
INSERT INTO aanwezigheid (match_id, player_id, status) VALUES ('f158279f-80ec-4f4a-bfc1-c6de5739e84b', 'c0a0bc2b-0f04-4f18-824a-7eb2680f5fdc', 'afwezig') ON CONFLICT DO NOTHING;
INSERT INTO aanwezigheid (match_id, player_id, status) VALUES ('1457b36f-1b2d-47bc-9e51-b3379c77dd69', 'c0a0bc2b-0f04-4f18-824a-7eb2680f5fdc', 'toeschouwer') ON CONFLICT DO NOTHING;
INSERT INTO aanwezigheid (match_id, player_id, status) VALUES ('efec2fcc-3a9b-4a48-830a-a9bda184dfff', 'c0a0bc2b-0f04-4f18-824a-7eb2680f5fdc', 'volledig') ON CONFLICT DO NOTHING;
INSERT INTO aanwezigheid (match_id, player_id, status) VALUES ('7e1389d4-9bb5-4e12-9dec-1e94462080d9', 'c0a0bc2b-0f04-4f18-824a-7eb2680f5fdc', 'volledig') ON CONFLICT DO NOTHING;
INSERT INTO aanwezigheid (match_id, player_id, status) VALUES ('9d05e5df-0d3e-4c79-94e5-3709e45dfaac', 'c0a0bc2b-0f04-4f18-824a-7eb2680f5fdc', 'toeschouwer') ON CONFLICT DO NOTHING;
INSERT INTO aanwezigheid (match_id, player_id, status) VALUES ('eb3b4c52-ec77-45b1-b36b-9b787173d571', 'c0a0bc2b-0f04-4f18-824a-7eb2680f5fdc', 'toeschouwer') ON CONFLICT DO NOTHING;
INSERT INTO aanwezigheid (match_id, player_id, status) VALUES ('5f9be65b-953e-4158-a96d-5ff0121ddfd1', 'c0a0bc2b-0f04-4f18-824a-7eb2680f5fdc', 'afwezig') ON CONFLICT DO NOTHING;
INSERT INTO aanwezigheid (match_id, player_id, status) VALUES ('dbe8933f-51f0-448e-93c2-b36ca7ae1a67', 'c0a0bc2b-0f04-4f18-824a-7eb2680f5fdc', 'toeschouwer') ON CONFLICT DO NOTHING;
INSERT INTO aanwezigheid (match_id, player_id, status) VALUES ('fadf98ef-d20b-4427-92e1-b9b0bbb07dfc', 'c0a0bc2b-0f04-4f18-824a-7eb2680f5fdc', 'afwezig') ON CONFLICT DO NOTHING;
INSERT INTO aanwezigheid (match_id, player_id, status) VALUES ('b4bd75ab-6a55-464a-bc33-89f64c369eff', 'c0a0bc2b-0f04-4f18-824a-7eb2680f5fdc', 'toeschouwer') ON CONFLICT DO NOTHING;
INSERT INTO aanwezigheid (match_id, player_id, status) VALUES ('96535776-6d4d-4d20-9001-003749f59eb3', '4d88dc95-07bd-4461-be53-3a0cdb5bd43b', 'volledig') ON CONFLICT DO NOTHING;
INSERT INTO aanwezigheid (match_id, player_id, status) VALUES ('f076a7dd-118e-48b1-b274-1c0dfec2ad2e', '4d88dc95-07bd-4461-be53-3a0cdb5bd43b', 'toeschouwer') ON CONFLICT DO NOTHING;
INSERT INTO aanwezigheid (match_id, player_id, status) VALUES ('adcf4130-42d6-4071-a237-78f102280551', '4d88dc95-07bd-4461-be53-3a0cdb5bd43b', 'toeschouwer') ON CONFLICT DO NOTHING;
INSERT INTO aanwezigheid (match_id, player_id, status) VALUES ('1765ea7d-4985-44c1-9d82-94a2634d03be', '4d88dc95-07bd-4461-be53-3a0cdb5bd43b', 'volledig') ON CONFLICT DO NOTHING;
INSERT INTO aanwezigheid (match_id, player_id, status) VALUES ('efec2fcc-3a9b-4a48-830a-a9bda184dfff', '4d88dc95-07bd-4461-be53-3a0cdb5bd43b', 'afwezig') ON CONFLICT DO NOTHING;
INSERT INTO aanwezigheid (match_id, player_id, status) VALUES ('ab797714-67cd-467c-b391-c6ddedfcdd51', '4d88dc95-07bd-4461-be53-3a0cdb5bd43b', 'afwezig') ON CONFLICT DO NOTHING;
INSERT INTO aanwezigheid (match_id, player_id, status) VALUES ('9d05e5df-0d3e-4c79-94e5-3709e45dfaac', '4d88dc95-07bd-4461-be53-3a0cdb5bd43b', 'afwezig') ON CONFLICT DO NOTHING;
INSERT INTO aanwezigheid (match_id, player_id, status) VALUES ('dbe8933f-51f0-448e-93c2-b36ca7ae1a67', '4d88dc95-07bd-4461-be53-3a0cdb5bd43b', 'toeschouwer') ON CONFLICT DO NOTHING;
INSERT INTO aanwezigheid (match_id, player_id, status) VALUES ('fadf98ef-d20b-4427-92e1-b9b0bbb07dfc', '4d88dc95-07bd-4461-be53-3a0cdb5bd43b', 'toeschouwer') ON CONFLICT DO NOTHING;
INSERT INTO aanwezigheid (match_id, player_id, status) VALUES ('b4bd75ab-6a55-464a-bc33-89f64c369eff', '4d88dc95-07bd-4461-be53-3a0cdb5bd43b', 'toeschouwer') ON CONFLICT DO NOTHING;
INSERT INTO aanwezigheid (match_id, player_id, status) VALUES ('adcf4130-42d6-4071-a237-78f102280551', '6b321166-046b-44e4-8ebf-7e0a20b0fddd', 'volledig') ON CONFLICT DO NOTHING;
INSERT INTO aanwezigheid (match_id, player_id, status) VALUES ('1457b36f-1b2d-47bc-9e51-b3379c77dd69', '6b321166-046b-44e4-8ebf-7e0a20b0fddd', 'afwezig') ON CONFLICT DO NOTHING;
INSERT INTO aanwezigheid (match_id, player_id, status) VALUES ('7e1389d4-9bb5-4e12-9dec-1e94462080d9', '6b321166-046b-44e4-8ebf-7e0a20b0fddd', 'afwezig') ON CONFLICT DO NOTHING;
INSERT INTO aanwezigheid (match_id, player_id, status) VALUES ('fadf98ef-d20b-4427-92e1-b9b0bbb07dfc', '6b321166-046b-44e4-8ebf-7e0a20b0fddd', 'toeschouwer') ON CONFLICT DO NOTHING;
INSERT INTO aanwezigheid (match_id, player_id, status) VALUES ('9863c78c-5a40-46e9-86d4-213477493ffe', '6b321166-046b-44e4-8ebf-7e0a20b0fddd', 'toeschouwer') ON CONFLICT DO NOTHING;
INSERT INTO aanwezigheid (match_id, player_id, status) VALUES ('e31bb052-caa2-40f9-8df8-33e3cb6a3aca', 'a8a7f37d-95b9-4cc3-8887-fa8802496e4a', 'toeschouwer') ON CONFLICT DO NOTHING;
INSERT INTO aanwezigheid (match_id, player_id, status) VALUES ('adcf4130-42d6-4071-a237-78f102280551', 'a944e010-ad35-44b7-9cef-86ca443fd246', 'toeschouwer') ON CONFLICT DO NOTHING;
INSERT INTO aanwezigheid (match_id, player_id, status) VALUES ('eb3b4c52-ec77-45b1-b36b-9b787173d571', 'a944e010-ad35-44b7-9cef-86ca443fd246', 'toeschouwer') ON CONFLICT DO NOTHING;
INSERT INTO aanwezigheid (match_id, player_id, status) VALUES ('b4bd75ab-6a55-464a-bc33-89f64c369eff', 'a944e010-ad35-44b7-9cef-86ca443fd246', 'toeschouwer') ON CONFLICT DO NOTHING;
INSERT INTO aanwezigheid (match_id, player_id, status) VALUES ('f158279f-80ec-4f4a-bfc1-c6de5739e84b', '5635a8d2-aa63-484f-beaa-11dc99deda52', 'volledig') ON CONFLICT DO NOTHING;
INSERT INTO aanwezigheid (match_id, player_id, status) VALUES ('ab797714-67cd-467c-b391-c6ddedfcdd51', '5635a8d2-aa63-484f-beaa-11dc99deda52', 'volledig') ON CONFLICT DO NOTHING;
INSERT INTO aanwezigheid (match_id, player_id, status) VALUES ('5f9be65b-953e-4158-a96d-5ff0121ddfd1', '5635a8d2-aa63-484f-beaa-11dc99deda52', 'volledig') ON CONFLICT DO NOTHING;
INSERT INTO aanwezigheid (match_id, player_id, status) VALUES ('b4bd75ab-6a55-464a-bc33-89f64c369eff', '5635a8d2-aa63-484f-beaa-11dc99deda52', 'volledig') ON CONFLICT DO NOTHING;
INSERT INTO aanwezigheid (match_id, player_id, status) VALUES ('9863c78c-5a40-46e9-86d4-213477493ffe', '5635a8d2-aa63-484f-beaa-11dc99deda52', 'volledig') ON CONFLICT DO NOTHING;
INSERT INTO aanwezigheid (match_id, player_id, status) VALUES ('adcf4130-42d6-4071-a237-78f102280551', '7d0b29e3-a680-4343-9fe1-dba2d35f64c0', 'volledig') ON CONFLICT DO NOTHING;
INSERT INTO aanwezigheid (match_id, player_id, status) VALUES ('dbe8933f-51f0-448e-93c2-b36ca7ae1a67', '7d0b29e3-a680-4343-9fe1-dba2d35f64c0', 'afwezig') ON CONFLICT DO NOTHING;
INSERT INTO aanwezigheid (match_id, player_id, status) VALUES ('b4bd75ab-6a55-464a-bc33-89f64c369eff', '7d0b29e3-a680-4343-9fe1-dba2d35f64c0', 'volledig') ON CONFLICT DO NOTHING;
INSERT INTO aanwezigheid (match_id, player_id, status) VALUES ('ab797714-67cd-467c-b391-c6ddedfcdd51', '32030a05-1187-4199-b02b-7b29833ab9e2', 'toeschouwer') ON CONFLICT DO NOTHING;
INSERT INTO aanwezigheid (match_id, player_id, status) VALUES ('fadf98ef-d20b-4427-92e1-b9b0bbb07dfc', '32030a05-1187-4199-b02b-7b29833ab9e2', 'toeschouwer') ON CONFLICT DO NOTHING;
INSERT INTO aanwezigheid (match_id, player_id, status) VALUES ('e31bb052-caa2-40f9-8df8-33e3cb6a3aca', '32030a05-1187-4199-b02b-7b29833ab9e2', 'toeschouwer') ON CONFLICT DO NOTHING;

-- Wedstrijden 2024-2025
INSERT INTO matches (id, season_id, datum, tijdstip, tegenstander, score_dodeka, score_tegenstander, is_thuis) VALUES ('4cedab97-cf5c-439b-8368-18e950467f3c', '344ee973-7186-4486-b314-82cdf1456c59', '2024-08-31', '16u', 'Peuchemise', 0, 8, true);
INSERT INTO matches (id, season_id, datum, tijdstip, tegenstander, score_dodeka, score_tegenstander, is_thuis) VALUES ('faad7b33-7e89-43f1-bd74-2514c1caf986', '344ee973-7186-4486-b314-82cdf1456c59', '2024-09-07', '15u', 'Bar Salon', 5, 0, true);
INSERT INTO matches (id, season_id, datum, tijdstip, tegenstander, score_dodeka, score_tegenstander, is_thuis) VALUES ('7a88c39c-f5eb-45dc-b873-85389cbc634e', '344ee973-7186-4486-b314-82cdf1456c59', '2024-09-14', '16u', 'Benne 1980 B', 2, 1, true);
INSERT INTO matches (id, season_id, datum, tijdstip, tegenstander, score_dodeka, score_tegenstander, is_thuis) VALUES ('0b7878f3-95e8-4c28-a429-bfb4bcaae9d2', '344ee973-7186-4486-b314-82cdf1456c59', '2024-09-21', '14u', 'Antwerp Boys', 0, 1, true);
INSERT INTO matches (id, season_id, datum, tijdstip, tegenstander, score_dodeka, score_tegenstander, is_thuis) VALUES ('939f6350-a8eb-4e32-8413-4ff522a1223d', '344ee973-7186-4486-b314-82cdf1456c59', '2024-09-28', '16u', 'Kloosterstraat', 1, 3, true);
INSERT INTO matches (id, season_id, datum, tijdstip, tegenstander, score_dodeka, score_tegenstander, is_thuis) VALUES ('20b4c534-84ab-4ad5-babc-180538f1d639', '344ee973-7186-4486-b314-82cdf1456c59', '2024-10-05', '15u', 'Katastroof', 0, 0, true);
INSERT INTO matches (id, season_id, datum, tijdstip, tegenstander, score_dodeka, score_tegenstander, is_thuis) VALUES ('11f72385-8807-450f-ae2d-b9b8d44d4c6c', '344ee973-7186-4486-b314-82cdf1456c59', '2024-10-12', '16u', 'Bacchus', 3, 2, true);
INSERT INTO matches (id, season_id, datum, tijdstip, tegenstander, score_dodeka, score_tegenstander, is_thuis) VALUES ('719703da-b118-43b4-8dc3-be4230b3ccc3', '344ee973-7186-4486-b314-82cdf1456c59', '2024-10-19', '15u', 'Sporting Olympia', 3, 1, true);
INSERT INTO matches (id, season_id, datum, tijdstip, tegenstander, score_dodeka, score_tegenstander, is_thuis) VALUES ('a76a4720-0e26-4f9b-a0ea-0365f18c1505', '344ee973-7186-4486-b314-82cdf1456c59', '2024-11-09', '16u', 'Katastroof', 1, 4, true);
INSERT INTO matches (id, season_id, datum, tijdstip, tegenstander, score_dodeka, score_tegenstander, is_thuis) VALUES ('f464fbf1-08b3-43dc-800f-46d220954448', '344ee973-7186-4486-b314-82cdf1456c59', '2024-11-16', '15u', 'Amber G', 0, 1, true);
INSERT INTO matches (id, season_id, datum, tijdstip, tegenstander, score_dodeka, score_tegenstander, is_thuis) VALUES ('d60a43d5-5ad7-4abb-91e6-be1dd1022130', '344ee973-7186-4486-b314-82cdf1456c59', '2024-11-23', '16u', 'Panda', 2, 0, true);
INSERT INTO matches (id, season_id, datum, tijdstip, tegenstander, score_dodeka, score_tegenstander, is_thuis) VALUES ('c5c3eb20-b0ef-4642-8701-8656a6ca02ed', '344ee973-7186-4486-b314-82cdf1456c59', '2024-11-30', '15u', 'Peuchemise', 1, 0, true);
INSERT INTO matches (id, season_id, datum, tijdstip, tegenstander, score_dodeka, score_tegenstander, is_thuis) VALUES ('8f26a4f6-4ceb-44d0-ae5a-918c3f4d0638', '344ee973-7186-4486-b314-82cdf1456c59', '2024-12-14', '15u30', 'Benne 1980 B', 0, 4, true);
INSERT INTO matches (id, season_id, datum, tijdstip, tegenstander, score_dodeka, score_tegenstander, is_thuis) VALUES ('75f1be5f-3d44-4ad6-9794-680643dae8c8', '344ee973-7186-4486-b314-82cdf1456c59', '2025-01-18', '15u30', 'Kloosterstraat', 1, 1, true);
INSERT INTO matches (id, season_id, datum, tijdstip, tegenstander, score_dodeka, score_tegenstander, is_thuis) VALUES ('da0dd63b-3d3e-4698-935e-634fa3e2f0e7', '344ee973-7186-4486-b314-82cdf1456c59', '2025-02-01', '15u', 'Bacchus', 3, 1, true);
INSERT INTO matches (id, season_id, datum, tijdstip, tegenstander, score_dodeka, score_tegenstander, is_thuis) VALUES ('daab4c38-6f03-488f-b56a-07ea24806987', '344ee973-7186-4486-b314-82cdf1456c59', '2025-02-08', '16u', 'Sporting Olympia', 2, 0, true);
INSERT INTO matches (id, season_id, datum, tijdstip, tegenstander, score_dodeka, score_tegenstander, is_thuis) VALUES ('373e464d-1752-4417-bd7a-ae43bebf354e', '344ee973-7186-4486-b314-82cdf1456c59', '2025-02-22', '16u', 'Amber G', 3, 4, true);
INSERT INTO matches (id, season_id, datum, tijdstip, tegenstander, score_dodeka, score_tegenstander, is_thuis) VALUES ('dc6c2aff-e5de-4a41-9fd3-990f780178da', '344ee973-7186-4486-b314-82cdf1456c59', '2025-03-01', '16u', 'Bar Salon', 4, 0, true);
INSERT INTO matches (id, season_id, datum, tijdstip, tegenstander, score_dodeka, score_tegenstander, is_thuis) VALUES ('93092871-3ff6-4cc3-9b21-0cd1cd6fba75', '344ee973-7186-4486-b314-82cdf1456c59', '2025-03-08', '16u', 'Antwerp Boys', 1, 0, true);
INSERT INTO matches (id, season_id, datum, tijdstip, tegenstander, score_dodeka, score_tegenstander, is_thuis) VALUES ('8107005d-d6e1-4088-88ef-fac5bd2b112f', '344ee973-7186-4486-b314-82cdf1456c59', '2025-03-15', '14u', 'Panda', 1, 1, true);
-- Aanwezigheid 2024-2025
INSERT INTO aanwezigheid (match_id, player_id, status) VALUES ('0b7878f3-95e8-4c28-a429-bfb4bcaae9d2', '4d88dc95-07bd-4461-be53-3a0cdb5bd43b', 'volledig') ON CONFLICT DO NOTHING;
INSERT INTO aanwezigheid (match_id, player_id, status) VALUES ('939f6350-a8eb-4e32-8413-4ff522a1223d', '4d88dc95-07bd-4461-be53-3a0cdb5bd43b', 'afwezig') ON CONFLICT DO NOTHING;
INSERT INTO aanwezigheid (match_id, player_id, status) VALUES ('20b4c534-84ab-4ad5-babc-180538f1d639', '4d88dc95-07bd-4461-be53-3a0cdb5bd43b', 'volledig') ON CONFLICT DO NOTHING;
INSERT INTO aanwezigheid (match_id, player_id, status) VALUES ('11f72385-8807-450f-ae2d-b9b8d44d4c6c', '4d88dc95-07bd-4461-be53-3a0cdb5bd43b', 'volledig') ON CONFLICT DO NOTHING;
INSERT INTO aanwezigheid (match_id, player_id, status) VALUES ('f464fbf1-08b3-43dc-800f-46d220954448', '4d88dc95-07bd-4461-be53-3a0cdb5bd43b', 'afwezig') ON CONFLICT DO NOTHING;
INSERT INTO aanwezigheid (match_id, player_id, status) VALUES ('8f26a4f6-4ceb-44d0-ae5a-918c3f4d0638', '4d88dc95-07bd-4461-be53-3a0cdb5bd43b', 'volledig') ON CONFLICT DO NOTHING;
INSERT INTO aanwezigheid (match_id, player_id, status) VALUES ('daab4c38-6f03-488f-b56a-07ea24806987', '4d88dc95-07bd-4461-be53-3a0cdb5bd43b', 'volledig') ON CONFLICT DO NOTHING;
INSERT INTO aanwezigheid (match_id, player_id, status) VALUES ('dc6c2aff-e5de-4a41-9fd3-990f780178da', '4d88dc95-07bd-4461-be53-3a0cdb5bd43b', 'toeschouwer') ON CONFLICT DO NOTHING;
INSERT INTO aanwezigheid (match_id, player_id, status) VALUES ('93092871-3ff6-4cc3-9b21-0cd1cd6fba75', '4d88dc95-07bd-4461-be53-3a0cdb5bd43b', 'toeschouwer') ON CONFLICT DO NOTHING;
INSERT INTO aanwezigheid (match_id, player_id, status) VALUES ('939f6350-a8eb-4e32-8413-4ff522a1223d', '3302401e-bca1-4829-bccd-ca90c6534d78', 'volledig') ON CONFLICT DO NOTHING;
INSERT INTO aanwezigheid (match_id, player_id, status) VALUES ('719703da-b118-43b4-8dc3-be4230b3ccc3', '3302401e-bca1-4829-bccd-ca90c6534d78', 'afwezig') ON CONFLICT DO NOTHING;
INSERT INTO aanwezigheid (match_id, player_id, status) VALUES ('a76a4720-0e26-4f9b-a0ea-0365f18c1505', '3302401e-bca1-4829-bccd-ca90c6534d78', 'afwezig') ON CONFLICT DO NOTHING;
INSERT INTO aanwezigheid (match_id, player_id, status) VALUES ('d60a43d5-5ad7-4abb-91e6-be1dd1022130', '3302401e-bca1-4829-bccd-ca90c6534d78', 'volledig') ON CONFLICT DO NOTHING;
INSERT INTO aanwezigheid (match_id, player_id, status) VALUES ('c5c3eb20-b0ef-4642-8701-8656a6ca02ed', '3302401e-bca1-4829-bccd-ca90c6534d78', 'volledig') ON CONFLICT DO NOTHING;
INSERT INTO aanwezigheid (match_id, player_id, status) VALUES ('8f26a4f6-4ceb-44d0-ae5a-918c3f4d0638', '3302401e-bca1-4829-bccd-ca90c6534d78', 'volledig') ON CONFLICT DO NOTHING;
INSERT INTO aanwezigheid (match_id, player_id, status) VALUES ('75f1be5f-3d44-4ad6-9794-680643dae8c8', '3302401e-bca1-4829-bccd-ca90c6534d78', 'afwezig') ON CONFLICT DO NOTHING;
INSERT INTO aanwezigheid (match_id, player_id, status) VALUES ('da0dd63b-3d3e-4698-935e-634fa3e2f0e7', '3302401e-bca1-4829-bccd-ca90c6534d78', 'volledig') ON CONFLICT DO NOTHING;
INSERT INTO aanwezigheid (match_id, player_id, status) VALUES ('daab4c38-6f03-488f-b56a-07ea24806987', '3302401e-bca1-4829-bccd-ca90c6534d78', 'volledig') ON CONFLICT DO NOTHING;
INSERT INTO aanwezigheid (match_id, player_id, status) VALUES ('373e464d-1752-4417-bd7a-ae43bebf354e', '3302401e-bca1-4829-bccd-ca90c6534d78', 'volledig') ON CONFLICT DO NOTHING;
INSERT INTO aanwezigheid (match_id, player_id, status) VALUES ('dc6c2aff-e5de-4a41-9fd3-990f780178da', '3302401e-bca1-4829-bccd-ca90c6534d78', 'volledig') ON CONFLICT DO NOTHING;
INSERT INTO aanwezigheid (match_id, player_id, status) VALUES ('8107005d-d6e1-4088-88ef-fac5bd2b112f', '3302401e-bca1-4829-bccd-ca90c6534d78', 'volledig') ON CONFLICT DO NOTHING;
INSERT INTO aanwezigheid (match_id, player_id, status) VALUES ('0b7878f3-95e8-4c28-a429-bfb4bcaae9d2', '55db8337-8403-4495-a3aa-ce85cf614885', 'volledig') ON CONFLICT DO NOTHING;
INSERT INTO aanwezigheid (match_id, player_id, status) VALUES ('939f6350-a8eb-4e32-8413-4ff522a1223d', '55db8337-8403-4495-a3aa-ce85cf614885', 'volledig') ON CONFLICT DO NOTHING;
INSERT INTO aanwezigheid (match_id, player_id, status) VALUES ('11f72385-8807-450f-ae2d-b9b8d44d4c6c', '55db8337-8403-4495-a3aa-ce85cf614885', 'afwezig') ON CONFLICT DO NOTHING;
INSERT INTO aanwezigheid (match_id, player_id, status) VALUES ('719703da-b118-43b4-8dc3-be4230b3ccc3', '55db8337-8403-4495-a3aa-ce85cf614885', 'volledig') ON CONFLICT DO NOTHING;
INSERT INTO aanwezigheid (match_id, player_id, status) VALUES ('f464fbf1-08b3-43dc-800f-46d220954448', '55db8337-8403-4495-a3aa-ce85cf614885', 'volledig') ON CONFLICT DO NOTHING;
INSERT INTO aanwezigheid (match_id, player_id, status) VALUES ('d60a43d5-5ad7-4abb-91e6-be1dd1022130', '55db8337-8403-4495-a3aa-ce85cf614885', 'afwezig') ON CONFLICT DO NOTHING;
INSERT INTO aanwezigheid (match_id, player_id, status) VALUES ('daab4c38-6f03-488f-b56a-07ea24806987', '55db8337-8403-4495-a3aa-ce85cf614885', 'volledig') ON CONFLICT DO NOTHING;
INSERT INTO aanwezigheid (match_id, player_id, status) VALUES ('93092871-3ff6-4cc3-9b21-0cd1cd6fba75', '55db8337-8403-4495-a3aa-ce85cf614885', 'volledig') ON CONFLICT DO NOTHING;
INSERT INTO aanwezigheid (match_id, player_id, status) VALUES ('7a88c39c-f5eb-45dc-b873-85389cbc634e', '7662b497-bd4a-4068-b238-c36624dbe58d', 'volledig') ON CONFLICT DO NOTHING;
INSERT INTO aanwezigheid (match_id, player_id, status) VALUES ('939f6350-a8eb-4e32-8413-4ff522a1223d', '7662b497-bd4a-4068-b238-c36624dbe58d', 'afwezig') ON CONFLICT DO NOTHING;
INSERT INTO aanwezigheid (match_id, player_id, status) VALUES ('11f72385-8807-450f-ae2d-b9b8d44d4c6c', '7662b497-bd4a-4068-b238-c36624dbe58d', 'volledig') ON CONFLICT DO NOTHING;
INSERT INTO aanwezigheid (match_id, player_id, status) VALUES ('719703da-b118-43b4-8dc3-be4230b3ccc3', '7662b497-bd4a-4068-b238-c36624dbe58d', 'afwezig') ON CONFLICT DO NOTHING;
INSERT INTO aanwezigheid (match_id, player_id, status) VALUES ('d60a43d5-5ad7-4abb-91e6-be1dd1022130', '7662b497-bd4a-4068-b238-c36624dbe58d', 'volledig') ON CONFLICT DO NOTHING;
INSERT INTO aanwezigheid (match_id, player_id, status) VALUES ('c5c3eb20-b0ef-4642-8701-8656a6ca02ed', '7662b497-bd4a-4068-b238-c36624dbe58d', 'volledig') ON CONFLICT DO NOTHING;
INSERT INTO aanwezigheid (match_id, player_id, status) VALUES ('8f26a4f6-4ceb-44d0-ae5a-918c3f4d0638', '7662b497-bd4a-4068-b238-c36624dbe58d', 'afwezig') ON CONFLICT DO NOTHING;
INSERT INTO aanwezigheid (match_id, player_id, status) VALUES ('75f1be5f-3d44-4ad6-9794-680643dae8c8', '7662b497-bd4a-4068-b238-c36624dbe58d', 'volledig') ON CONFLICT DO NOTHING;
INSERT INTO aanwezigheid (match_id, player_id, status) VALUES ('dc6c2aff-e5de-4a41-9fd3-990f780178da', '7662b497-bd4a-4068-b238-c36624dbe58d', 'volledig') ON CONFLICT DO NOTHING;
INSERT INTO aanwezigheid (match_id, player_id, status) VALUES ('93092871-3ff6-4cc3-9b21-0cd1cd6fba75', '7662b497-bd4a-4068-b238-c36624dbe58d', 'volledig') ON CONFLICT DO NOTHING;
INSERT INTO aanwezigheid (match_id, player_id, status) VALUES ('8107005d-d6e1-4088-88ef-fac5bd2b112f', '7662b497-bd4a-4068-b238-c36624dbe58d', 'volledig') ON CONFLICT DO NOTHING;
INSERT INTO aanwezigheid (match_id, player_id, status) VALUES ('939f6350-a8eb-4e32-8413-4ff522a1223d', 'f6ca1a0c-0eb8-4dd8-babd-3202aa86d92a', 'toeschouwer') ON CONFLICT DO NOTHING;
INSERT INTO aanwezigheid (match_id, player_id, status) VALUES ('20b4c534-84ab-4ad5-babc-180538f1d639', 'f6ca1a0c-0eb8-4dd8-babd-3202aa86d92a', 'volledig') ON CONFLICT DO NOTHING;
INSERT INTO aanwezigheid (match_id, player_id, status) VALUES ('a76a4720-0e26-4f9b-a0ea-0365f18c1505', 'f6ca1a0c-0eb8-4dd8-babd-3202aa86d92a', 'afwezig') ON CONFLICT DO NOTHING;
INSERT INTO aanwezigheid (match_id, player_id, status) VALUES ('f464fbf1-08b3-43dc-800f-46d220954448', 'f6ca1a0c-0eb8-4dd8-babd-3202aa86d92a', 'volledig') ON CONFLICT DO NOTHING;
INSERT INTO aanwezigheid (match_id, player_id, status) VALUES ('75f1be5f-3d44-4ad6-9794-680643dae8c8', 'f6ca1a0c-0eb8-4dd8-babd-3202aa86d92a', 'afwezig') ON CONFLICT DO NOTHING;
INSERT INTO aanwezigheid (match_id, player_id, status) VALUES ('373e464d-1752-4417-bd7a-ae43bebf354e', 'f6ca1a0c-0eb8-4dd8-babd-3202aa86d92a', 'volledig') ON CONFLICT DO NOTHING;
INSERT INTO aanwezigheid (match_id, player_id, status) VALUES ('dc6c2aff-e5de-4a41-9fd3-990f780178da', 'f6ca1a0c-0eb8-4dd8-babd-3202aa86d92a', 'volledig') ON CONFLICT DO NOTHING;
INSERT INTO aanwezigheid (match_id, player_id, status) VALUES ('93092871-3ff6-4cc3-9b21-0cd1cd6fba75', 'f6ca1a0c-0eb8-4dd8-babd-3202aa86d92a', 'volledig') ON CONFLICT DO NOTHING;
INSERT INTO aanwezigheid (match_id, player_id, status) VALUES ('8107005d-d6e1-4088-88ef-fac5bd2b112f', 'f6ca1a0c-0eb8-4dd8-babd-3202aa86d92a', 'volledig') ON CONFLICT DO NOTHING;
INSERT INTO aanwezigheid (match_id, player_id, status) VALUES ('4cedab97-cf5c-439b-8368-18e950467f3c', '2dacb871-5105-4cb9-a30f-9fc2c7870ad3', 'volledig') ON CONFLICT DO NOTHING;
INSERT INTO aanwezigheid (match_id, player_id, status) VALUES ('7a88c39c-f5eb-45dc-b873-85389cbc634e', '2dacb871-5105-4cb9-a30f-9fc2c7870ad3', 'volledig') ON CONFLICT DO NOTHING;
INSERT INTO aanwezigheid (match_id, player_id, status) VALUES ('0b7878f3-95e8-4c28-a429-bfb4bcaae9d2', '2dacb871-5105-4cb9-a30f-9fc2c7870ad3', 'afwezig') ON CONFLICT DO NOTHING;
INSERT INTO aanwezigheid (match_id, player_id, status) VALUES ('939f6350-a8eb-4e32-8413-4ff522a1223d', '2dacb871-5105-4cb9-a30f-9fc2c7870ad3', 'volledig') ON CONFLICT DO NOTHING;
INSERT INTO aanwezigheid (match_id, player_id, status) VALUES ('11f72385-8807-450f-ae2d-b9b8d44d4c6c', '2dacb871-5105-4cb9-a30f-9fc2c7870ad3', 'volledig') ON CONFLICT DO NOTHING;
INSERT INTO aanwezigheid (match_id, player_id, status) VALUES ('719703da-b118-43b4-8dc3-be4230b3ccc3', '2dacb871-5105-4cb9-a30f-9fc2c7870ad3', 'volledig') ON CONFLICT DO NOTHING;
INSERT INTO aanwezigheid (match_id, player_id, status) VALUES ('a76a4720-0e26-4f9b-a0ea-0365f18c1505', '2dacb871-5105-4cb9-a30f-9fc2c7870ad3', 'volledig') ON CONFLICT DO NOTHING;
INSERT INTO aanwezigheid (match_id, player_id, status) VALUES ('f464fbf1-08b3-43dc-800f-46d220954448', '2dacb871-5105-4cb9-a30f-9fc2c7870ad3', 'afwezig') ON CONFLICT DO NOTHING;
INSERT INTO aanwezigheid (match_id, player_id, status) VALUES ('d60a43d5-5ad7-4abb-91e6-be1dd1022130', '2dacb871-5105-4cb9-a30f-9fc2c7870ad3', 'afwezig') ON CONFLICT DO NOTHING;
INSERT INTO aanwezigheid (match_id, player_id, status) VALUES ('c5c3eb20-b0ef-4642-8701-8656a6ca02ed', '2dacb871-5105-4cb9-a30f-9fc2c7870ad3', 'volledig') ON CONFLICT DO NOTHING;
INSERT INTO aanwezigheid (match_id, player_id, status) VALUES ('8f26a4f6-4ceb-44d0-ae5a-918c3f4d0638', '2dacb871-5105-4cb9-a30f-9fc2c7870ad3', 'afwezig') ON CONFLICT DO NOTHING;
INSERT INTO aanwezigheid (match_id, player_id, status) VALUES ('da0dd63b-3d3e-4698-935e-634fa3e2f0e7', '2dacb871-5105-4cb9-a30f-9fc2c7870ad3', 'volledig') ON CONFLICT DO NOTHING;
INSERT INTO aanwezigheid (match_id, player_id, status) VALUES ('daab4c38-6f03-488f-b56a-07ea24806987', '2dacb871-5105-4cb9-a30f-9fc2c7870ad3', 'volledig') ON CONFLICT DO NOTHING;
INSERT INTO aanwezigheid (match_id, player_id, status) VALUES ('373e464d-1752-4417-bd7a-ae43bebf354e', '2dacb871-5105-4cb9-a30f-9fc2c7870ad3', 'afwezig') ON CONFLICT DO NOTHING;
INSERT INTO aanwezigheid (match_id, player_id, status) VALUES ('dc6c2aff-e5de-4a41-9fd3-990f780178da', '2dacb871-5105-4cb9-a30f-9fc2c7870ad3', 'volledig') ON CONFLICT DO NOTHING;
INSERT INTO aanwezigheid (match_id, player_id, status) VALUES ('93092871-3ff6-4cc3-9b21-0cd1cd6fba75', '2dacb871-5105-4cb9-a30f-9fc2c7870ad3', 'volledig') ON CONFLICT DO NOTHING;
INSERT INTO aanwezigheid (match_id, player_id, status) VALUES ('4cedab97-cf5c-439b-8368-18e950467f3c', 'db232b7c-aa0f-4295-b87a-ea5db2338730', 'volledig') ON CONFLICT DO NOTHING;
INSERT INTO aanwezigheid (match_id, player_id, status) VALUES ('0b7878f3-95e8-4c28-a429-bfb4bcaae9d2', 'db232b7c-aa0f-4295-b87a-ea5db2338730', 'volledig') ON CONFLICT DO NOTHING;
INSERT INTO aanwezigheid (match_id, player_id, status) VALUES ('939f6350-a8eb-4e32-8413-4ff522a1223d', 'db232b7c-aa0f-4295-b87a-ea5db2338730', 'afwezig') ON CONFLICT DO NOTHING;
INSERT INTO aanwezigheid (match_id, player_id, status) VALUES ('20b4c534-84ab-4ad5-babc-180538f1d639', 'db232b7c-aa0f-4295-b87a-ea5db2338730', 'volledig') ON CONFLICT DO NOTHING;
INSERT INTO aanwezigheid (match_id, player_id, status) VALUES ('11f72385-8807-450f-ae2d-b9b8d44d4c6c', 'db232b7c-aa0f-4295-b87a-ea5db2338730', 'volledig') ON CONFLICT DO NOTHING;
INSERT INTO aanwezigheid (match_id, player_id, status) VALUES ('719703da-b118-43b4-8dc3-be4230b3ccc3', 'db232b7c-aa0f-4295-b87a-ea5db2338730', 'toeschouwer') ON CONFLICT DO NOTHING;
INSERT INTO aanwezigheid (match_id, player_id, status) VALUES ('a76a4720-0e26-4f9b-a0ea-0365f18c1505', 'db232b7c-aa0f-4295-b87a-ea5db2338730', 'afwezig') ON CONFLICT DO NOTHING;
INSERT INTO aanwezigheid (match_id, player_id, status) VALUES ('f464fbf1-08b3-43dc-800f-46d220954448', 'db232b7c-aa0f-4295-b87a-ea5db2338730', 'afwezig') ON CONFLICT DO NOTHING;
INSERT INTO aanwezigheid (match_id, player_id, status) VALUES ('d60a43d5-5ad7-4abb-91e6-be1dd1022130', 'db232b7c-aa0f-4295-b87a-ea5db2338730', 'volledig') ON CONFLICT DO NOTHING;
INSERT INTO aanwezigheid (match_id, player_id, status) VALUES ('8f26a4f6-4ceb-44d0-ae5a-918c3f4d0638', 'db232b7c-aa0f-4295-b87a-ea5db2338730', 'volledig') ON CONFLICT DO NOTHING;
INSERT INTO aanwezigheid (match_id, player_id, status) VALUES ('75f1be5f-3d44-4ad6-9794-680643dae8c8', 'db232b7c-aa0f-4295-b87a-ea5db2338730', 'volledig') ON CONFLICT DO NOTHING;
INSERT INTO aanwezigheid (match_id, player_id, status) VALUES ('da0dd63b-3d3e-4698-935e-634fa3e2f0e7', 'db232b7c-aa0f-4295-b87a-ea5db2338730', 'volledig') ON CONFLICT DO NOTHING;
INSERT INTO aanwezigheid (match_id, player_id, status) VALUES ('373e464d-1752-4417-bd7a-ae43bebf354e', 'db232b7c-aa0f-4295-b87a-ea5db2338730', 'afwezig') ON CONFLICT DO NOTHING;
INSERT INTO aanwezigheid (match_id, player_id, status) VALUES ('4cedab97-cf5c-439b-8368-18e950467f3c', '08d42ab8-69da-488f-9553-4bab95fd89e4', 'volledig') ON CONFLICT DO NOTHING;
INSERT INTO aanwezigheid (match_id, player_id, status) VALUES ('7a88c39c-f5eb-45dc-b873-85389cbc634e', '08d42ab8-69da-488f-9553-4bab95fd89e4', 'volledig') ON CONFLICT DO NOTHING;
INSERT INTO aanwezigheid (match_id, player_id, status) VALUES ('0b7878f3-95e8-4c28-a429-bfb4bcaae9d2', '08d42ab8-69da-488f-9553-4bab95fd89e4', 'volledig') ON CONFLICT DO NOTHING;
INSERT INTO aanwezigheid (match_id, player_id, status) VALUES ('20b4c534-84ab-4ad5-babc-180538f1d639', '08d42ab8-69da-488f-9553-4bab95fd89e4', 'volledig') ON CONFLICT DO NOTHING;
INSERT INTO aanwezigheid (match_id, player_id, status) VALUES ('719703da-b118-43b4-8dc3-be4230b3ccc3', '08d42ab8-69da-488f-9553-4bab95fd89e4', 'volledig') ON CONFLICT DO NOTHING;
INSERT INTO aanwezigheid (match_id, player_id, status) VALUES ('a76a4720-0e26-4f9b-a0ea-0365f18c1505', '08d42ab8-69da-488f-9553-4bab95fd89e4', 'afwezig') ON CONFLICT DO NOTHING;
INSERT INTO aanwezigheid (match_id, player_id, status) VALUES ('f464fbf1-08b3-43dc-800f-46d220954448', '08d42ab8-69da-488f-9553-4bab95fd89e4', 'volledig') ON CONFLICT DO NOTHING;
INSERT INTO aanwezigheid (match_id, player_id, status) VALUES ('d60a43d5-5ad7-4abb-91e6-be1dd1022130', '08d42ab8-69da-488f-9553-4bab95fd89e4', 'afwezig') ON CONFLICT DO NOTHING;
INSERT INTO aanwezigheid (match_id, player_id, status) VALUES ('c5c3eb20-b0ef-4642-8701-8656a6ca02ed', '08d42ab8-69da-488f-9553-4bab95fd89e4', 'afwezig') ON CONFLICT DO NOTHING;
INSERT INTO aanwezigheid (match_id, player_id, status) VALUES ('8f26a4f6-4ceb-44d0-ae5a-918c3f4d0638', '08d42ab8-69da-488f-9553-4bab95fd89e4', 'volledig') ON CONFLICT DO NOTHING;
INSERT INTO aanwezigheid (match_id, player_id, status) VALUES ('75f1be5f-3d44-4ad6-9794-680643dae8c8', '08d42ab8-69da-488f-9553-4bab95fd89e4', 'volledig') ON CONFLICT DO NOTHING;
INSERT INTO aanwezigheid (match_id, player_id, status) VALUES ('da0dd63b-3d3e-4698-935e-634fa3e2f0e7', '08d42ab8-69da-488f-9553-4bab95fd89e4', 'afwezig') ON CONFLICT DO NOTHING;
INSERT INTO aanwezigheid (match_id, player_id, status) VALUES ('daab4c38-6f03-488f-b56a-07ea24806987', '08d42ab8-69da-488f-9553-4bab95fd89e4', 'volledig') ON CONFLICT DO NOTHING;
INSERT INTO aanwezigheid (match_id, player_id, status) VALUES ('373e464d-1752-4417-bd7a-ae43bebf354e', '08d42ab8-69da-488f-9553-4bab95fd89e4', 'volledig') ON CONFLICT DO NOTHING;
INSERT INTO aanwezigheid (match_id, player_id, status) VALUES ('8107005d-d6e1-4088-88ef-fac5bd2b112f', '08d42ab8-69da-488f-9553-4bab95fd89e4', 'volledig') ON CONFLICT DO NOTHING;
INSERT INTO aanwezigheid (match_id, player_id, status) VALUES ('4cedab97-cf5c-439b-8368-18e950467f3c', '2995e934-f5a4-4076-ae32-0e02728e600a', 'volledig') ON CONFLICT DO NOTHING;
INSERT INTO aanwezigheid (match_id, player_id, status) VALUES ('7a88c39c-f5eb-45dc-b873-85389cbc634e', '2995e934-f5a4-4076-ae32-0e02728e600a', 'volledig') ON CONFLICT DO NOTHING;
INSERT INTO aanwezigheid (match_id, player_id, status) VALUES ('939f6350-a8eb-4e32-8413-4ff522a1223d', '2995e934-f5a4-4076-ae32-0e02728e600a', 'volledig') ON CONFLICT DO NOTHING;
INSERT INTO aanwezigheid (match_id, player_id, status) VALUES ('11f72385-8807-450f-ae2d-b9b8d44d4c6c', '2995e934-f5a4-4076-ae32-0e02728e600a', 'afwezig') ON CONFLICT DO NOTHING;
INSERT INTO aanwezigheid (match_id, player_id, status) VALUES ('719703da-b118-43b4-8dc3-be4230b3ccc3', '2995e934-f5a4-4076-ae32-0e02728e600a', 'afwezig') ON CONFLICT DO NOTHING;
INSERT INTO aanwezigheid (match_id, player_id, status) VALUES ('a76a4720-0e26-4f9b-a0ea-0365f18c1505', '2995e934-f5a4-4076-ae32-0e02728e600a', 'volledig') ON CONFLICT DO NOTHING;
INSERT INTO aanwezigheid (match_id, player_id, status) VALUES ('f464fbf1-08b3-43dc-800f-46d220954448', '2995e934-f5a4-4076-ae32-0e02728e600a', 'volledig') ON CONFLICT DO NOTHING;
INSERT INTO aanwezigheid (match_id, player_id, status) VALUES ('d60a43d5-5ad7-4abb-91e6-be1dd1022130', '2995e934-f5a4-4076-ae32-0e02728e600a', 'volledig') ON CONFLICT DO NOTHING;
INSERT INTO aanwezigheid (match_id, player_id, status) VALUES ('c5c3eb20-b0ef-4642-8701-8656a6ca02ed', '2995e934-f5a4-4076-ae32-0e02728e600a', 'afwezig') ON CONFLICT DO NOTHING;
INSERT INTO aanwezigheid (match_id, player_id, status) VALUES ('8f26a4f6-4ceb-44d0-ae5a-918c3f4d0638', '2995e934-f5a4-4076-ae32-0e02728e600a', 'afwezig') ON CONFLICT DO NOTHING;
INSERT INTO aanwezigheid (match_id, player_id, status) VALUES ('75f1be5f-3d44-4ad6-9794-680643dae8c8', '2995e934-f5a4-4076-ae32-0e02728e600a', 'volledig') ON CONFLICT DO NOTHING;
INSERT INTO aanwezigheid (match_id, player_id, status) VALUES ('373e464d-1752-4417-bd7a-ae43bebf354e', '2995e934-f5a4-4076-ae32-0e02728e600a', 'afwezig') ON CONFLICT DO NOTHING;
INSERT INTO aanwezigheid (match_id, player_id, status) VALUES ('dc6c2aff-e5de-4a41-9fd3-990f780178da', '2995e934-f5a4-4076-ae32-0e02728e600a', 'volledig') ON CONFLICT DO NOTHING;
INSERT INTO aanwezigheid (match_id, player_id, status) VALUES ('93092871-3ff6-4cc3-9b21-0cd1cd6fba75', '2995e934-f5a4-4076-ae32-0e02728e600a', 'volledig') ON CONFLICT DO NOTHING;
INSERT INTO aanwezigheid (match_id, player_id, status) VALUES ('8107005d-d6e1-4088-88ef-fac5bd2b112f', '2995e934-f5a4-4076-ae32-0e02728e600a', 'volledig') ON CONFLICT DO NOTHING;
INSERT INTO aanwezigheid (match_id, player_id, status) VALUES ('4cedab97-cf5c-439b-8368-18e950467f3c', '46e7f9db-b122-4111-a3e8-969af745d315', 'volledig') ON CONFLICT DO NOTHING;
INSERT INTO aanwezigheid (match_id, player_id, status) VALUES ('7a88c39c-f5eb-45dc-b873-85389cbc634e', '46e7f9db-b122-4111-a3e8-969af745d315', 'afwezig') ON CONFLICT DO NOTHING;
INSERT INTO aanwezigheid (match_id, player_id, status) VALUES ('939f6350-a8eb-4e32-8413-4ff522a1223d', '46e7f9db-b122-4111-a3e8-969af745d315', 'volledig') ON CONFLICT DO NOTHING;
INSERT INTO aanwezigheid (match_id, player_id, status) VALUES ('11f72385-8807-450f-ae2d-b9b8d44d4c6c', '46e7f9db-b122-4111-a3e8-969af745d315', 'volledig') ON CONFLICT DO NOTHING;
INSERT INTO aanwezigheid (match_id, player_id, status) VALUES ('719703da-b118-43b4-8dc3-be4230b3ccc3', '46e7f9db-b122-4111-a3e8-969af745d315', 'volledig') ON CONFLICT DO NOTHING;
INSERT INTO aanwezigheid (match_id, player_id, status) VALUES ('a76a4720-0e26-4f9b-a0ea-0365f18c1505', '46e7f9db-b122-4111-a3e8-969af745d315', 'volledig') ON CONFLICT DO NOTHING;
INSERT INTO aanwezigheid (match_id, player_id, status) VALUES ('f464fbf1-08b3-43dc-800f-46d220954448', '46e7f9db-b122-4111-a3e8-969af745d315', 'afwezig') ON CONFLICT DO NOTHING;
INSERT INTO aanwezigheid (match_id, player_id, status) VALUES ('c5c3eb20-b0ef-4642-8701-8656a6ca02ed', '46e7f9db-b122-4111-a3e8-969af745d315', 'volledig') ON CONFLICT DO NOTHING;
INSERT INTO aanwezigheid (match_id, player_id, status) VALUES ('75f1be5f-3d44-4ad6-9794-680643dae8c8', '46e7f9db-b122-4111-a3e8-969af745d315', 'afwezig') ON CONFLICT DO NOTHING;
INSERT INTO aanwezigheid (match_id, player_id, status) VALUES ('da0dd63b-3d3e-4698-935e-634fa3e2f0e7', '46e7f9db-b122-4111-a3e8-969af745d315', 'volledig') ON CONFLICT DO NOTHING;
INSERT INTO aanwezigheid (match_id, player_id, status) VALUES ('daab4c38-6f03-488f-b56a-07ea24806987', '46e7f9db-b122-4111-a3e8-969af745d315', 'volledig') ON CONFLICT DO NOTHING;
INSERT INTO aanwezigheid (match_id, player_id, status) VALUES ('373e464d-1752-4417-bd7a-ae43bebf354e', '46e7f9db-b122-4111-a3e8-969af745d315', 'afwezig') ON CONFLICT DO NOTHING;
INSERT INTO aanwezigheid (match_id, player_id, status) VALUES ('dc6c2aff-e5de-4a41-9fd3-990f780178da', '46e7f9db-b122-4111-a3e8-969af745d315', 'volledig') ON CONFLICT DO NOTHING;
INSERT INTO aanwezigheid (match_id, player_id, status) VALUES ('93092871-3ff6-4cc3-9b21-0cd1cd6fba75', '46e7f9db-b122-4111-a3e8-969af745d315', 'afwezig') ON CONFLICT DO NOTHING;
INSERT INTO aanwezigheid (match_id, player_id, status) VALUES ('11f72385-8807-450f-ae2d-b9b8d44d4c6c', '23c489b4-ab3d-41f2-b2ef-61ca76e9edb1', 'afwezig') ON CONFLICT DO NOTHING;
INSERT INTO aanwezigheid (match_id, player_id, status) VALUES ('d60a43d5-5ad7-4abb-91e6-be1dd1022130', '23c489b4-ab3d-41f2-b2ef-61ca76e9edb1', 'volledig') ON CONFLICT DO NOTHING;
INSERT INTO aanwezigheid (match_id, player_id, status) VALUES ('8f26a4f6-4ceb-44d0-ae5a-918c3f4d0638', '23c489b4-ab3d-41f2-b2ef-61ca76e9edb1', 'volledig') ON CONFLICT DO NOTHING;
INSERT INTO aanwezigheid (match_id, player_id, status) VALUES ('da0dd63b-3d3e-4698-935e-634fa3e2f0e7', '23c489b4-ab3d-41f2-b2ef-61ca76e9edb1', 'volledig') ON CONFLICT DO NOTHING;
INSERT INTO aanwezigheid (match_id, player_id, status) VALUES ('dc6c2aff-e5de-4a41-9fd3-990f780178da', '23c489b4-ab3d-41f2-b2ef-61ca76e9edb1', 'toeschouwer') ON CONFLICT DO NOTHING;
INSERT INTO aanwezigheid (match_id, player_id, status) VALUES ('0b7878f3-95e8-4c28-a429-bfb4bcaae9d2', 'e5270f79-ad7d-44ee-a1ce-d96ba66f490b', 'volledig') ON CONFLICT DO NOTHING;
INSERT INTO aanwezigheid (match_id, player_id, status) VALUES ('939f6350-a8eb-4e32-8413-4ff522a1223d', 'e5270f79-ad7d-44ee-a1ce-d96ba66f490b', 'volledig') ON CONFLICT DO NOTHING;
INSERT INTO aanwezigheid (match_id, player_id, status) VALUES ('20b4c534-84ab-4ad5-babc-180538f1d639', 'e5270f79-ad7d-44ee-a1ce-d96ba66f490b', 'volledig') ON CONFLICT DO NOTHING;
INSERT INTO aanwezigheid (match_id, player_id, status) VALUES ('a76a4720-0e26-4f9b-a0ea-0365f18c1505', 'e5270f79-ad7d-44ee-a1ce-d96ba66f490b', 'volledig') ON CONFLICT DO NOTHING;
INSERT INTO aanwezigheid (match_id, player_id, status) VALUES ('f464fbf1-08b3-43dc-800f-46d220954448', 'e5270f79-ad7d-44ee-a1ce-d96ba66f490b', 'afwezig') ON CONFLICT DO NOTHING;
INSERT INTO aanwezigheid (match_id, player_id, status) VALUES ('d60a43d5-5ad7-4abb-91e6-be1dd1022130', 'e5270f79-ad7d-44ee-a1ce-d96ba66f490b', 'volledig') ON CONFLICT DO NOTHING;
INSERT INTO aanwezigheid (match_id, player_id, status) VALUES ('c5c3eb20-b0ef-4642-8701-8656a6ca02ed', 'e5270f79-ad7d-44ee-a1ce-d96ba66f490b', 'afwezig') ON CONFLICT DO NOTHING;
INSERT INTO aanwezigheid (match_id, player_id, status) VALUES ('75f1be5f-3d44-4ad6-9794-680643dae8c8', 'e5270f79-ad7d-44ee-a1ce-d96ba66f490b', 'afwezig') ON CONFLICT DO NOTHING;
INSERT INTO aanwezigheid (match_id, player_id, status) VALUES ('da0dd63b-3d3e-4698-935e-634fa3e2f0e7', 'e5270f79-ad7d-44ee-a1ce-d96ba66f490b', 'volledig') ON CONFLICT DO NOTHING;
INSERT INTO aanwezigheid (match_id, player_id, status) VALUES ('daab4c38-6f03-488f-b56a-07ea24806987', 'e5270f79-ad7d-44ee-a1ce-d96ba66f490b', 'volledig') ON CONFLICT DO NOTHING;
INSERT INTO aanwezigheid (match_id, player_id, status) VALUES ('373e464d-1752-4417-bd7a-ae43bebf354e', 'e5270f79-ad7d-44ee-a1ce-d96ba66f490b', 'afwezig') ON CONFLICT DO NOTHING;
INSERT INTO aanwezigheid (match_id, player_id, status) VALUES ('93092871-3ff6-4cc3-9b21-0cd1cd6fba75', 'e5270f79-ad7d-44ee-a1ce-d96ba66f490b', 'volledig') ON CONFLICT DO NOTHING;
INSERT INTO aanwezigheid (match_id, player_id, status) VALUES ('8107005d-d6e1-4088-88ef-fac5bd2b112f', 'e5270f79-ad7d-44ee-a1ce-d96ba66f490b', 'volledig') ON CONFLICT DO NOTHING;
INSERT INTO aanwezigheid (match_id, player_id, status) VALUES ('7a88c39c-f5eb-45dc-b873-85389cbc634e', '2c485bc2-47e8-4df0-a554-da9bf63c4d67', 'volledig') ON CONFLICT DO NOTHING;
INSERT INTO aanwezigheid (match_id, player_id, status) VALUES ('0b7878f3-95e8-4c28-a429-bfb4bcaae9d2', '2c485bc2-47e8-4df0-a554-da9bf63c4d67', 'volledig') ON CONFLICT DO NOTHING;
INSERT INTO aanwezigheid (match_id, player_id, status) VALUES ('20b4c534-84ab-4ad5-babc-180538f1d639', '2c485bc2-47e8-4df0-a554-da9bf63c4d67', 'volledig') ON CONFLICT DO NOTHING;
INSERT INTO aanwezigheid (match_id, player_id, status) VALUES ('11f72385-8807-450f-ae2d-b9b8d44d4c6c', '2c485bc2-47e8-4df0-a554-da9bf63c4d67', 'volledig') ON CONFLICT DO NOTHING;
INSERT INTO aanwezigheid (match_id, player_id, status) VALUES ('c5c3eb20-b0ef-4642-8701-8656a6ca02ed', '2c485bc2-47e8-4df0-a554-da9bf63c4d67', 'afwezig') ON CONFLICT DO NOTHING;
INSERT INTO aanwezigheid (match_id, player_id, status) VALUES ('75f1be5f-3d44-4ad6-9794-680643dae8c8', '2c485bc2-47e8-4df0-a554-da9bf63c4d67', 'afwezig') ON CONFLICT DO NOTHING;
INSERT INTO aanwezigheid (match_id, player_id, status) VALUES ('da0dd63b-3d3e-4698-935e-634fa3e2f0e7', '2c485bc2-47e8-4df0-a554-da9bf63c4d67', 'volledig') ON CONFLICT DO NOTHING;
INSERT INTO aanwezigheid (match_id, player_id, status) VALUES ('daab4c38-6f03-488f-b56a-07ea24806987', '2c485bc2-47e8-4df0-a554-da9bf63c4d67', 'afwezig') ON CONFLICT DO NOTHING;
INSERT INTO aanwezigheid (match_id, player_id, status) VALUES ('373e464d-1752-4417-bd7a-ae43bebf354e', '2c485bc2-47e8-4df0-a554-da9bf63c4d67', 'volledig') ON CONFLICT DO NOTHING;
INSERT INTO aanwezigheid (match_id, player_id, status) VALUES ('7a88c39c-f5eb-45dc-b873-85389cbc634e', '38d0b8c9-7c17-4392-a492-b95943248244', 'volledig') ON CONFLICT DO NOTHING;
INSERT INTO aanwezigheid (match_id, player_id, status) VALUES ('0b7878f3-95e8-4c28-a429-bfb4bcaae9d2', '38d0b8c9-7c17-4392-a492-b95943248244', 'volledig') ON CONFLICT DO NOTHING;
INSERT INTO aanwezigheid (match_id, player_id, status) VALUES ('11f72385-8807-450f-ae2d-b9b8d44d4c6c', '38d0b8c9-7c17-4392-a492-b95943248244', 'afwezig') ON CONFLICT DO NOTHING;
INSERT INTO aanwezigheid (match_id, player_id, status) VALUES ('719703da-b118-43b4-8dc3-be4230b3ccc3', '38d0b8c9-7c17-4392-a492-b95943248244', 'volledig') ON CONFLICT DO NOTHING;
INSERT INTO aanwezigheid (match_id, player_id, status) VALUES ('f464fbf1-08b3-43dc-800f-46d220954448', '38d0b8c9-7c17-4392-a492-b95943248244', 'volledig') ON CONFLICT DO NOTHING;
INSERT INTO aanwezigheid (match_id, player_id, status) VALUES ('d60a43d5-5ad7-4abb-91e6-be1dd1022130', '38d0b8c9-7c17-4392-a492-b95943248244', 'afwezig') ON CONFLICT DO NOTHING;
INSERT INTO aanwezigheid (match_id, player_id, status) VALUES ('c5c3eb20-b0ef-4642-8701-8656a6ca02ed', '38d0b8c9-7c17-4392-a492-b95943248244', 'afwezig') ON CONFLICT DO NOTHING;
INSERT INTO aanwezigheid (match_id, player_id, status) VALUES ('8f26a4f6-4ceb-44d0-ae5a-918c3f4d0638', '38d0b8c9-7c17-4392-a492-b95943248244', 'volledig') ON CONFLICT DO NOTHING;
INSERT INTO aanwezigheid (match_id, player_id, status) VALUES ('75f1be5f-3d44-4ad6-9794-680643dae8c8', '38d0b8c9-7c17-4392-a492-b95943248244', 'volledig') ON CONFLICT DO NOTHING;
INSERT INTO aanwezigheid (match_id, player_id, status) VALUES ('daab4c38-6f03-488f-b56a-07ea24806987', '38d0b8c9-7c17-4392-a492-b95943248244', 'volledig') ON CONFLICT DO NOTHING;
INSERT INTO aanwezigheid (match_id, player_id, status) VALUES ('373e464d-1752-4417-bd7a-ae43bebf354e', '38d0b8c9-7c17-4392-a492-b95943248244', 'afwezig') ON CONFLICT DO NOTHING;
INSERT INTO aanwezigheid (match_id, player_id, status) VALUES ('dc6c2aff-e5de-4a41-9fd3-990f780178da', '38d0b8c9-7c17-4392-a492-b95943248244', 'volledig') ON CONFLICT DO NOTHING;
INSERT INTO aanwezigheid (match_id, player_id, status) VALUES ('93092871-3ff6-4cc3-9b21-0cd1cd6fba75', '38d0b8c9-7c17-4392-a492-b95943248244', 'volledig') ON CONFLICT DO NOTHING;
INSERT INTO aanwezigheid (match_id, player_id, status) VALUES ('7a88c39c-f5eb-45dc-b873-85389cbc634e', 'b368cd89-d75e-4d9e-9033-e1257f856bd2', 'volledig') ON CONFLICT DO NOTHING;
INSERT INTO aanwezigheid (match_id, player_id, status) VALUES ('0b7878f3-95e8-4c28-a429-bfb4bcaae9d2', 'b368cd89-d75e-4d9e-9033-e1257f856bd2', 'volledig') ON CONFLICT DO NOTHING;
INSERT INTO aanwezigheid (match_id, player_id, status) VALUES ('11f72385-8807-450f-ae2d-b9b8d44d4c6c', 'b368cd89-d75e-4d9e-9033-e1257f856bd2', 'volledig') ON CONFLICT DO NOTHING;
INSERT INTO aanwezigheid (match_id, player_id, status) VALUES ('719703da-b118-43b4-8dc3-be4230b3ccc3', 'b368cd89-d75e-4d9e-9033-e1257f856bd2', 'volledig') ON CONFLICT DO NOTHING;
INSERT INTO aanwezigheid (match_id, player_id, status) VALUES ('c5c3eb20-b0ef-4642-8701-8656a6ca02ed', 'b368cd89-d75e-4d9e-9033-e1257f856bd2', 'afwezig') ON CONFLICT DO NOTHING;
INSERT INTO aanwezigheid (match_id, player_id, status) VALUES ('8f26a4f6-4ceb-44d0-ae5a-918c3f4d0638', 'b368cd89-d75e-4d9e-9033-e1257f856bd2', 'afwezig') ON CONFLICT DO NOTHING;
INSERT INTO aanwezigheid (match_id, player_id, status) VALUES ('75f1be5f-3d44-4ad6-9794-680643dae8c8', 'b368cd89-d75e-4d9e-9033-e1257f856bd2', 'afwezig') ON CONFLICT DO NOTHING;
INSERT INTO aanwezigheid (match_id, player_id, status) VALUES ('daab4c38-6f03-488f-b56a-07ea24806987', 'b368cd89-d75e-4d9e-9033-e1257f856bd2', 'volledig') ON CONFLICT DO NOTHING;
INSERT INTO aanwezigheid (match_id, player_id, status) VALUES ('373e464d-1752-4417-bd7a-ae43bebf354e', 'b368cd89-d75e-4d9e-9033-e1257f856bd2', 'volledig') ON CONFLICT DO NOTHING;
INSERT INTO aanwezigheid (match_id, player_id, status) VALUES ('dc6c2aff-e5de-4a41-9fd3-990f780178da', 'b368cd89-d75e-4d9e-9033-e1257f856bd2', 'volledig') ON CONFLICT DO NOTHING;
INSERT INTO aanwezigheid (match_id, player_id, status) VALUES ('4cedab97-cf5c-439b-8368-18e950467f3c', '34d80d7f-1327-4839-8dec-889398b9737b', 'volledig') ON CONFLICT DO NOTHING;
INSERT INTO aanwezigheid (match_id, player_id, status) VALUES ('939f6350-a8eb-4e32-8413-4ff522a1223d', '34d80d7f-1327-4839-8dec-889398b9737b', 'afwezig') ON CONFLICT DO NOTHING;
INSERT INTO aanwezigheid (match_id, player_id, status) VALUES ('20b4c534-84ab-4ad5-babc-180538f1d639', '34d80d7f-1327-4839-8dec-889398b9737b', 'volledig') ON CONFLICT DO NOTHING;
INSERT INTO aanwezigheid (match_id, player_id, status) VALUES ('11f72385-8807-450f-ae2d-b9b8d44d4c6c', '34d80d7f-1327-4839-8dec-889398b9737b', 'volledig') ON CONFLICT DO NOTHING;
INSERT INTO aanwezigheid (match_id, player_id, status) VALUES ('719703da-b118-43b4-8dc3-be4230b3ccc3', '34d80d7f-1327-4839-8dec-889398b9737b', 'volledig') ON CONFLICT DO NOTHING;
INSERT INTO aanwezigheid (match_id, player_id, status) VALUES ('a76a4720-0e26-4f9b-a0ea-0365f18c1505', '34d80d7f-1327-4839-8dec-889398b9737b', 'volledig') ON CONFLICT DO NOTHING;
INSERT INTO aanwezigheid (match_id, player_id, status) VALUES ('f464fbf1-08b3-43dc-800f-46d220954448', '34d80d7f-1327-4839-8dec-889398b9737b', 'afwezig') ON CONFLICT DO NOTHING;
INSERT INTO aanwezigheid (match_id, player_id, status) VALUES ('d60a43d5-5ad7-4abb-91e6-be1dd1022130', '34d80d7f-1327-4839-8dec-889398b9737b', 'afwezig') ON CONFLICT DO NOTHING;
INSERT INTO aanwezigheid (match_id, player_id, status) VALUES ('c5c3eb20-b0ef-4642-8701-8656a6ca02ed', '34d80d7f-1327-4839-8dec-889398b9737b', 'volledig') ON CONFLICT DO NOTHING;
INSERT INTO aanwezigheid (match_id, player_id, status) VALUES ('75f1be5f-3d44-4ad6-9794-680643dae8c8', '34d80d7f-1327-4839-8dec-889398b9737b', 'volledig') ON CONFLICT DO NOTHING;
INSERT INTO aanwezigheid (match_id, player_id, status) VALUES ('da0dd63b-3d3e-4698-935e-634fa3e2f0e7', '34d80d7f-1327-4839-8dec-889398b9737b', 'volledig') ON CONFLICT DO NOTHING;
INSERT INTO aanwezigheid (match_id, player_id, status) VALUES ('373e464d-1752-4417-bd7a-ae43bebf354e', '34d80d7f-1327-4839-8dec-889398b9737b', 'afwezig') ON CONFLICT DO NOTHING;
INSERT INTO aanwezigheid (match_id, player_id, status) VALUES ('dc6c2aff-e5de-4a41-9fd3-990f780178da', '34d80d7f-1327-4839-8dec-889398b9737b', 'afwezig') ON CONFLICT DO NOTHING;
INSERT INTO aanwezigheid (match_id, player_id, status) VALUES ('8107005d-d6e1-4088-88ef-fac5bd2b112f', '34d80d7f-1327-4839-8dec-889398b9737b', 'afwezig') ON CONFLICT DO NOTHING;
INSERT INTO aanwezigheid (match_id, player_id, status) VALUES ('4cedab97-cf5c-439b-8368-18e950467f3c', '3157eb62-2322-4ec4-af2f-f00136e99a50', 'volledig') ON CONFLICT DO NOTHING;
INSERT INTO aanwezigheid (match_id, player_id, status) VALUES ('0b7878f3-95e8-4c28-a429-bfb4bcaae9d2', '3157eb62-2322-4ec4-af2f-f00136e99a50', 'afwezig') ON CONFLICT DO NOTHING;
INSERT INTO aanwezigheid (match_id, player_id, status) VALUES ('939f6350-a8eb-4e32-8413-4ff522a1223d', '3157eb62-2322-4ec4-af2f-f00136e99a50', 'volledig') ON CONFLICT DO NOTHING;
INSERT INTO aanwezigheid (match_id, player_id, status) VALUES ('11f72385-8807-450f-ae2d-b9b8d44d4c6c', '3157eb62-2322-4ec4-af2f-f00136e99a50', 'afwezig') ON CONFLICT DO NOTHING;
INSERT INTO aanwezigheid (match_id, player_id, status) VALUES ('719703da-b118-43b4-8dc3-be4230b3ccc3', '3157eb62-2322-4ec4-af2f-f00136e99a50', 'volledig') ON CONFLICT DO NOTHING;
INSERT INTO aanwezigheid (match_id, player_id, status) VALUES ('f464fbf1-08b3-43dc-800f-46d220954448', '3157eb62-2322-4ec4-af2f-f00136e99a50', 'volledig') ON CONFLICT DO NOTHING;
INSERT INTO aanwezigheid (match_id, player_id, status) VALUES ('8f26a4f6-4ceb-44d0-ae5a-918c3f4d0638', '3157eb62-2322-4ec4-af2f-f00136e99a50', 'volledig') ON CONFLICT DO NOTHING;
INSERT INTO aanwezigheid (match_id, player_id, status) VALUES ('daab4c38-6f03-488f-b56a-07ea24806987', '3157eb62-2322-4ec4-af2f-f00136e99a50', 'toeschouwer') ON CONFLICT DO NOTHING;
INSERT INTO aanwezigheid (match_id, player_id, status) VALUES ('373e464d-1752-4417-bd7a-ae43bebf354e', '3157eb62-2322-4ec4-af2f-f00136e99a50', 'toeschouwer') ON CONFLICT DO NOTHING;
INSERT INTO aanwezigheid (match_id, player_id, status) VALUES ('93092871-3ff6-4cc3-9b21-0cd1cd6fba75', '3157eb62-2322-4ec4-af2f-f00136e99a50', 'afwezig') ON CONFLICT DO NOTHING;
INSERT INTO aanwezigheid (match_id, player_id, status) VALUES ('4cedab97-cf5c-439b-8368-18e950467f3c', 'c0a0bc2b-0f04-4f18-824a-7eb2680f5fdc', 'toeschouwer') ON CONFLICT DO NOTHING;
INSERT INTO aanwezigheid (match_id, player_id, status) VALUES ('0b7878f3-95e8-4c28-a429-bfb4bcaae9d2', 'c0a0bc2b-0f04-4f18-824a-7eb2680f5fdc', 'toeschouwer') ON CONFLICT DO NOTHING;
INSERT INTO aanwezigheid (match_id, player_id, status) VALUES ('939f6350-a8eb-4e32-8413-4ff522a1223d', 'c0a0bc2b-0f04-4f18-824a-7eb2680f5fdc', 'toeschouwer') ON CONFLICT DO NOTHING;
INSERT INTO aanwezigheid (match_id, player_id, status) VALUES ('11f72385-8807-450f-ae2d-b9b8d44d4c6c', 'c0a0bc2b-0f04-4f18-824a-7eb2680f5fdc', 'toeschouwer') ON CONFLICT DO NOTHING;
INSERT INTO aanwezigheid (match_id, player_id, status) VALUES ('719703da-b118-43b4-8dc3-be4230b3ccc3', 'c0a0bc2b-0f04-4f18-824a-7eb2680f5fdc', 'afwezig') ON CONFLICT DO NOTHING;
INSERT INTO aanwezigheid (match_id, player_id, status) VALUES ('a76a4720-0e26-4f9b-a0ea-0365f18c1505', 'c0a0bc2b-0f04-4f18-824a-7eb2680f5fdc', 'volledig') ON CONFLICT DO NOTHING;
INSERT INTO aanwezigheid (match_id, player_id, status) VALUES ('d60a43d5-5ad7-4abb-91e6-be1dd1022130', 'c0a0bc2b-0f04-4f18-824a-7eb2680f5fdc', 'volledig') ON CONFLICT DO NOTHING;
INSERT INTO aanwezigheid (match_id, player_id, status) VALUES ('c5c3eb20-b0ef-4642-8701-8656a6ca02ed', 'c0a0bc2b-0f04-4f18-824a-7eb2680f5fdc', 'volledig') ON CONFLICT DO NOTHING;
INSERT INTO aanwezigheid (match_id, player_id, status) VALUES ('8f26a4f6-4ceb-44d0-ae5a-918c3f4d0638', 'c0a0bc2b-0f04-4f18-824a-7eb2680f5fdc', 'afwezig') ON CONFLICT DO NOTHING;
INSERT INTO aanwezigheid (match_id, player_id, status) VALUES ('75f1be5f-3d44-4ad6-9794-680643dae8c8', 'c0a0bc2b-0f04-4f18-824a-7eb2680f5fdc', 'volledig') ON CONFLICT DO NOTHING;
INSERT INTO aanwezigheid (match_id, player_id, status) VALUES ('da0dd63b-3d3e-4698-935e-634fa3e2f0e7', 'c0a0bc2b-0f04-4f18-824a-7eb2680f5fdc', 'volledig') ON CONFLICT DO NOTHING;
INSERT INTO aanwezigheid (match_id, player_id, status) VALUES ('373e464d-1752-4417-bd7a-ae43bebf354e', 'c0a0bc2b-0f04-4f18-824a-7eb2680f5fdc', 'afwezig') ON CONFLICT DO NOTHING;
INSERT INTO aanwezigheid (match_id, player_id, status) VALUES ('dc6c2aff-e5de-4a41-9fd3-990f780178da', 'c0a0bc2b-0f04-4f18-824a-7eb2680f5fdc', 'volledig') ON CONFLICT DO NOTHING;
INSERT INTO aanwezigheid (match_id, player_id, status) VALUES ('93092871-3ff6-4cc3-9b21-0cd1cd6fba75', 'c0a0bc2b-0f04-4f18-824a-7eb2680f5fdc', 'volledig') ON CONFLICT DO NOTHING;
INSERT INTO aanwezigheid (match_id, player_id, status) VALUES ('4cedab97-cf5c-439b-8368-18e950467f3c', '767f223c-ed87-4ab8-93ae-f5889ea6c2bb', 'volledig') ON CONFLICT DO NOTHING;
INSERT INTO aanwezigheid (match_id, player_id, status) VALUES ('7a88c39c-f5eb-45dc-b873-85389cbc634e', '767f223c-ed87-4ab8-93ae-f5889ea6c2bb', 'volledig') ON CONFLICT DO NOTHING;
INSERT INTO aanwezigheid (match_id, player_id, status) VALUES ('0b7878f3-95e8-4c28-a429-bfb4bcaae9d2', '767f223c-ed87-4ab8-93ae-f5889ea6c2bb', 'volledig') ON CONFLICT DO NOTHING;
INSERT INTO aanwezigheid (match_id, player_id, status) VALUES ('939f6350-a8eb-4e32-8413-4ff522a1223d', '767f223c-ed87-4ab8-93ae-f5889ea6c2bb', 'volledig') ON CONFLICT DO NOTHING;
INSERT INTO aanwezigheid (match_id, player_id, status) VALUES ('20b4c534-84ab-4ad5-babc-180538f1d639', '767f223c-ed87-4ab8-93ae-f5889ea6c2bb', 'volledig') ON CONFLICT DO NOTHING;
INSERT INTO aanwezigheid (match_id, player_id, status) VALUES ('a76a4720-0e26-4f9b-a0ea-0365f18c1505', '767f223c-ed87-4ab8-93ae-f5889ea6c2bb', 'volledig') ON CONFLICT DO NOTHING;
INSERT INTO aanwezigheid (match_id, player_id, status) VALUES ('f464fbf1-08b3-43dc-800f-46d220954448', '767f223c-ed87-4ab8-93ae-f5889ea6c2bb', 'afwezig') ON CONFLICT DO NOTHING;
INSERT INTO aanwezigheid (match_id, player_id, status) VALUES ('d60a43d5-5ad7-4abb-91e6-be1dd1022130', '767f223c-ed87-4ab8-93ae-f5889ea6c2bb', 'afwezig') ON CONFLICT DO NOTHING;
INSERT INTO aanwezigheid (match_id, player_id, status) VALUES ('c5c3eb20-b0ef-4642-8701-8656a6ca02ed', '767f223c-ed87-4ab8-93ae-f5889ea6c2bb', 'volledig') ON CONFLICT DO NOTHING;
INSERT INTO aanwezigheid (match_id, player_id, status) VALUES ('8f26a4f6-4ceb-44d0-ae5a-918c3f4d0638', '767f223c-ed87-4ab8-93ae-f5889ea6c2bb', 'afwezig') ON CONFLICT DO NOTHING;
INSERT INTO aanwezigheid (match_id, player_id, status) VALUES ('75f1be5f-3d44-4ad6-9794-680643dae8c8', '767f223c-ed87-4ab8-93ae-f5889ea6c2bb', 'toeschouwer') ON CONFLICT DO NOTHING;
INSERT INTO aanwezigheid (match_id, player_id, status) VALUES ('da0dd63b-3d3e-4698-935e-634fa3e2f0e7', '767f223c-ed87-4ab8-93ae-f5889ea6c2bb', 'afwezig') ON CONFLICT DO NOTHING;
INSERT INTO aanwezigheid (match_id, player_id, status) VALUES ('daab4c38-6f03-488f-b56a-07ea24806987', '767f223c-ed87-4ab8-93ae-f5889ea6c2bb', 'afwezig') ON CONFLICT DO NOTHING;
INSERT INTO aanwezigheid (match_id, player_id, status) VALUES ('373e464d-1752-4417-bd7a-ae43bebf354e', '767f223c-ed87-4ab8-93ae-f5889ea6c2bb', 'volledig') ON CONFLICT DO NOTHING;
INSERT INTO aanwezigheid (match_id, player_id, status) VALUES ('dc6c2aff-e5de-4a41-9fd3-990f780178da', '767f223c-ed87-4ab8-93ae-f5889ea6c2bb', 'afwezig') ON CONFLICT DO NOTHING;
INSERT INTO aanwezigheid (match_id, player_id, status) VALUES ('93092871-3ff6-4cc3-9b21-0cd1cd6fba75', '767f223c-ed87-4ab8-93ae-f5889ea6c2bb', 'toeschouwer') ON CONFLICT DO NOTHING;
INSERT INTO aanwezigheid (match_id, player_id, status) VALUES ('7a88c39c-f5eb-45dc-b873-85389cbc634e', '8f92e427-e133-463b-af0f-15e08a4d186a', 'afwezig') ON CONFLICT DO NOTHING;
INSERT INTO aanwezigheid (match_id, player_id, status) VALUES ('20b4c534-84ab-4ad5-babc-180538f1d639', '8f92e427-e133-463b-af0f-15e08a4d186a', 'volledig') ON CONFLICT DO NOTHING;
INSERT INTO aanwezigheid (match_id, player_id, status) VALUES ('f464fbf1-08b3-43dc-800f-46d220954448', '8f92e427-e133-463b-af0f-15e08a4d186a', 'afwezig') ON CONFLICT DO NOTHING;
INSERT INTO aanwezigheid (match_id, player_id, status) VALUES ('8107005d-d6e1-4088-88ef-fac5bd2b112f', '8f92e427-e133-463b-af0f-15e08a4d186a', 'volledig') ON CONFLICT DO NOTHING;
INSERT INTO aanwezigheid (match_id, player_id, status) VALUES ('4cedab97-cf5c-439b-8368-18e950467f3c', 'd0a7948c-a298-451d-8903-d70938e4d4c3', 'volledig') ON CONFLICT DO NOTHING;
INSERT INTO aanwezigheid (match_id, player_id, status) VALUES ('11f72385-8807-450f-ae2d-b9b8d44d4c6c', '6b321166-046b-44e4-8ebf-7e0a20b0fddd', 'toeschouwer') ON CONFLICT DO NOTHING;
INSERT INTO aanwezigheid (match_id, player_id, status) VALUES ('d60a43d5-5ad7-4abb-91e6-be1dd1022130', '6b321166-046b-44e4-8ebf-7e0a20b0fddd', 'toeschouwer') ON CONFLICT DO NOTHING;
INSERT INTO aanwezigheid (match_id, player_id, status) VALUES ('8107005d-d6e1-4088-88ef-fac5bd2b112f', '6b321166-046b-44e4-8ebf-7e0a20b0fddd', 'volledig') ON CONFLICT DO NOTHING;
INSERT INTO aanwezigheid (match_id, player_id, status) VALUES ('939f6350-a8eb-4e32-8413-4ff522a1223d', 'a944e010-ad35-44b7-9cef-86ca443fd246', 'toeschouwer') ON CONFLICT DO NOTHING;
INSERT INTO aanwezigheid (match_id, player_id, status) VALUES ('a76a4720-0e26-4f9b-a0ea-0365f18c1505', 'a944e010-ad35-44b7-9cef-86ca443fd246', 'toeschouwer') ON CONFLICT DO NOTHING;
INSERT INTO aanwezigheid (match_id, player_id, status) VALUES ('20b4c534-84ab-4ad5-babc-180538f1d639', 'd45fb0a6-6b26-4271-aa16-c02c88b28c22', 'volledig') ON CONFLICT DO NOTHING;
INSERT INTO aanwezigheid (match_id, player_id, status) VALUES ('8107005d-d6e1-4088-88ef-fac5bd2b112f', '5635a8d2-aa63-484f-beaa-11dc99deda52', 'volledig') ON CONFLICT DO NOTHING;
INSERT INTO aanwezigheid (match_id, player_id, status) VALUES ('719703da-b118-43b4-8dc3-be4230b3ccc3', '4ee424fc-e545-4ca2-8bbc-c516edec4f3d', 'afwezig') ON CONFLICT DO NOTHING;
INSERT INTO aanwezigheid (match_id, player_id, status) VALUES ('a76a4720-0e26-4f9b-a0ea-0365f18c1505', '1f1958d7-66be-44f3-bca8-ec69c9d00f8c', 'volledig') ON CONFLICT DO NOTHING;
INSERT INTO aanwezigheid (match_id, player_id, status) VALUES ('93092871-3ff6-4cc3-9b21-0cd1cd6fba75', '1f1958d7-66be-44f3-bca8-ec69c9d00f8c', 'volledig') ON CONFLICT DO NOTHING;
INSERT INTO aanwezigheid (match_id, player_id, status) VALUES ('0b7878f3-95e8-4c28-a429-bfb4bcaae9d2', '75aec47d-812c-4899-a8db-2b64a43ef098', 'toeschouwer') ON CONFLICT DO NOTHING;
INSERT INTO aanwezigheid (match_id, player_id, status) VALUES ('c5c3eb20-b0ef-4642-8701-8656a6ca02ed', '75aec47d-812c-4899-a8db-2b64a43ef098', 'toeschouwer') ON CONFLICT DO NOTHING;
INSERT INTO aanwezigheid (match_id, player_id, status) VALUES ('daab4c38-6f03-488f-b56a-07ea24806987', '75aec47d-812c-4899-a8db-2b64a43ef098', 'toeschouwer') ON CONFLICT DO NOTHING;
INSERT INTO aanwezigheid (match_id, player_id, status) VALUES ('93092871-3ff6-4cc3-9b21-0cd1cd6fba75', '75aec47d-812c-4899-a8db-2b64a43ef098', 'afwezig') ON CONFLICT DO NOTHING;
INSERT INTO aanwezigheid (match_id, player_id, status) VALUES ('8107005d-d6e1-4088-88ef-fac5bd2b112f', '75aec47d-812c-4899-a8db-2b64a43ef098', 'afwezig') ON CONFLICT DO NOTHING;
INSERT INTO aanwezigheid (match_id, player_id, status) VALUES ('7a88c39c-f5eb-45dc-b873-85389cbc634e', '87ecfe1c-069a-437d-8585-9b64fb19048e', 'volledig') ON CONFLICT DO NOTHING;
INSERT INTO aanwezigheid (match_id, player_id, status) VALUES ('4cedab97-cf5c-439b-8368-18e950467f3c', '32030a05-1187-4199-b02b-7b29833ab9e2', 'toeschouwer') ON CONFLICT DO NOTHING;

-- Wedstrijden 2025-2026
INSERT INTO matches (id, season_id, datum, tijdstip, tegenstander, score_dodeka, score_tegenstander, is_thuis) VALUES ('24fcdf61-3840-4274-b315-a287adbfbd50', '4c55ecd2-206a-4593-973e-7da184008077', '2025-08-30', '16u', 'Chossel Sport', 4, 2, true);
INSERT INTO matches (id, season_id, datum, tijdstip, tegenstander, score_dodeka, score_tegenstander, is_thuis) VALUES ('3a33b2b2-c6dd-43af-b6d8-d308cbc5fbce', '4c55ecd2-206a-4593-973e-7da184008077', '2025-09-06', '14u45', 'Bacchus', 1, 1, true);
INSERT INTO matches (id, season_id, datum, tijdstip, tegenstander, score_dodeka, score_tegenstander, is_thuis) VALUES ('2bafe135-ef08-4737-8a9f-d5cbead42917', '4c55ecd2-206a-4593-973e-7da184008077', '2024-09-13', '15u', 'OBB', 3, 0, true);
INSERT INTO matches (id, season_id, datum, tijdstip, tegenstander, score_dodeka, score_tegenstander, is_thuis) VALUES ('62bf3933-8c5d-4256-8c12-334e716cd51a', '4c55ecd2-206a-4593-973e-7da184008077', '2024-09-20', '14u45', 'Amber G', 2, 3, true);
INSERT INTO matches (id, season_id, datum, tijdstip, tegenstander, score_dodeka, score_tegenstander, is_thuis) VALUES ('ce1d336a-61ca-4407-8032-003f7f0342eb', '4c55ecd2-206a-4593-973e-7da184008077', '2025-10-04', '14u45', 'AC De Heide', 0, 3, true);
INSERT INTO matches (id, season_id, datum, tijdstip, tegenstander, score_dodeka, score_tegenstander, is_thuis) VALUES ('d02b1d71-e5b5-4cb4-a5df-6ac2549a7afc', '4c55ecd2-206a-4593-973e-7da184008077', '2025-10-11', '15u', 'Excelsior 81', 2, 1, true);
INSERT INTO matches (id, season_id, datum, tijdstip, tegenstander, score_dodeka, score_tegenstander, is_thuis) VALUES ('6173799e-15f8-4d7c-8694-8dfdc6275ff1', '4c55ecd2-206a-4593-973e-7da184008077', '2025-10-18', '15u', 'Katastroof', 5, 0, true);
INSERT INTO matches (id, season_id, datum, tijdstip, tegenstander, score_dodeka, score_tegenstander, is_thuis) VALUES ('ab4a53df-80c0-40f8-8d86-e9e5346db90e', '4c55ecd2-206a-4593-973e-7da184008077', '2025-10-25', '14u45', 'Sporting Olympia', 2, 0, true);
INSERT INTO matches (id, season_id, datum, tijdstip, tegenstander, score_dodeka, score_tegenstander, is_thuis) VALUES ('dbd417a8-ca4a-4a06-97e5-96df18382572', '4c55ecd2-206a-4593-973e-7da184008077', '2025-11-08', '14u45', 'Ruisbroek Next', 2, 4, true);
INSERT INTO matches (id, season_id, datum, tijdstip, tegenstander, score_dodeka, score_tegenstander, is_thuis) VALUES ('a4aecfca-dba4-43f1-a1c5-4f16f03864bf', '4c55ecd2-206a-4593-973e-7da184008077', '2025-11-15', '15u', 'Sporting Olympia', 4, 2, true);
INSERT INTO matches (id, season_id, datum, tijdstip, tegenstander, score_dodeka, score_tegenstander, is_thuis) VALUES ('5c3e1254-664a-4bd4-bff9-3ffb8c15f613', '4c55ecd2-206a-4593-973e-7da184008077', '2025-11-22', '14u45', 'Kloosterstraat', 3, 1, true);
INSERT INTO matches (id, season_id, datum, tijdstip, tegenstander, score_dodeka, score_tegenstander, is_thuis) VALUES ('8b3355a1-a4a2-4cdb-a7f0-b367e846eff9', '4c55ecd2-206a-4593-973e-7da184008077', '2025-11-29', '14u45', 'Chossel Sport', 0, 2, true);
INSERT INTO matches (id, season_id, datum, tijdstip, tegenstander, score_dodeka, score_tegenstander, is_thuis) VALUES ('bccc8f0a-2a80-4e51-a16e-f86b0b87de6b', '4c55ecd2-206a-4593-973e-7da184008077', '2025-12-06', '15u00', 'Bacchus', 0, 2, true);
INSERT INTO matches (id, season_id, datum, tijdstip, tegenstander, score_dodeka, score_tegenstander, is_thuis) VALUES ('ab30b85e-593f-42f2-afc5-2f5489b6d8d7', '4c55ecd2-206a-4593-973e-7da184008077', '2025-12-13', '14u45', 'OBB', 2, 0, true);
INSERT INTO matches (id, season_id, datum, tijdstip, tegenstander, score_dodeka, score_tegenstander, is_thuis) VALUES ('f5b8264d-ac96-4951-bf22-5c64e56b970f', '4c55ecd2-206a-4593-973e-7da184008077', '2026-01-24', '16u', 'AC De Heide', 0, 5, true);
INSERT INTO matches (id, season_id, datum, tijdstip, tegenstander, score_dodeka, score_tegenstander, is_thuis) VALUES ('3222c9d3-44e3-422f-b46a-782632122895', '4c55ecd2-206a-4593-973e-7da184008077', '2026-01-31', '14u45', 'Excelsior 81', 2, 5, true);
INSERT INTO matches (id, season_id, datum, tijdstip, tegenstander, score_dodeka, score_tegenstander, is_thuis) VALUES ('610acc1b-3392-44f6-8f37-6387ef2eaca3', '4c55ecd2-206a-4593-973e-7da184008077', '2026-02-07', '14u45', 'Katastroof', 0, 0, true);
INSERT INTO matches (id, season_id, datum, tijdstip, tegenstander, score_dodeka, score_tegenstander, is_thuis) VALUES ('930396a1-e2e8-44b0-b076-3cb809a9946a', '4c55ecd2-206a-4593-973e-7da184008077', '2026-02-14', '15u', 'Amber G', 0, 0, true);
INSERT INTO matches (id, season_id, datum, tijdstip, tegenstander, score_dodeka, score_tegenstander, is_thuis) VALUES ('26ac9b89-d480-4316-9ce2-4beedd600f0e', '4c55ecd2-206a-4593-973e-7da184008077', '2026-02-28', '13u', 'Ruisbroek Next', 4, 2, true);
INSERT INTO matches (id, season_id, datum, tijdstip, tegenstander, score_dodeka, score_tegenstander, is_thuis) VALUES ('372c4cd4-8442-4f09-aa26-f9142a892425', '4c55ecd2-206a-4593-973e-7da184008077', '2026-03-14', '15u30', 'Kloosterstraat', 1, 1, true);
INSERT INTO matches (id, season_id, datum, tijdstip, tegenstander, score_dodeka, score_tegenstander, is_thuis) VALUES ('a72caf5b-66cb-4a75-8639-361e25db4f77', '4c55ecd2-206a-4593-973e-7da184008077', '2026-03-21', '14u00', 'OOF', NULL, NULL, true);
INSERT INTO matches (id, season_id, datum, tijdstip, tegenstander, score_dodeka, score_tegenstander, is_thuis) VALUES ('a1382143-e877-4948-b550-cdab6b4495c0', '4c55ecd2-206a-4593-973e-7da184008077', '2026-03-28', '15u00', 'JEE DEE', NULL, NULL, true);
INSERT INTO matches (id, season_id, datum, tijdstip, tegenstander, score_dodeka, score_tegenstander, is_thuis) VALUES ('b4c37f2f-4de9-4867-b04e-7bc7a4521fa3', '4c55ecd2-206a-4593-973e-7da184008077', '2026-04-18', '14u45', 'Den Derde Helft', NULL, NULL, true);
INSERT INTO matches (id, season_id, datum, tijdstip, tegenstander, score_dodeka, score_tegenstander, is_thuis) VALUES ('a4e23386-7874-477a-91a0-4268aebe30e0', '4c55ecd2-206a-4593-973e-7da184008077', '2026-04-25', NULL, 'Kwartfinale?', NULL, NULL, true);
-- Aanwezigheid 2025-2026
INSERT INTO aanwezigheid (match_id, player_id, status) VALUES ('3a33b2b2-c6dd-43af-b6d8-d308cbc5fbce', '1f1958d7-66be-44f3-bca8-ec69c9d00f8c', 'volledig') ON CONFLICT DO NOTHING;
INSERT INTO aanwezigheid (match_id, player_id, status) VALUES ('a4aecfca-dba4-43f1-a1c5-4f16f03864bf', '1f1958d7-66be-44f3-bca8-ec69c9d00f8c', 'volledig') ON CONFLICT DO NOTHING;
INSERT INTO aanwezigheid (match_id, player_id, status) VALUES ('ab30b85e-593f-42f2-afc5-2f5489b6d8d7', '1f1958d7-66be-44f3-bca8-ec69c9d00f8c', 'volledig') ON CONFLICT DO NOTHING;
INSERT INTO aanwezigheid (match_id, player_id, status) VALUES ('26ac9b89-d480-4316-9ce2-4beedd600f0e', '1f1958d7-66be-44f3-bca8-ec69c9d00f8c', 'volledig') ON CONFLICT DO NOTHING;
INSERT INTO aanwezigheid (match_id, player_id, status) VALUES ('3a33b2b2-c6dd-43af-b6d8-d308cbc5fbce', '2995e934-f5a4-4076-ae32-0e02728e600a', 'volledig') ON CONFLICT DO NOTHING;
INSERT INTO aanwezigheid (match_id, player_id, status) VALUES ('2bafe135-ef08-4737-8a9f-d5cbead42917', '2995e934-f5a4-4076-ae32-0e02728e600a', 'volledig') ON CONFLICT DO NOTHING;
INSERT INTO aanwezigheid (match_id, player_id, status) VALUES ('930396a1-e2e8-44b0-b076-3cb809a9946a', '2995e934-f5a4-4076-ae32-0e02728e600a', 'afwezig') ON CONFLICT DO NOTHING;
INSERT INTO aanwezigheid (match_id, player_id, status) VALUES ('26ac9b89-d480-4316-9ce2-4beedd600f0e', '2995e934-f5a4-4076-ae32-0e02728e600a', 'volledig') ON CONFLICT DO NOTHING;
INSERT INTO aanwezigheid (match_id, player_id, status) VALUES ('3a33b2b2-c6dd-43af-b6d8-d308cbc5fbce', '23c489b4-ab3d-41f2-b2ef-61ca76e9edb1', 'volledig') ON CONFLICT DO NOTHING;
INSERT INTO aanwezigheid (match_id, player_id, status) VALUES ('ab4a53df-80c0-40f8-8d86-e9e5346db90e', '23c489b4-ab3d-41f2-b2ef-61ca76e9edb1', 'toeschouwer') ON CONFLICT DO NOTHING;
INSERT INTO aanwezigheid (match_id, player_id, status) VALUES ('f5b8264d-ac96-4951-bf22-5c64e56b970f', '23c489b4-ab3d-41f2-b2ef-61ca76e9edb1', 'toeschouwer') ON CONFLICT DO NOTHING;
INSERT INTO aanwezigheid (match_id, player_id, status) VALUES ('930396a1-e2e8-44b0-b076-3cb809a9946a', '23c489b4-ab3d-41f2-b2ef-61ca76e9edb1', 'afwezig') ON CONFLICT DO NOTHING;
INSERT INTO aanwezigheid (match_id, player_id, status) VALUES ('26ac9b89-d480-4316-9ce2-4beedd600f0e', '23c489b4-ab3d-41f2-b2ef-61ca76e9edb1', 'volledig') ON CONFLICT DO NOTHING;
INSERT INTO aanwezigheid (match_id, player_id, status) VALUES ('372c4cd4-8442-4f09-aa26-f9142a892425', '23c489b4-ab3d-41f2-b2ef-61ca76e9edb1', 'volledig') ON CONFLICT DO NOTHING;
INSERT INTO aanwezigheid (match_id, player_id, status) VALUES ('24fcdf61-3840-4274-b315-a287adbfbd50', '34d80d7f-1327-4839-8dec-889398b9737b', 'volledig') ON CONFLICT DO NOTHING;
INSERT INTO aanwezigheid (match_id, player_id, status) VALUES ('3a33b2b2-c6dd-43af-b6d8-d308cbc5fbce', '34d80d7f-1327-4839-8dec-889398b9737b', 'volledig') ON CONFLICT DO NOTHING;
INSERT INTO aanwezigheid (match_id, player_id, status) VALUES ('ce1d336a-61ca-4407-8032-003f7f0342eb', '34d80d7f-1327-4839-8dec-889398b9737b', 'afwezig') ON CONFLICT DO NOTHING;
INSERT INTO aanwezigheid (match_id, player_id, status) VALUES ('6173799e-15f8-4d7c-8694-8dfdc6275ff1', '34d80d7f-1327-4839-8dec-889398b9737b', 'afwezig') ON CONFLICT DO NOTHING;
INSERT INTO aanwezigheid (match_id, player_id, status) VALUES ('ab4a53df-80c0-40f8-8d86-e9e5346db90e', '34d80d7f-1327-4839-8dec-889398b9737b', 'volledig') ON CONFLICT DO NOTHING;
INSERT INTO aanwezigheid (match_id, player_id, status) VALUES ('dbd417a8-ca4a-4a06-97e5-96df18382572', '34d80d7f-1327-4839-8dec-889398b9737b', 'volledig') ON CONFLICT DO NOTHING;
INSERT INTO aanwezigheid (match_id, player_id, status) VALUES ('a4aecfca-dba4-43f1-a1c5-4f16f03864bf', '34d80d7f-1327-4839-8dec-889398b9737b', 'volledig') ON CONFLICT DO NOTHING;
INSERT INTO aanwezigheid (match_id, player_id, status) VALUES ('5c3e1254-664a-4bd4-bff9-3ffb8c15f613', '34d80d7f-1327-4839-8dec-889398b9737b', 'afwezig') ON CONFLICT DO NOTHING;
INSERT INTO aanwezigheid (match_id, player_id, status) VALUES ('bccc8f0a-2a80-4e51-a16e-f86b0b87de6b', '34d80d7f-1327-4839-8dec-889398b9737b', 'volledig') ON CONFLICT DO NOTHING;
INSERT INTO aanwezigheid (match_id, player_id, status) VALUES ('24fcdf61-3840-4274-b315-a287adbfbd50', '55db8337-8403-4495-a3aa-ce85cf614885', 'volledig') ON CONFLICT DO NOTHING;
INSERT INTO aanwezigheid (match_id, player_id, status) VALUES ('3a33b2b2-c6dd-43af-b6d8-d308cbc5fbce', '55db8337-8403-4495-a3aa-ce85cf614885', 'volledig') ON CONFLICT DO NOTHING;
INSERT INTO aanwezigheid (match_id, player_id, status) VALUES ('6173799e-15f8-4d7c-8694-8dfdc6275ff1', '55db8337-8403-4495-a3aa-ce85cf614885', 'afwezig') ON CONFLICT DO NOTHING;
INSERT INTO aanwezigheid (match_id, player_id, status) VALUES ('ab4a53df-80c0-40f8-8d86-e9e5346db90e', '55db8337-8403-4495-a3aa-ce85cf614885', 'afwezig') ON CONFLICT DO NOTHING;
INSERT INTO aanwezigheid (match_id, player_id, status) VALUES ('dbd417a8-ca4a-4a06-97e5-96df18382572', '55db8337-8403-4495-a3aa-ce85cf614885', 'volledig') ON CONFLICT DO NOTHING;
INSERT INTO aanwezigheid (match_id, player_id, status) VALUES ('f5b8264d-ac96-4951-bf22-5c64e56b970f', '55db8337-8403-4495-a3aa-ce85cf614885', 'volledig') ON CONFLICT DO NOTHING;
INSERT INTO aanwezigheid (match_id, player_id, status) VALUES ('930396a1-e2e8-44b0-b076-3cb809a9946a', '55db8337-8403-4495-a3aa-ce85cf614885', 'toeschouwer') ON CONFLICT DO NOTHING;
INSERT INTO aanwezigheid (match_id, player_id, status) VALUES ('2bafe135-ef08-4737-8a9f-d5cbead42917', 'db232b7c-aa0f-4295-b87a-ea5db2338730', 'volledig') ON CONFLICT DO NOTHING;
INSERT INTO aanwezigheid (match_id, player_id, status) VALUES ('62bf3933-8c5d-4256-8c12-334e716cd51a', 'db232b7c-aa0f-4295-b87a-ea5db2338730', 'volledig') ON CONFLICT DO NOTHING;
INSERT INTO aanwezigheid (match_id, player_id, status) VALUES ('ce1d336a-61ca-4407-8032-003f7f0342eb', 'db232b7c-aa0f-4295-b87a-ea5db2338730', 'afwezig') ON CONFLICT DO NOTHING;
INSERT INTO aanwezigheid (match_id, player_id, status) VALUES ('6173799e-15f8-4d7c-8694-8dfdc6275ff1', 'db232b7c-aa0f-4295-b87a-ea5db2338730', 'afwezig') ON CONFLICT DO NOTHING;
INSERT INTO aanwezigheid (match_id, player_id, status) VALUES ('dbd417a8-ca4a-4a06-97e5-96df18382572', 'db232b7c-aa0f-4295-b87a-ea5db2338730', 'volledig') ON CONFLICT DO NOTHING;
INSERT INTO aanwezigheid (match_id, player_id, status) VALUES ('a4aecfca-dba4-43f1-a1c5-4f16f03864bf', 'db232b7c-aa0f-4295-b87a-ea5db2338730', 'volledig') ON CONFLICT DO NOTHING;
INSERT INTO aanwezigheid (match_id, player_id, status) VALUES ('5c3e1254-664a-4bd4-bff9-3ffb8c15f613', 'db232b7c-aa0f-4295-b87a-ea5db2338730', 'volledig') ON CONFLICT DO NOTHING;
INSERT INTO aanwezigheid (match_id, player_id, status) VALUES ('8b3355a1-a4a2-4cdb-a7f0-b367e846eff9', 'db232b7c-aa0f-4295-b87a-ea5db2338730', 'volledig') ON CONFLICT DO NOTHING;
INSERT INTO aanwezigheid (match_id, player_id, status) VALUES ('bccc8f0a-2a80-4e51-a16e-f86b0b87de6b', 'db232b7c-aa0f-4295-b87a-ea5db2338730', 'afwezig') ON CONFLICT DO NOTHING;
INSERT INTO aanwezigheid (match_id, player_id, status) VALUES ('3222c9d3-44e3-422f-b46a-782632122895', 'db232b7c-aa0f-4295-b87a-ea5db2338730', 'volledig') ON CONFLICT DO NOTHING;
INSERT INTO aanwezigheid (match_id, player_id, status) VALUES ('930396a1-e2e8-44b0-b076-3cb809a9946a', 'db232b7c-aa0f-4295-b87a-ea5db2338730', 'afwezig') ON CONFLICT DO NOTHING;
INSERT INTO aanwezigheid (match_id, player_id, status) VALUES ('26ac9b89-d480-4316-9ce2-4beedd600f0e', 'db232b7c-aa0f-4295-b87a-ea5db2338730', 'volledig') ON CONFLICT DO NOTHING;
INSERT INTO aanwezigheid (match_id, player_id, status) VALUES ('2bafe135-ef08-4737-8a9f-d5cbead42917', '3302401e-bca1-4829-bccd-ca90c6534d78', 'volledig') ON CONFLICT DO NOTHING;
INSERT INTO aanwezigheid (match_id, player_id, status) VALUES ('62bf3933-8c5d-4256-8c12-334e716cd51a', '3302401e-bca1-4829-bccd-ca90c6534d78', 'afwezig') ON CONFLICT DO NOTHING;
INSERT INTO aanwezigheid (match_id, player_id, status) VALUES ('ce1d336a-61ca-4407-8032-003f7f0342eb', '3302401e-bca1-4829-bccd-ca90c6534d78', 'toeschouwer') ON CONFLICT DO NOTHING;
INSERT INTO aanwezigheid (match_id, player_id, status) VALUES ('d02b1d71-e5b5-4cb4-a5df-6ac2549a7afc', '3302401e-bca1-4829-bccd-ca90c6534d78', 'volledig') ON CONFLICT DO NOTHING;
INSERT INTO aanwezigheid (match_id, player_id, status) VALUES ('6173799e-15f8-4d7c-8694-8dfdc6275ff1', '3302401e-bca1-4829-bccd-ca90c6534d78', 'toeschouwer') ON CONFLICT DO NOTHING;
INSERT INTO aanwezigheid (match_id, player_id, status) VALUES ('ab4a53df-80c0-40f8-8d86-e9e5346db90e', '3302401e-bca1-4829-bccd-ca90c6534d78', 'volledig') ON CONFLICT DO NOTHING;
INSERT INTO aanwezigheid (match_id, player_id, status) VALUES ('dbd417a8-ca4a-4a06-97e5-96df18382572', '3302401e-bca1-4829-bccd-ca90c6534d78', 'volledig') ON CONFLICT DO NOTHING;
INSERT INTO aanwezigheid (match_id, player_id, status) VALUES ('8b3355a1-a4a2-4cdb-a7f0-b367e846eff9', '3302401e-bca1-4829-bccd-ca90c6534d78', 'volledig') ON CONFLICT DO NOTHING;
INSERT INTO aanwezigheid (match_id, player_id, status) VALUES ('bccc8f0a-2a80-4e51-a16e-f86b0b87de6b', '3302401e-bca1-4829-bccd-ca90c6534d78', 'afwezig') ON CONFLICT DO NOTHING;
INSERT INTO aanwezigheid (match_id, player_id, status) VALUES ('ab30b85e-593f-42f2-afc5-2f5489b6d8d7', '3302401e-bca1-4829-bccd-ca90c6534d78', 'afwezig') ON CONFLICT DO NOTHING;
INSERT INTO aanwezigheid (match_id, player_id, status) VALUES ('f5b8264d-ac96-4951-bf22-5c64e56b970f', '3302401e-bca1-4829-bccd-ca90c6534d78', 'volledig') ON CONFLICT DO NOTHING;
INSERT INTO aanwezigheid (match_id, player_id, status) VALUES ('3222c9d3-44e3-422f-b46a-782632122895', '3302401e-bca1-4829-bccd-ca90c6534d78', 'afwezig') ON CONFLICT DO NOTHING;
INSERT INTO aanwezigheid (match_id, player_id, status) VALUES ('930396a1-e2e8-44b0-b076-3cb809a9946a', '3302401e-bca1-4829-bccd-ca90c6534d78', 'volledig') ON CONFLICT DO NOTHING;
INSERT INTO aanwezigheid (match_id, player_id, status) VALUES ('26ac9b89-d480-4316-9ce2-4beedd600f0e', '3302401e-bca1-4829-bccd-ca90c6534d78', 'volledig') ON CONFLICT DO NOTHING;
INSERT INTO aanwezigheid (match_id, player_id, status) VALUES ('24fcdf61-3840-4274-b315-a287adbfbd50', '08d42ab8-69da-488f-9553-4bab95fd89e4', 'volledig') ON CONFLICT DO NOTHING;
INSERT INTO aanwezigheid (match_id, player_id, status) VALUES ('3a33b2b2-c6dd-43af-b6d8-d308cbc5fbce', '08d42ab8-69da-488f-9553-4bab95fd89e4', 'volledig') ON CONFLICT DO NOTHING;
INSERT INTO aanwezigheid (match_id, player_id, status) VALUES ('2bafe135-ef08-4737-8a9f-d5cbead42917', '08d42ab8-69da-488f-9553-4bab95fd89e4', 'afwezig') ON CONFLICT DO NOTHING;
INSERT INTO aanwezigheid (match_id, player_id, status) VALUES ('62bf3933-8c5d-4256-8c12-334e716cd51a', '08d42ab8-69da-488f-9553-4bab95fd89e4', 'afwezig') ON CONFLICT DO NOTHING;
INSERT INTO aanwezigheid (match_id, player_id, status) VALUES ('ce1d336a-61ca-4407-8032-003f7f0342eb', '08d42ab8-69da-488f-9553-4bab95fd89e4', 'volledig') ON CONFLICT DO NOTHING;
INSERT INTO aanwezigheid (match_id, player_id, status) VALUES ('d02b1d71-e5b5-4cb4-a5df-6ac2549a7afc', '08d42ab8-69da-488f-9553-4bab95fd89e4', 'volledig') ON CONFLICT DO NOTHING;
INSERT INTO aanwezigheid (match_id, player_id, status) VALUES ('6173799e-15f8-4d7c-8694-8dfdc6275ff1', '08d42ab8-69da-488f-9553-4bab95fd89e4', 'volledig') ON CONFLICT DO NOTHING;
INSERT INTO aanwezigheid (match_id, player_id, status) VALUES ('ab4a53df-80c0-40f8-8d86-e9e5346db90e', '08d42ab8-69da-488f-9553-4bab95fd89e4', 'volledig') ON CONFLICT DO NOTHING;
INSERT INTO aanwezigheid (match_id, player_id, status) VALUES ('dbd417a8-ca4a-4a06-97e5-96df18382572', '08d42ab8-69da-488f-9553-4bab95fd89e4', 'volledig') ON CONFLICT DO NOTHING;
INSERT INTO aanwezigheid (match_id, player_id, status) VALUES ('a4aecfca-dba4-43f1-a1c5-4f16f03864bf', '08d42ab8-69da-488f-9553-4bab95fd89e4', 'afwezig') ON CONFLICT DO NOTHING;
INSERT INTO aanwezigheid (match_id, player_id, status) VALUES ('5c3e1254-664a-4bd4-bff9-3ffb8c15f613', '08d42ab8-69da-488f-9553-4bab95fd89e4', 'afwezig') ON CONFLICT DO NOTHING;
INSERT INTO aanwezigheid (match_id, player_id, status) VALUES ('8b3355a1-a4a2-4cdb-a7f0-b367e846eff9', '08d42ab8-69da-488f-9553-4bab95fd89e4', 'volledig') ON CONFLICT DO NOTHING;
INSERT INTO aanwezigheid (match_id, player_id, status) VALUES ('bccc8f0a-2a80-4e51-a16e-f86b0b87de6b', '08d42ab8-69da-488f-9553-4bab95fd89e4', 'volledig') ON CONFLICT DO NOTHING;
INSERT INTO aanwezigheid (match_id, player_id, status) VALUES ('3222c9d3-44e3-422f-b46a-782632122895', '08d42ab8-69da-488f-9553-4bab95fd89e4', 'volledig') ON CONFLICT DO NOTHING;
INSERT INTO aanwezigheid (match_id, player_id, status) VALUES ('610acc1b-3392-44f6-8f37-6387ef2eaca3', '08d42ab8-69da-488f-9553-4bab95fd89e4', 'afwezig') ON CONFLICT DO NOTHING;
INSERT INTO aanwezigheid (match_id, player_id, status) VALUES ('930396a1-e2e8-44b0-b076-3cb809a9946a', '08d42ab8-69da-488f-9553-4bab95fd89e4', 'afwezig') ON CONFLICT DO NOTHING;
INSERT INTO aanwezigheid (match_id, player_id, status) VALUES ('26ac9b89-d480-4316-9ce2-4beedd600f0e', '08d42ab8-69da-488f-9553-4bab95fd89e4', 'volledig') ON CONFLICT DO NOTHING;
INSERT INTO aanwezigheid (match_id, player_id, status) VALUES ('372c4cd4-8442-4f09-aa26-f9142a892425', '08d42ab8-69da-488f-9553-4bab95fd89e4', 'volledig') ON CONFLICT DO NOTHING;
INSERT INTO aanwezigheid (match_id, player_id, status) VALUES ('2bafe135-ef08-4737-8a9f-d5cbead42917', '4d88dc95-07bd-4461-be53-3a0cdb5bd43b', 'volledig') ON CONFLICT DO NOTHING;
INSERT INTO aanwezigheid (match_id, player_id, status) VALUES ('62bf3933-8c5d-4256-8c12-334e716cd51a', '4d88dc95-07bd-4461-be53-3a0cdb5bd43b', 'afwezig') ON CONFLICT DO NOTHING;
INSERT INTO aanwezigheid (match_id, player_id, status) VALUES ('ce1d336a-61ca-4407-8032-003f7f0342eb', '4d88dc95-07bd-4461-be53-3a0cdb5bd43b', 'afwezig') ON CONFLICT DO NOTHING;
INSERT INTO aanwezigheid (match_id, player_id, status) VALUES ('d02b1d71-e5b5-4cb4-a5df-6ac2549a7afc', '4d88dc95-07bd-4461-be53-3a0cdb5bd43b', 'volledig') ON CONFLICT DO NOTHING;
INSERT INTO aanwezigheid (match_id, player_id, status) VALUES ('a4aecfca-dba4-43f1-a1c5-4f16f03864bf', '4d88dc95-07bd-4461-be53-3a0cdb5bd43b', 'volledig') ON CONFLICT DO NOTHING;
INSERT INTO aanwezigheid (match_id, player_id, status) VALUES ('5c3e1254-664a-4bd4-bff9-3ffb8c15f613', '4d88dc95-07bd-4461-be53-3a0cdb5bd43b', 'volledig') ON CONFLICT DO NOTHING;
INSERT INTO aanwezigheid (match_id, player_id, status) VALUES ('8b3355a1-a4a2-4cdb-a7f0-b367e846eff9', '4d88dc95-07bd-4461-be53-3a0cdb5bd43b', 'volledig') ON CONFLICT DO NOTHING;
INSERT INTO aanwezigheid (match_id, player_id, status) VALUES ('f5b8264d-ac96-4951-bf22-5c64e56b970f', '4d88dc95-07bd-4461-be53-3a0cdb5bd43b', 'afwezig') ON CONFLICT DO NOTHING;
INSERT INTO aanwezigheid (match_id, player_id, status) VALUES ('372c4cd4-8442-4f09-aa26-f9142a892425', '4d88dc95-07bd-4461-be53-3a0cdb5bd43b', 'volledig') ON CONFLICT DO NOTHING;
INSERT INTO aanwezigheid (match_id, player_id, status) VALUES ('24fcdf61-3840-4274-b315-a287adbfbd50', '46e7f9db-b122-4111-a3e8-969af745d315', 'volledig') ON CONFLICT DO NOTHING;
INSERT INTO aanwezigheid (match_id, player_id, status) VALUES ('3a33b2b2-c6dd-43af-b6d8-d308cbc5fbce', '46e7f9db-b122-4111-a3e8-969af745d315', 'volledig') ON CONFLICT DO NOTHING;
INSERT INTO aanwezigheid (match_id, player_id, status) VALUES ('2bafe135-ef08-4737-8a9f-d5cbead42917', '46e7f9db-b122-4111-a3e8-969af745d315', 'afwezig') ON CONFLICT DO NOTHING;
INSERT INTO aanwezigheid (match_id, player_id, status) VALUES ('ce1d336a-61ca-4407-8032-003f7f0342eb', '46e7f9db-b122-4111-a3e8-969af745d315', 'volledig') ON CONFLICT DO NOTHING;
INSERT INTO aanwezigheid (match_id, player_id, status) VALUES ('6173799e-15f8-4d7c-8694-8dfdc6275ff1', '46e7f9db-b122-4111-a3e8-969af745d315', 'volledig') ON CONFLICT DO NOTHING;
INSERT INTO aanwezigheid (match_id, player_id, status) VALUES ('ab4a53df-80c0-40f8-8d86-e9e5346db90e', '46e7f9db-b122-4111-a3e8-969af745d315', 'volledig') ON CONFLICT DO NOTHING;
INSERT INTO aanwezigheid (match_id, player_id, status) VALUES ('5c3e1254-664a-4bd4-bff9-3ffb8c15f613', '46e7f9db-b122-4111-a3e8-969af745d315', 'volledig') ON CONFLICT DO NOTHING;
INSERT INTO aanwezigheid (match_id, player_id, status) VALUES ('bccc8f0a-2a80-4e51-a16e-f86b0b87de6b', '46e7f9db-b122-4111-a3e8-969af745d315', 'volledig') ON CONFLICT DO NOTHING;
INSERT INTO aanwezigheid (match_id, player_id, status) VALUES ('ab30b85e-593f-42f2-afc5-2f5489b6d8d7', '46e7f9db-b122-4111-a3e8-969af745d315', 'afwezig') ON CONFLICT DO NOTHING;
INSERT INTO aanwezigheid (match_id, player_id, status) VALUES ('f5b8264d-ac96-4951-bf22-5c64e56b970f', '46e7f9db-b122-4111-a3e8-969af745d315', 'volledig') ON CONFLICT DO NOTHING;
INSERT INTO aanwezigheid (match_id, player_id, status) VALUES ('3222c9d3-44e3-422f-b46a-782632122895', '46e7f9db-b122-4111-a3e8-969af745d315', 'afwezig') ON CONFLICT DO NOTHING;
INSERT INTO aanwezigheid (match_id, player_id, status) VALUES ('610acc1b-3392-44f6-8f37-6387ef2eaca3', '46e7f9db-b122-4111-a3e8-969af745d315', 'afwezig') ON CONFLICT DO NOTHING;
INSERT INTO aanwezigheid (match_id, player_id, status) VALUES ('930396a1-e2e8-44b0-b076-3cb809a9946a', '46e7f9db-b122-4111-a3e8-969af745d315', 'volledig') ON CONFLICT DO NOTHING;
INSERT INTO aanwezigheid (match_id, player_id, status) VALUES ('372c4cd4-8442-4f09-aa26-f9142a892425', '46e7f9db-b122-4111-a3e8-969af745d315', 'afwezig') ON CONFLICT DO NOTHING;
INSERT INTO aanwezigheid (match_id, player_id, status) VALUES ('24fcdf61-3840-4274-b315-a287adbfbd50', '38d0b8c9-7c17-4392-a492-b95943248244', 'volledig') ON CONFLICT DO NOTHING;
INSERT INTO aanwezigheid (match_id, player_id, status) VALUES ('2bafe135-ef08-4737-8a9f-d5cbead42917', '38d0b8c9-7c17-4392-a492-b95943248244', 'volledig') ON CONFLICT DO NOTHING;
INSERT INTO aanwezigheid (match_id, player_id, status) VALUES ('62bf3933-8c5d-4256-8c12-334e716cd51a', '38d0b8c9-7c17-4392-a492-b95943248244', 'volledig') ON CONFLICT DO NOTHING;
INSERT INTO aanwezigheid (match_id, player_id, status) VALUES ('ce1d336a-61ca-4407-8032-003f7f0342eb', '38d0b8c9-7c17-4392-a492-b95943248244', 'afwezig') ON CONFLICT DO NOTHING;
INSERT INTO aanwezigheid (match_id, player_id, status) VALUES ('d02b1d71-e5b5-4cb4-a5df-6ac2549a7afc', '38d0b8c9-7c17-4392-a492-b95943248244', 'volledig') ON CONFLICT DO NOTHING;
INSERT INTO aanwezigheid (match_id, player_id, status) VALUES ('6173799e-15f8-4d7c-8694-8dfdc6275ff1', '38d0b8c9-7c17-4392-a492-b95943248244', 'volledig') ON CONFLICT DO NOTHING;
INSERT INTO aanwezigheid (match_id, player_id, status) VALUES ('ab4a53df-80c0-40f8-8d86-e9e5346db90e', '38d0b8c9-7c17-4392-a492-b95943248244', 'afwezig') ON CONFLICT DO NOTHING;
INSERT INTO aanwezigheid (match_id, player_id, status) VALUES ('a4aecfca-dba4-43f1-a1c5-4f16f03864bf', '38d0b8c9-7c17-4392-a492-b95943248244', 'afwezig') ON CONFLICT DO NOTHING;
INSERT INTO aanwezigheid (match_id, player_id, status) VALUES ('5c3e1254-664a-4bd4-bff9-3ffb8c15f613', '38d0b8c9-7c17-4392-a492-b95943248244', 'volledig') ON CONFLICT DO NOTHING;
INSERT INTO aanwezigheid (match_id, player_id, status) VALUES ('bccc8f0a-2a80-4e51-a16e-f86b0b87de6b', '38d0b8c9-7c17-4392-a492-b95943248244', 'afwezig') ON CONFLICT DO NOTHING;
INSERT INTO aanwezigheid (match_id, player_id, status) VALUES ('ab30b85e-593f-42f2-afc5-2f5489b6d8d7', '38d0b8c9-7c17-4392-a492-b95943248244', 'volledig') ON CONFLICT DO NOTHING;
INSERT INTO aanwezigheid (match_id, player_id, status) VALUES ('f5b8264d-ac96-4951-bf22-5c64e56b970f', '38d0b8c9-7c17-4392-a492-b95943248244', 'afwezig') ON CONFLICT DO NOTHING;
INSERT INTO aanwezigheid (match_id, player_id, status) VALUES ('3222c9d3-44e3-422f-b46a-782632122895', '38d0b8c9-7c17-4392-a492-b95943248244', 'volledig') ON CONFLICT DO NOTHING;
INSERT INTO aanwezigheid (match_id, player_id, status) VALUES ('610acc1b-3392-44f6-8f37-6387ef2eaca3', '38d0b8c9-7c17-4392-a492-b95943248244', 'volledig') ON CONFLICT DO NOTHING;
INSERT INTO aanwezigheid (match_id, player_id, status) VALUES ('930396a1-e2e8-44b0-b076-3cb809a9946a', '38d0b8c9-7c17-4392-a492-b95943248244', 'volledig') ON CONFLICT DO NOTHING;
INSERT INTO aanwezigheid (match_id, player_id, status) VALUES ('372c4cd4-8442-4f09-aa26-f9142a892425', '38d0b8c9-7c17-4392-a492-b95943248244', 'afwezig') ON CONFLICT DO NOTHING;
INSERT INTO aanwezigheid (match_id, player_id, status) VALUES ('24fcdf61-3840-4274-b315-a287adbfbd50', '2dacb871-5105-4cb9-a30f-9fc2c7870ad3', 'afwezig') ON CONFLICT DO NOTHING;
INSERT INTO aanwezigheid (match_id, player_id, status) VALUES ('2bafe135-ef08-4737-8a9f-d5cbead42917', '2dacb871-5105-4cb9-a30f-9fc2c7870ad3', 'volledig') ON CONFLICT DO NOTHING;
INSERT INTO aanwezigheid (match_id, player_id, status) VALUES ('62bf3933-8c5d-4256-8c12-334e716cd51a', '2dacb871-5105-4cb9-a30f-9fc2c7870ad3', 'volledig') ON CONFLICT DO NOTHING;
INSERT INTO aanwezigheid (match_id, player_id, status) VALUES ('ce1d336a-61ca-4407-8032-003f7f0342eb', '2dacb871-5105-4cb9-a30f-9fc2c7870ad3', 'volledig') ON CONFLICT DO NOTHING;
INSERT INTO aanwezigheid (match_id, player_id, status) VALUES ('d02b1d71-e5b5-4cb4-a5df-6ac2549a7afc', '2dacb871-5105-4cb9-a30f-9fc2c7870ad3', 'afwezig') ON CONFLICT DO NOTHING;
INSERT INTO aanwezigheid (match_id, player_id, status) VALUES ('6173799e-15f8-4d7c-8694-8dfdc6275ff1', '2dacb871-5105-4cb9-a30f-9fc2c7870ad3', 'volledig') ON CONFLICT DO NOTHING;
INSERT INTO aanwezigheid (match_id, player_id, status) VALUES ('ab4a53df-80c0-40f8-8d86-e9e5346db90e', '2dacb871-5105-4cb9-a30f-9fc2c7870ad3', 'afwezig') ON CONFLICT DO NOTHING;
INSERT INTO aanwezigheid (match_id, player_id, status) VALUES ('dbd417a8-ca4a-4a06-97e5-96df18382572', '2dacb871-5105-4cb9-a30f-9fc2c7870ad3', 'volledig') ON CONFLICT DO NOTHING;
INSERT INTO aanwezigheid (match_id, player_id, status) VALUES ('a4aecfca-dba4-43f1-a1c5-4f16f03864bf', '2dacb871-5105-4cb9-a30f-9fc2c7870ad3', 'volledig') ON CONFLICT DO NOTHING;
INSERT INTO aanwezigheid (match_id, player_id, status) VALUES ('5c3e1254-664a-4bd4-bff9-3ffb8c15f613', '2dacb871-5105-4cb9-a30f-9fc2c7870ad3', 'afwezig') ON CONFLICT DO NOTHING;
INSERT INTO aanwezigheid (match_id, player_id, status) VALUES ('bccc8f0a-2a80-4e51-a16e-f86b0b87de6b', '2dacb871-5105-4cb9-a30f-9fc2c7870ad3', 'volledig') ON CONFLICT DO NOTHING;
INSERT INTO aanwezigheid (match_id, player_id, status) VALUES ('ab30b85e-593f-42f2-afc5-2f5489b6d8d7', '2dacb871-5105-4cb9-a30f-9fc2c7870ad3', 'volledig') ON CONFLICT DO NOTHING;
INSERT INTO aanwezigheid (match_id, player_id, status) VALUES ('f5b8264d-ac96-4951-bf22-5c64e56b970f', '2dacb871-5105-4cb9-a30f-9fc2c7870ad3', 'afwezig') ON CONFLICT DO NOTHING;
INSERT INTO aanwezigheid (match_id, player_id, status) VALUES ('930396a1-e2e8-44b0-b076-3cb809a9946a', '2dacb871-5105-4cb9-a30f-9fc2c7870ad3', 'volledig') ON CONFLICT DO NOTHING;
INSERT INTO aanwezigheid (match_id, player_id, status) VALUES ('26ac9b89-d480-4316-9ce2-4beedd600f0e', '2dacb871-5105-4cb9-a30f-9fc2c7870ad3', 'volledig') ON CONFLICT DO NOTHING;
INSERT INTO aanwezigheid (match_id, player_id, status) VALUES ('372c4cd4-8442-4f09-aa26-f9142a892425', '2dacb871-5105-4cb9-a30f-9fc2c7870ad3', 'afwezig') ON CONFLICT DO NOTHING;
INSERT INTO aanwezigheid (match_id, player_id, status) VALUES ('24fcdf61-3840-4274-b315-a287adbfbd50', '767f223c-ed87-4ab8-93ae-f5889ea6c2bb', 'volledig') ON CONFLICT DO NOTHING;
INSERT INTO aanwezigheid (match_id, player_id, status) VALUES ('3a33b2b2-c6dd-43af-b6d8-d308cbc5fbce', '767f223c-ed87-4ab8-93ae-f5889ea6c2bb', 'volledig') ON CONFLICT DO NOTHING;
INSERT INTO aanwezigheid (match_id, player_id, status) VALUES ('2bafe135-ef08-4737-8a9f-d5cbead42917', '767f223c-ed87-4ab8-93ae-f5889ea6c2bb', 'volledig') ON CONFLICT DO NOTHING;
INSERT INTO aanwezigheid (match_id, player_id, status) VALUES ('62bf3933-8c5d-4256-8c12-334e716cd51a', '767f223c-ed87-4ab8-93ae-f5889ea6c2bb', 'volledig') ON CONFLICT DO NOTHING;
INSERT INTO aanwezigheid (match_id, player_id, status) VALUES ('ce1d336a-61ca-4407-8032-003f7f0342eb', '767f223c-ed87-4ab8-93ae-f5889ea6c2bb', 'afwezig') ON CONFLICT DO NOTHING;
INSERT INTO aanwezigheid (match_id, player_id, status) VALUES ('d02b1d71-e5b5-4cb4-a5df-6ac2549a7afc', '767f223c-ed87-4ab8-93ae-f5889ea6c2bb', 'volledig') ON CONFLICT DO NOTHING;
INSERT INTO aanwezigheid (match_id, player_id, status) VALUES ('6173799e-15f8-4d7c-8694-8dfdc6275ff1', '767f223c-ed87-4ab8-93ae-f5889ea6c2bb', 'volledig') ON CONFLICT DO NOTHING;
INSERT INTO aanwezigheid (match_id, player_id, status) VALUES ('ab4a53df-80c0-40f8-8d86-e9e5346db90e', '767f223c-ed87-4ab8-93ae-f5889ea6c2bb', 'afwezig') ON CONFLICT DO NOTHING;
INSERT INTO aanwezigheid (match_id, player_id, status) VALUES ('a4aecfca-dba4-43f1-a1c5-4f16f03864bf', '767f223c-ed87-4ab8-93ae-f5889ea6c2bb', 'afwezig') ON CONFLICT DO NOTHING;
INSERT INTO aanwezigheid (match_id, player_id, status) VALUES ('5c3e1254-664a-4bd4-bff9-3ffb8c15f613', '767f223c-ed87-4ab8-93ae-f5889ea6c2bb', 'volledig') ON CONFLICT DO NOTHING;
INSERT INTO aanwezigheid (match_id, player_id, status) VALUES ('bccc8f0a-2a80-4e51-a16e-f86b0b87de6b', '767f223c-ed87-4ab8-93ae-f5889ea6c2bb', 'afwezig') ON CONFLICT DO NOTHING;
INSERT INTO aanwezigheid (match_id, player_id, status) VALUES ('ab30b85e-593f-42f2-afc5-2f5489b6d8d7', '767f223c-ed87-4ab8-93ae-f5889ea6c2bb', 'afwezig') ON CONFLICT DO NOTHING;
INSERT INTO aanwezigheid (match_id, player_id, status) VALUES ('f5b8264d-ac96-4951-bf22-5c64e56b970f', '767f223c-ed87-4ab8-93ae-f5889ea6c2bb', 'volledig') ON CONFLICT DO NOTHING;
INSERT INTO aanwezigheid (match_id, player_id, status) VALUES ('3222c9d3-44e3-422f-b46a-782632122895', '767f223c-ed87-4ab8-93ae-f5889ea6c2bb', 'toeschouwer') ON CONFLICT DO NOTHING;
INSERT INTO aanwezigheid (match_id, player_id, status) VALUES ('610acc1b-3392-44f6-8f37-6387ef2eaca3', '767f223c-ed87-4ab8-93ae-f5889ea6c2bb', 'afwezig') ON CONFLICT DO NOTHING;
INSERT INTO aanwezigheid (match_id, player_id, status) VALUES ('930396a1-e2e8-44b0-b076-3cb809a9946a', '767f223c-ed87-4ab8-93ae-f5889ea6c2bb', 'volledig') ON CONFLICT DO NOTHING;
INSERT INTO aanwezigheid (match_id, player_id, status) VALUES ('372c4cd4-8442-4f09-aa26-f9142a892425', '767f223c-ed87-4ab8-93ae-f5889ea6c2bb', 'volledig') ON CONFLICT DO NOTHING;
INSERT INTO aanwezigheid (match_id, player_id, status) VALUES ('2bafe135-ef08-4737-8a9f-d5cbead42917', '7662b497-bd4a-4068-b238-c36624dbe58d', 'volledig') ON CONFLICT DO NOTHING;
INSERT INTO aanwezigheid (match_id, player_id, status) VALUES ('62bf3933-8c5d-4256-8c12-334e716cd51a', '7662b497-bd4a-4068-b238-c36624dbe58d', 'volledig') ON CONFLICT DO NOTHING;
INSERT INTO aanwezigheid (match_id, player_id, status) VALUES ('ce1d336a-61ca-4407-8032-003f7f0342eb', '7662b497-bd4a-4068-b238-c36624dbe58d', 'volledig') ON CONFLICT DO NOTHING;
INSERT INTO aanwezigheid (match_id, player_id, status) VALUES ('d02b1d71-e5b5-4cb4-a5df-6ac2549a7afc', '7662b497-bd4a-4068-b238-c36624dbe58d', 'afwezig') ON CONFLICT DO NOTHING;
INSERT INTO aanwezigheid (match_id, player_id, status) VALUES ('6173799e-15f8-4d7c-8694-8dfdc6275ff1', '7662b497-bd4a-4068-b238-c36624dbe58d', 'afwezig') ON CONFLICT DO NOTHING;
INSERT INTO aanwezigheid (match_id, player_id, status) VALUES ('ab4a53df-80c0-40f8-8d86-e9e5346db90e', '7662b497-bd4a-4068-b238-c36624dbe58d', 'volledig') ON CONFLICT DO NOTHING;
INSERT INTO aanwezigheid (match_id, player_id, status) VALUES ('5c3e1254-664a-4bd4-bff9-3ffb8c15f613', '7662b497-bd4a-4068-b238-c36624dbe58d', 'afwezig') ON CONFLICT DO NOTHING;
INSERT INTO aanwezigheid (match_id, player_id, status) VALUES ('8b3355a1-a4a2-4cdb-a7f0-b367e846eff9', '7662b497-bd4a-4068-b238-c36624dbe58d', 'volledig') ON CONFLICT DO NOTHING;
INSERT INTO aanwezigheid (match_id, player_id, status) VALUES ('bccc8f0a-2a80-4e51-a16e-f86b0b87de6b', '7662b497-bd4a-4068-b238-c36624dbe58d', 'volledig') ON CONFLICT DO NOTHING;
INSERT INTO aanwezigheid (match_id, player_id, status) VALUES ('f5b8264d-ac96-4951-bf22-5c64e56b970f', '7662b497-bd4a-4068-b238-c36624dbe58d', 'afwezig') ON CONFLICT DO NOTHING;
INSERT INTO aanwezigheid (match_id, player_id, status) VALUES ('3222c9d3-44e3-422f-b46a-782632122895', '7662b497-bd4a-4068-b238-c36624dbe58d', 'volledig') ON CONFLICT DO NOTHING;
INSERT INTO aanwezigheid (match_id, player_id, status) VALUES ('930396a1-e2e8-44b0-b076-3cb809a9946a', '7662b497-bd4a-4068-b238-c36624dbe58d', 'toeschouwer') ON CONFLICT DO NOTHING;
INSERT INTO aanwezigheid (match_id, player_id, status) VALUES ('26ac9b89-d480-4316-9ce2-4beedd600f0e', '7662b497-bd4a-4068-b238-c36624dbe58d', 'afwezig') ON CONFLICT DO NOTHING;
INSERT INTO aanwezigheid (match_id, player_id, status) VALUES ('372c4cd4-8442-4f09-aa26-f9142a892425', '7662b497-bd4a-4068-b238-c36624dbe58d', 'volledig') ON CONFLICT DO NOTHING;
INSERT INTO aanwezigheid (match_id, player_id, status) VALUES ('24fcdf61-3840-4274-b315-a287adbfbd50', '75aec47d-812c-4899-a8db-2b64a43ef098', 'volledig') ON CONFLICT DO NOTHING;
INSERT INTO aanwezigheid (match_id, player_id, status) VALUES ('d02b1d71-e5b5-4cb4-a5df-6ac2549a7afc', '75aec47d-812c-4899-a8db-2b64a43ef098', 'volledig') ON CONFLICT DO NOTHING;
INSERT INTO aanwezigheid (match_id, player_id, status) VALUES ('6173799e-15f8-4d7c-8694-8dfdc6275ff1', '75aec47d-812c-4899-a8db-2b64a43ef098', 'volledig') ON CONFLICT DO NOTHING;
INSERT INTO aanwezigheid (match_id, player_id, status) VALUES ('ab4a53df-80c0-40f8-8d86-e9e5346db90e', '75aec47d-812c-4899-a8db-2b64a43ef098', 'afwezig') ON CONFLICT DO NOTHING;
INSERT INTO aanwezigheid (match_id, player_id, status) VALUES ('a4aecfca-dba4-43f1-a1c5-4f16f03864bf', '75aec47d-812c-4899-a8db-2b64a43ef098', 'volledig') ON CONFLICT DO NOTHING;
INSERT INTO aanwezigheid (match_id, player_id, status) VALUES ('5c3e1254-664a-4bd4-bff9-3ffb8c15f613', '75aec47d-812c-4899-a8db-2b64a43ef098', 'afwezig') ON CONFLICT DO NOTHING;
INSERT INTO aanwezigheid (match_id, player_id, status) VALUES ('8b3355a1-a4a2-4cdb-a7f0-b367e846eff9', '75aec47d-812c-4899-a8db-2b64a43ef098', 'volledig') ON CONFLICT DO NOTHING;
INSERT INTO aanwezigheid (match_id, player_id, status) VALUES ('bccc8f0a-2a80-4e51-a16e-f86b0b87de6b', '75aec47d-812c-4899-a8db-2b64a43ef098', 'afwezig') ON CONFLICT DO NOTHING;
INSERT INTO aanwezigheid (match_id, player_id, status) VALUES ('ab30b85e-593f-42f2-afc5-2f5489b6d8d7', '75aec47d-812c-4899-a8db-2b64a43ef098', 'volledig') ON CONFLICT DO NOTHING;
INSERT INTO aanwezigheid (match_id, player_id, status) VALUES ('f5b8264d-ac96-4951-bf22-5c64e56b970f', '75aec47d-812c-4899-a8db-2b64a43ef098', 'afwezig') ON CONFLICT DO NOTHING;
INSERT INTO aanwezigheid (match_id, player_id, status) VALUES ('610acc1b-3392-44f6-8f37-6387ef2eaca3', '75aec47d-812c-4899-a8db-2b64a43ef098', 'volledig') ON CONFLICT DO NOTHING;
INSERT INTO aanwezigheid (match_id, player_id, status) VALUES ('930396a1-e2e8-44b0-b076-3cb809a9946a', '75aec47d-812c-4899-a8db-2b64a43ef098', 'afwezig') ON CONFLICT DO NOTHING;
INSERT INTO aanwezigheid (match_id, player_id, status) VALUES ('372c4cd4-8442-4f09-aa26-f9142a892425', '75aec47d-812c-4899-a8db-2b64a43ef098', 'volledig') ON CONFLICT DO NOTHING;
INSERT INTO aanwezigheid (match_id, player_id, status) VALUES ('24fcdf61-3840-4274-b315-a287adbfbd50', 'e5270f79-ad7d-44ee-a1ce-d96ba66f490b', 'volledig') ON CONFLICT DO NOTHING;
INSERT INTO aanwezigheid (match_id, player_id, status) VALUES ('62bf3933-8c5d-4256-8c12-334e716cd51a', 'e5270f79-ad7d-44ee-a1ce-d96ba66f490b', 'volledig') ON CONFLICT DO NOTHING;
INSERT INTO aanwezigheid (match_id, player_id, status) VALUES ('ce1d336a-61ca-4407-8032-003f7f0342eb', 'e5270f79-ad7d-44ee-a1ce-d96ba66f490b', 'volledig') ON CONFLICT DO NOTHING;
INSERT INTO aanwezigheid (match_id, player_id, status) VALUES ('6173799e-15f8-4d7c-8694-8dfdc6275ff1', 'e5270f79-ad7d-44ee-a1ce-d96ba66f490b', 'volledig') ON CONFLICT DO NOTHING;
INSERT INTO aanwezigheid (match_id, player_id, status) VALUES ('ab4a53df-80c0-40f8-8d86-e9e5346db90e', 'e5270f79-ad7d-44ee-a1ce-d96ba66f490b', 'afwezig') ON CONFLICT DO NOTHING;
INSERT INTO aanwezigheid (match_id, player_id, status) VALUES ('dbd417a8-ca4a-4a06-97e5-96df18382572', 'e5270f79-ad7d-44ee-a1ce-d96ba66f490b', 'volledig') ON CONFLICT DO NOTHING;
INSERT INTO aanwezigheid (match_id, player_id, status) VALUES ('8b3355a1-a4a2-4cdb-a7f0-b367e846eff9', 'e5270f79-ad7d-44ee-a1ce-d96ba66f490b', 'volledig') ON CONFLICT DO NOTHING;
INSERT INTO aanwezigheid (match_id, player_id, status) VALUES ('bccc8f0a-2a80-4e51-a16e-f86b0b87de6b', 'e5270f79-ad7d-44ee-a1ce-d96ba66f490b', 'afwezig') ON CONFLICT DO NOTHING;
INSERT INTO aanwezigheid (match_id, player_id, status) VALUES ('ab30b85e-593f-42f2-afc5-2f5489b6d8d7', 'e5270f79-ad7d-44ee-a1ce-d96ba66f490b', 'afwezig') ON CONFLICT DO NOTHING;
INSERT INTO aanwezigheid (match_id, player_id, status) VALUES ('f5b8264d-ac96-4951-bf22-5c64e56b970f', 'e5270f79-ad7d-44ee-a1ce-d96ba66f490b', 'afwezig') ON CONFLICT DO NOTHING;
INSERT INTO aanwezigheid (match_id, player_id, status) VALUES ('3222c9d3-44e3-422f-b46a-782632122895', 'e5270f79-ad7d-44ee-a1ce-d96ba66f490b', 'volledig') ON CONFLICT DO NOTHING;
INSERT INTO aanwezigheid (match_id, player_id, status) VALUES ('610acc1b-3392-44f6-8f37-6387ef2eaca3', 'e5270f79-ad7d-44ee-a1ce-d96ba66f490b', 'volledig') ON CONFLICT DO NOTHING;
INSERT INTO aanwezigheid (match_id, player_id, status) VALUES ('930396a1-e2e8-44b0-b076-3cb809a9946a', 'e5270f79-ad7d-44ee-a1ce-d96ba66f490b', 'afwezig') ON CONFLICT DO NOTHING;
INSERT INTO aanwezigheid (match_id, player_id, status) VALUES ('26ac9b89-d480-4316-9ce2-4beedd600f0e', 'e5270f79-ad7d-44ee-a1ce-d96ba66f490b', 'volledig') ON CONFLICT DO NOTHING;
INSERT INTO aanwezigheid (match_id, player_id, status) VALUES ('372c4cd4-8442-4f09-aa26-f9142a892425', 'e5270f79-ad7d-44ee-a1ce-d96ba66f490b', 'afwezig') ON CONFLICT DO NOTHING;
INSERT INTO aanwezigheid (match_id, player_id, status) VALUES ('24fcdf61-3840-4274-b315-a287adbfbd50', 'ae6aca04-8285-4c31-bf0d-745275a89acf', 'volledig') ON CONFLICT DO NOTHING;
INSERT INTO aanwezigheid (match_id, player_id, status) VALUES ('2bafe135-ef08-4737-8a9f-d5cbead42917', 'ae6aca04-8285-4c31-bf0d-745275a89acf', 'afwezig') ON CONFLICT DO NOTHING;
INSERT INTO aanwezigheid (match_id, player_id, status) VALUES ('62bf3933-8c5d-4256-8c12-334e716cd51a', 'ae6aca04-8285-4c31-bf0d-745275a89acf', 'volledig') ON CONFLICT DO NOTHING;
INSERT INTO aanwezigheid (match_id, player_id, status) VALUES ('ce1d336a-61ca-4407-8032-003f7f0342eb', 'ae6aca04-8285-4c31-bf0d-745275a89acf', 'volledig') ON CONFLICT DO NOTHING;
INSERT INTO aanwezigheid (match_id, player_id, status) VALUES ('d02b1d71-e5b5-4cb4-a5df-6ac2549a7afc', 'ae6aca04-8285-4c31-bf0d-745275a89acf', 'afwezig') ON CONFLICT DO NOTHING;
INSERT INTO aanwezigheid (match_id, player_id, status) VALUES ('6173799e-15f8-4d7c-8694-8dfdc6275ff1', 'ae6aca04-8285-4c31-bf0d-745275a89acf', 'volledig') ON CONFLICT DO NOTHING;
INSERT INTO aanwezigheid (match_id, player_id, status) VALUES ('ab4a53df-80c0-40f8-8d86-e9e5346db90e', 'ae6aca04-8285-4c31-bf0d-745275a89acf', 'afwezig') ON CONFLICT DO NOTHING;
INSERT INTO aanwezigheid (match_id, player_id, status) VALUES ('dbd417a8-ca4a-4a06-97e5-96df18382572', 'ae6aca04-8285-4c31-bf0d-745275a89acf', 'volledig') ON CONFLICT DO NOTHING;
INSERT INTO aanwezigheid (match_id, player_id, status) VALUES ('a4aecfca-dba4-43f1-a1c5-4f16f03864bf', 'ae6aca04-8285-4c31-bf0d-745275a89acf', 'volledig') ON CONFLICT DO NOTHING;
INSERT INTO aanwezigheid (match_id, player_id, status) VALUES ('bccc8f0a-2a80-4e51-a16e-f86b0b87de6b', 'ae6aca04-8285-4c31-bf0d-745275a89acf', 'afwezig') ON CONFLICT DO NOTHING;
INSERT INTO aanwezigheid (match_id, player_id, status) VALUES ('ab30b85e-593f-42f2-afc5-2f5489b6d8d7', 'ae6aca04-8285-4c31-bf0d-745275a89acf', 'volledig') ON CONFLICT DO NOTHING;
INSERT INTO aanwezigheid (match_id, player_id, status) VALUES ('f5b8264d-ac96-4951-bf22-5c64e56b970f', 'ae6aca04-8285-4c31-bf0d-745275a89acf', 'afwezig') ON CONFLICT DO NOTHING;
INSERT INTO aanwezigheid (match_id, player_id, status) VALUES ('3222c9d3-44e3-422f-b46a-782632122895', 'ae6aca04-8285-4c31-bf0d-745275a89acf', 'volledig') ON CONFLICT DO NOTHING;
INSERT INTO aanwezigheid (match_id, player_id, status) VALUES ('610acc1b-3392-44f6-8f37-6387ef2eaca3', 'ae6aca04-8285-4c31-bf0d-745275a89acf', 'volledig') ON CONFLICT DO NOTHING;
INSERT INTO aanwezigheid (match_id, player_id, status) VALUES ('930396a1-e2e8-44b0-b076-3cb809a9946a', 'ae6aca04-8285-4c31-bf0d-745275a89acf', 'afwezig') ON CONFLICT DO NOTHING;
INSERT INTO aanwezigheid (match_id, player_id, status) VALUES ('62bf3933-8c5d-4256-8c12-334e716cd51a', 'f6ca1a0c-0eb8-4dd8-babd-3202aa86d92a', 'volledig') ON CONFLICT DO NOTHING;
INSERT INTO aanwezigheid (match_id, player_id, status) VALUES ('ce1d336a-61ca-4407-8032-003f7f0342eb', 'f6ca1a0c-0eb8-4dd8-babd-3202aa86d92a', 'afwezig') ON CONFLICT DO NOTHING;
INSERT INTO aanwezigheid (match_id, player_id, status) VALUES ('d02b1d71-e5b5-4cb4-a5df-6ac2549a7afc', 'f6ca1a0c-0eb8-4dd8-babd-3202aa86d92a', 'volledig') ON CONFLICT DO NOTHING;
INSERT INTO aanwezigheid (match_id, player_id, status) VALUES ('6173799e-15f8-4d7c-8694-8dfdc6275ff1', 'f6ca1a0c-0eb8-4dd8-babd-3202aa86d92a', 'toeschouwer') ON CONFLICT DO NOTHING;
INSERT INTO aanwezigheid (match_id, player_id, status) VALUES ('ab4a53df-80c0-40f8-8d86-e9e5346db90e', 'f6ca1a0c-0eb8-4dd8-babd-3202aa86d92a', 'afwezig') ON CONFLICT DO NOTHING;
INSERT INTO aanwezigheid (match_id, player_id, status) VALUES ('dbd417a8-ca4a-4a06-97e5-96df18382572', 'f6ca1a0c-0eb8-4dd8-babd-3202aa86d92a', 'volledig') ON CONFLICT DO NOTHING;
INSERT INTO aanwezigheid (match_id, player_id, status) VALUES ('5c3e1254-664a-4bd4-bff9-3ffb8c15f613', 'f6ca1a0c-0eb8-4dd8-babd-3202aa86d92a', 'volledig') ON CONFLICT DO NOTHING;
INSERT INTO aanwezigheid (match_id, player_id, status) VALUES ('8b3355a1-a4a2-4cdb-a7f0-b367e846eff9', 'f6ca1a0c-0eb8-4dd8-babd-3202aa86d92a', 'volledig') ON CONFLICT DO NOTHING;
INSERT INTO aanwezigheid (match_id, player_id, status) VALUES ('f5b8264d-ac96-4951-bf22-5c64e56b970f', 'f6ca1a0c-0eb8-4dd8-babd-3202aa86d92a', 'afwezig') ON CONFLICT DO NOTHING;
INSERT INTO aanwezigheid (match_id, player_id, status) VALUES ('3222c9d3-44e3-422f-b46a-782632122895', 'f6ca1a0c-0eb8-4dd8-babd-3202aa86d92a', 'volledig') ON CONFLICT DO NOTHING;
INSERT INTO aanwezigheid (match_id, player_id, status) VALUES ('610acc1b-3392-44f6-8f37-6387ef2eaca3', 'f6ca1a0c-0eb8-4dd8-babd-3202aa86d92a', 'volledig') ON CONFLICT DO NOTHING;
INSERT INTO aanwezigheid (match_id, player_id, status) VALUES ('26ac9b89-d480-4316-9ce2-4beedd600f0e', 'f6ca1a0c-0eb8-4dd8-babd-3202aa86d92a', 'afwezig') ON CONFLICT DO NOTHING;
INSERT INTO aanwezigheid (match_id, player_id, status) VALUES ('372c4cd4-8442-4f09-aa26-f9142a892425', 'f6ca1a0c-0eb8-4dd8-babd-3202aa86d92a', 'afwezig') ON CONFLICT DO NOTHING;
INSERT INTO aanwezigheid (match_id, player_id, status) VALUES ('ce1d336a-61ca-4407-8032-003f7f0342eb', '6b321166-046b-44e4-8ebf-7e0a20b0fddd', 'afwezig') ON CONFLICT DO NOTHING;
INSERT INTO aanwezigheid (match_id, player_id, status) VALUES ('ab4a53df-80c0-40f8-8d86-e9e5346db90e', '6b321166-046b-44e4-8ebf-7e0a20b0fddd', 'toeschouwer') ON CONFLICT DO NOTHING;
INSERT INTO aanwezigheid (match_id, player_id, status) VALUES ('5c3e1254-664a-4bd4-bff9-3ffb8c15f613', '6b321166-046b-44e4-8ebf-7e0a20b0fddd', 'afwezig') ON CONFLICT DO NOTHING;
INSERT INTO aanwezigheid (match_id, player_id, status) VALUES ('8b3355a1-a4a2-4cdb-a7f0-b367e846eff9', '6b321166-046b-44e4-8ebf-7e0a20b0fddd', 'volledig') ON CONFLICT DO NOTHING;
INSERT INTO aanwezigheid (match_id, player_id, status) VALUES ('bccc8f0a-2a80-4e51-a16e-f86b0b87de6b', '6b321166-046b-44e4-8ebf-7e0a20b0fddd', 'volledig') ON CONFLICT DO NOTHING;
INSERT INTO aanwezigheid (match_id, player_id, status) VALUES ('ab30b85e-593f-42f2-afc5-2f5489b6d8d7', '6b321166-046b-44e4-8ebf-7e0a20b0fddd', 'volledig') ON CONFLICT DO NOTHING;
INSERT INTO aanwezigheid (match_id, player_id, status) VALUES ('930396a1-e2e8-44b0-b076-3cb809a9946a', '6b321166-046b-44e4-8ebf-7e0a20b0fddd', 'toeschouwer') ON CONFLICT DO NOTHING;
INSERT INTO aanwezigheid (match_id, player_id, status) VALUES ('26ac9b89-d480-4316-9ce2-4beedd600f0e', '6b321166-046b-44e4-8ebf-7e0a20b0fddd', 'volledig') ON CONFLICT DO NOTHING;
INSERT INTO aanwezigheid (match_id, player_id, status) VALUES ('372c4cd4-8442-4f09-aa26-f9142a892425', '6b321166-046b-44e4-8ebf-7e0a20b0fddd', 'afwezig') ON CONFLICT DO NOTHING;
INSERT INTO aanwezigheid (match_id, player_id, status) VALUES ('3a33b2b2-c6dd-43af-b6d8-d308cbc5fbce', 'c0a0bc2b-0f04-4f18-824a-7eb2680f5fdc', 'volledig') ON CONFLICT DO NOTHING;
INSERT INTO aanwezigheid (match_id, player_id, status) VALUES ('ce1d336a-61ca-4407-8032-003f7f0342eb', 'c0a0bc2b-0f04-4f18-824a-7eb2680f5fdc', 'afwezig') ON CONFLICT DO NOTHING;
INSERT INTO aanwezigheid (match_id, player_id, status) VALUES ('d02b1d71-e5b5-4cb4-a5df-6ac2549a7afc', 'c0a0bc2b-0f04-4f18-824a-7eb2680f5fdc', 'afwezig') ON CONFLICT DO NOTHING;
INSERT INTO aanwezigheid (match_id, player_id, status) VALUES ('6173799e-15f8-4d7c-8694-8dfdc6275ff1', 'c0a0bc2b-0f04-4f18-824a-7eb2680f5fdc', 'afwezig') ON CONFLICT DO NOTHING;
INSERT INTO aanwezigheid (match_id, player_id, status) VALUES ('ab4a53df-80c0-40f8-8d86-e9e5346db90e', 'c0a0bc2b-0f04-4f18-824a-7eb2680f5fdc', 'volledig') ON CONFLICT DO NOTHING;
INSERT INTO aanwezigheid (match_id, player_id, status) VALUES ('5c3e1254-664a-4bd4-bff9-3ffb8c15f613', 'c0a0bc2b-0f04-4f18-824a-7eb2680f5fdc', 'afwezig') ON CONFLICT DO NOTHING;
INSERT INTO aanwezigheid (match_id, player_id, status) VALUES ('bccc8f0a-2a80-4e51-a16e-f86b0b87de6b', 'c0a0bc2b-0f04-4f18-824a-7eb2680f5fdc', 'afwezig') ON CONFLICT DO NOTHING;
INSERT INTO aanwezigheid (match_id, player_id, status) VALUES ('ab30b85e-593f-42f2-afc5-2f5489b6d8d7', 'c0a0bc2b-0f04-4f18-824a-7eb2680f5fdc', 'volledig') ON CONFLICT DO NOTHING;
INSERT INTO aanwezigheid (match_id, player_id, status) VALUES ('f5b8264d-ac96-4951-bf22-5c64e56b970f', 'c0a0bc2b-0f04-4f18-824a-7eb2680f5fdc', 'volledig') ON CONFLICT DO NOTHING;
INSERT INTO aanwezigheid (match_id, player_id, status) VALUES ('3222c9d3-44e3-422f-b46a-782632122895', 'c0a0bc2b-0f04-4f18-824a-7eb2680f5fdc', 'volledig') ON CONFLICT DO NOTHING;
INSERT INTO aanwezigheid (match_id, player_id, status) VALUES ('610acc1b-3392-44f6-8f37-6387ef2eaca3', 'c0a0bc2b-0f04-4f18-824a-7eb2680f5fdc', 'volledig') ON CONFLICT DO NOTHING;
INSERT INTO aanwezigheid (match_id, player_id, status) VALUES ('930396a1-e2e8-44b0-b076-3cb809a9946a', 'c0a0bc2b-0f04-4f18-824a-7eb2680f5fdc', 'afwezig') ON CONFLICT DO NOTHING;
INSERT INTO aanwezigheid (match_id, player_id, status) VALUES ('372c4cd4-8442-4f09-aa26-f9142a892425', 'c0a0bc2b-0f04-4f18-824a-7eb2680f5fdc', 'volledig') ON CONFLICT DO NOTHING;
INSERT INTO aanwezigheid (match_id, player_id, status) VALUES ('3a33b2b2-c6dd-43af-b6d8-d308cbc5fbce', 'ff2eccf5-dd9d-4504-835c-04015695758e', 'volledig') ON CONFLICT DO NOTHING;
INSERT INTO aanwezigheid (match_id, player_id, status) VALUES ('2bafe135-ef08-4737-8a9f-d5cbead42917', 'ff2eccf5-dd9d-4504-835c-04015695758e', 'afwezig') ON CONFLICT DO NOTHING;
INSERT INTO aanwezigheid (match_id, player_id, status) VALUES ('62bf3933-8c5d-4256-8c12-334e716cd51a', 'ff2eccf5-dd9d-4504-835c-04015695758e', 'afwezig') ON CONFLICT DO NOTHING;
INSERT INTO aanwezigheid (match_id, player_id, status) VALUES ('ab30b85e-593f-42f2-afc5-2f5489b6d8d7', 'ff2eccf5-dd9d-4504-835c-04015695758e', 'afwezig') ON CONFLICT DO NOTHING;
INSERT INTO aanwezigheid (match_id, player_id, status) VALUES ('f5b8264d-ac96-4951-bf22-5c64e56b970f', 'ff2eccf5-dd9d-4504-835c-04015695758e', 'volledig') ON CONFLICT DO NOTHING;
INSERT INTO aanwezigheid (match_id, player_id, status) VALUES ('930396a1-e2e8-44b0-b076-3cb809a9946a', 'ff2eccf5-dd9d-4504-835c-04015695758e', 'volledig') ON CONFLICT DO NOTHING;
INSERT INTO aanwezigheid (match_id, player_id, status) VALUES ('24fcdf61-3840-4274-b315-a287adbfbd50', 'b368cd89-d75e-4d9e-9033-e1257f856bd2', 'afwezig') ON CONFLICT DO NOTHING;
INSERT INTO aanwezigheid (match_id, player_id, status) VALUES ('62bf3933-8c5d-4256-8c12-334e716cd51a', 'b368cd89-d75e-4d9e-9033-e1257f856bd2', 'toeschouwer') ON CONFLICT DO NOTHING;
INSERT INTO aanwezigheid (match_id, player_id, status) VALUES ('a4aecfca-dba4-43f1-a1c5-4f16f03864bf', 'b368cd89-d75e-4d9e-9033-e1257f856bd2', 'afwezig') ON CONFLICT DO NOTHING;
INSERT INTO aanwezigheid (match_id, player_id, status) VALUES ('5c3e1254-664a-4bd4-bff9-3ffb8c15f613', 'b368cd89-d75e-4d9e-9033-e1257f856bd2', 'volledig') ON CONFLICT DO NOTHING;
INSERT INTO aanwezigheid (match_id, player_id, status) VALUES ('8b3355a1-a4a2-4cdb-a7f0-b367e846eff9', 'b368cd89-d75e-4d9e-9033-e1257f856bd2', 'volledig') ON CONFLICT DO NOTHING;
INSERT INTO aanwezigheid (match_id, player_id, status) VALUES ('ab30b85e-593f-42f2-afc5-2f5489b6d8d7', 'b368cd89-d75e-4d9e-9033-e1257f856bd2', 'afwezig') ON CONFLICT DO NOTHING;
INSERT INTO aanwezigheid (match_id, player_id, status) VALUES ('610acc1b-3392-44f6-8f37-6387ef2eaca3', 'b368cd89-d75e-4d9e-9033-e1257f856bd2', 'volledig') ON CONFLICT DO NOTHING;
INSERT INTO aanwezigheid (match_id, player_id, status) VALUES ('930396a1-e2e8-44b0-b076-3cb809a9946a', 'b368cd89-d75e-4d9e-9033-e1257f856bd2', 'toeschouwer') ON CONFLICT DO NOTHING;
INSERT INTO aanwezigheid (match_id, player_id, status) VALUES ('372c4cd4-8442-4f09-aa26-f9142a892425', 'b368cd89-d75e-4d9e-9033-e1257f856bd2', 'afwezig') ON CONFLICT DO NOTHING;
INSERT INTO aanwezigheid (match_id, player_id, status) VALUES ('5c3e1254-664a-4bd4-bff9-3ffb8c15f613', 'a944e010-ad35-44b7-9cef-86ca443fd246', 'toeschouwer') ON CONFLICT DO NOTHING;
INSERT INTO aanwezigheid (match_id, player_id, status) VALUES ('8b3355a1-a4a2-4cdb-a7f0-b367e846eff9', 'a944e010-ad35-44b7-9cef-86ca443fd246', 'toeschouwer') ON CONFLICT DO NOTHING;
INSERT INTO aanwezigheid (match_id, player_id, status) VALUES ('f5b8264d-ac96-4951-bf22-5c64e56b970f', 'a944e010-ad35-44b7-9cef-86ca443fd246', 'toeschouwer') ON CONFLICT DO NOTHING;
INSERT INTO aanwezigheid (match_id, player_id, status) VALUES ('930396a1-e2e8-44b0-b076-3cb809a9946a', 'a944e010-ad35-44b7-9cef-86ca443fd246', 'toeschouwer') ON CONFLICT DO NOTHING;
INSERT INTO aanwezigheid (match_id, player_id, status) VALUES ('372c4cd4-8442-4f09-aa26-f9142a892425', 'a944e010-ad35-44b7-9cef-86ca443fd246', 'toeschouwer') ON CONFLICT DO NOTHING;
INSERT INTO aanwezigheid (match_id, player_id, status) VALUES ('d02b1d71-e5b5-4cb4-a5df-6ac2549a7afc', '83edb0c0-8198-48d4-8d24-ae7554553be9', 'afwezig') ON CONFLICT DO NOTHING;
INSERT INTO aanwezigheid (match_id, player_id, status) VALUES ('dbd417a8-ca4a-4a06-97e5-96df18382572', '83edb0c0-8198-48d4-8d24-ae7554553be9', 'volledig') ON CONFLICT DO NOTHING;
INSERT INTO aanwezigheid (match_id, player_id, status) VALUES ('3222c9d3-44e3-422f-b46a-782632122895', '83edb0c0-8198-48d4-8d24-ae7554553be9', 'afwezig') ON CONFLICT DO NOTHING;
INSERT INTO aanwezigheid (match_id, player_id, status) VALUES ('6173799e-15f8-4d7c-8694-8dfdc6275ff1', 'd45fb0a6-6b26-4271-aa16-c02c88b28c22', 'toeschouwer') ON CONFLICT DO NOTHING;
INSERT INTO aanwezigheid (match_id, player_id, status) VALUES ('610acc1b-3392-44f6-8f37-6387ef2eaca3', 'd45fb0a6-6b26-4271-aa16-c02c88b28c22', 'volledig') ON CONFLICT DO NOTHING;
INSERT INTO aanwezigheid (match_id, player_id, status) VALUES ('62bf3933-8c5d-4256-8c12-334e716cd51a', '3157eb62-2322-4ec4-af2f-f00136e99a50', 'toeschouwer') ON CONFLICT DO NOTHING;
INSERT INTO aanwezigheid (match_id, player_id, status) VALUES ('a4aecfca-dba4-43f1-a1c5-4f16f03864bf', '3157eb62-2322-4ec4-af2f-f00136e99a50', 'volledig') ON CONFLICT DO NOTHING;
INSERT INTO aanwezigheid (match_id, player_id, status) VALUES ('3222c9d3-44e3-422f-b46a-782632122895', '3157eb62-2322-4ec4-af2f-f00136e99a50', 'afwezig') ON CONFLICT DO NOTHING;
INSERT INTO aanwezigheid (match_id, player_id, status) VALUES ('610acc1b-3392-44f6-8f37-6387ef2eaca3', '3157eb62-2322-4ec4-af2f-f00136e99a50', 'afwezig') ON CONFLICT DO NOTHING;
INSERT INTO aanwezigheid (match_id, player_id, status) VALUES ('3222c9d3-44e3-422f-b46a-782632122895', '2c485bc2-47e8-4df0-a554-da9bf63c4d67', 'toeschouwer') ON CONFLICT DO NOTHING;
INSERT INTO aanwezigheid (match_id, player_id, status) VALUES ('62bf3933-8c5d-4256-8c12-334e716cd51a', '32030a05-1187-4199-b02b-7b29833ab9e2', 'toeschouwer') ON CONFLICT DO NOTHING;
INSERT INTO aanwezigheid (match_id, player_id, status) VALUES ('ce1d336a-61ca-4407-8032-003f7f0342eb', '32030a05-1187-4199-b02b-7b29833ab9e2', 'toeschouwer') ON CONFLICT DO NOTHING;
INSERT INTO aanwezigheid (match_id, player_id, status) VALUES ('ab4a53df-80c0-40f8-8d86-e9e5346db90e', '32030a05-1187-4199-b02b-7b29833ab9e2', 'toeschouwer') ON CONFLICT DO NOTHING;
INSERT INTO aanwezigheid (match_id, player_id, status) VALUES ('3222c9d3-44e3-422f-b46a-782632122895', '32030a05-1187-4199-b02b-7b29833ab9e2', 'toeschouwer') ON CONFLICT DO NOTHING;
INSERT INTO aanwezigheid (match_id, player_id, status) VALUES ('610acc1b-3392-44f6-8f37-6387ef2eaca3', '32030a05-1187-4199-b02b-7b29833ab9e2', 'toeschouwer') ON CONFLICT DO NOTHING;

-- Doelpunten 2025-2026
INSERT INTO doelpunten (match_id, player_id, aantal) VALUES ('62bf3933-8c5d-4256-8c12-334e716cd51a', '08d42ab8-69da-488f-9553-4bab95fd89e4', 1) ON CONFLICT DO NOTHING;
INSERT INTO doelpunten (match_id, player_id, aantal) VALUES ('5c3e1254-664a-4bd4-bff9-3ffb8c15f613', '08d42ab8-69da-488f-9553-4bab95fd89e4', 1) ON CONFLICT DO NOTHING;
INSERT INTO doelpunten (match_id, player_id, aantal) VALUES ('bccc8f0a-2a80-4e51-a16e-f86b0b87de6b', '08d42ab8-69da-488f-9553-4bab95fd89e4', 1) ON CONFLICT DO NOTHING;
INSERT INTO doelpunten (match_id, player_id, aantal) VALUES ('26ac9b89-d480-4316-9ce2-4beedd600f0e', '08d42ab8-69da-488f-9553-4bab95fd89e4', 1) ON CONFLICT DO NOTHING;
INSERT INTO doelpunten (match_id, player_id, aantal) VALUES ('24fcdf61-3840-4274-b315-a287adbfbd50', '2dacb871-5105-4cb9-a30f-9fc2c7870ad3', 1) ON CONFLICT DO NOTHING;
INSERT INTO doelpunten (match_id, player_id, aantal) VALUES ('ab4a53df-80c0-40f8-8d86-e9e5346db90e', '2dacb871-5105-4cb9-a30f-9fc2c7870ad3', 1) ON CONFLICT DO NOTHING;
INSERT INTO doelpunten (match_id, player_id, aantal) VALUES ('ab30b85e-593f-42f2-afc5-2f5489b6d8d7', '2dacb871-5105-4cb9-a30f-9fc2c7870ad3', 1) ON CONFLICT DO NOTHING;
INSERT INTO doelpunten (match_id, player_id, aantal) VALUES ('26ac9b89-d480-4316-9ce2-4beedd600f0e', '2dacb871-5105-4cb9-a30f-9fc2c7870ad3', 1) ON CONFLICT DO NOTHING;
INSERT INTO doelpunten (match_id, player_id, aantal) VALUES ('24fcdf61-3840-4274-b315-a287adbfbd50', '38d0b8c9-7c17-4392-a492-b95943248244', 1) ON CONFLICT DO NOTHING;
INSERT INTO doelpunten (match_id, player_id, aantal) VALUES ('5c3e1254-664a-4bd4-bff9-3ffb8c15f613', '38d0b8c9-7c17-4392-a492-b95943248244', 1) ON CONFLICT DO NOTHING;
INSERT INTO doelpunten (match_id, player_id, aantal) VALUES ('ab30b85e-593f-42f2-afc5-2f5489b6d8d7', '38d0b8c9-7c17-4392-a492-b95943248244', 1) ON CONFLICT DO NOTHING;
INSERT INTO doelpunten (match_id, player_id, aantal) VALUES ('3a33b2b2-c6dd-43af-b6d8-d308cbc5fbce', '34d80d7f-1327-4839-8dec-889398b9737b', 1) ON CONFLICT DO NOTHING;
INSERT INTO doelpunten (match_id, player_id, aantal) VALUES ('ab4a53df-80c0-40f8-8d86-e9e5346db90e', '34d80d7f-1327-4839-8dec-889398b9737b', 1) ON CONFLICT DO NOTHING;
INSERT INTO doelpunten (match_id, player_id, aantal) VALUES ('dbd417a8-ca4a-4a06-97e5-96df18382572', 'ae6aca04-8285-4c31-bf0d-745275a89acf', 2) ON CONFLICT DO NOTHING;
INSERT INTO doelpunten (match_id, player_id, aantal) VALUES ('a4aecfca-dba4-43f1-a1c5-4f16f03864bf', '4d88dc95-07bd-4461-be53-3a0cdb5bd43b', 1) ON CONFLICT DO NOTHING;
INSERT INTO doelpunten (match_id, player_id, aantal) VALUES ('5c3e1254-664a-4bd4-bff9-3ffb8c15f613', '4d88dc95-07bd-4461-be53-3a0cdb5bd43b', 1) ON CONFLICT DO NOTHING;
INSERT INTO doelpunten (match_id, player_id, aantal) VALUES ('d02b1d71-e5b5-4cb4-a5df-6ac2549a7afc', '75aec47d-812c-4899-a8db-2b64a43ef098', 1) ON CONFLICT DO NOTHING;
INSERT INTO doelpunten (match_id, player_id, aantal) VALUES ('62bf3933-8c5d-4256-8c12-334e716cd51a', '7662b497-bd4a-4068-b238-c36624dbe58d', 1) ON CONFLICT DO NOTHING;
INSERT INTO doelpunten (match_id, player_id, aantal) VALUES ('a4aecfca-dba4-43f1-a1c5-4f16f03864bf', '1f1958d7-66be-44f3-bca8-ec69c9d00f8c', 1) ON CONFLICT DO NOTHING;
INSERT INTO doelpunten (match_id, player_id, aantal) VALUES ('bccc8f0a-2a80-4e51-a16e-f86b0b87de6b', '3302401e-bca1-4829-bccd-ca90c6534d78', 1) ON CONFLICT DO NOTHING;

-- Assists 2025-2026
INSERT INTO assists (match_id, player_id, aantal) VALUES ('24fcdf61-3840-4274-b315-a287adbfbd50', '55db8337-8403-4495-a3aa-ce85cf614885', 1) ON CONFLICT DO NOTHING;
INSERT INTO assists (match_id, player_id, aantal) VALUES ('3a33b2b2-c6dd-43af-b6d8-d308cbc5fbce', '55db8337-8403-4495-a3aa-ce85cf614885', 1) ON CONFLICT DO NOTHING;
INSERT INTO assists (match_id, player_id, aantal) VALUES ('ab4a53df-80c0-40f8-8d86-e9e5346db90e', '55db8337-8403-4495-a3aa-ce85cf614885', 1) ON CONFLICT DO NOTHING;
INSERT INTO assists (match_id, player_id, aantal) VALUES ('24fcdf61-3840-4274-b315-a287adbfbd50', '75aec47d-812c-4899-a8db-2b64a43ef098', 1) ON CONFLICT DO NOTHING;
INSERT INTO assists (match_id, player_id, aantal) VALUES ('5c3e1254-664a-4bd4-bff9-3ffb8c15f613', '75aec47d-812c-4899-a8db-2b64a43ef098', 1) ON CONFLICT DO NOTHING;
INSERT INTO assists (match_id, player_id, aantal) VALUES ('bccc8f0a-2a80-4e51-a16e-f86b0b87de6b', '75aec47d-812c-4899-a8db-2b64a43ef098', 1) ON CONFLICT DO NOTHING;
INSERT INTO assists (match_id, player_id, aantal) VALUES ('d02b1d71-e5b5-4cb4-a5df-6ac2549a7afc', 'f6ca1a0c-0eb8-4dd8-babd-3202aa86d92a', 1) ON CONFLICT DO NOTHING;
INSERT INTO assists (match_id, player_id, aantal) VALUES ('a4aecfca-dba4-43f1-a1c5-4f16f03864bf', '08d42ab8-69da-488f-9553-4bab95fd89e4', 1) ON CONFLICT DO NOTHING;
INSERT INTO assists (match_id, player_id, aantal) VALUES ('5c3e1254-664a-4bd4-bff9-3ffb8c15f613', '08d42ab8-69da-488f-9553-4bab95fd89e4', 1) ON CONFLICT DO NOTHING;
INSERT INTO assists (match_id, player_id, aantal) VALUES ('dbd417a8-ca4a-4a06-97e5-96df18382572', '2dacb871-5105-4cb9-a30f-9fc2c7870ad3', 1) ON CONFLICT DO NOTHING;
INSERT INTO assists (match_id, player_id, aantal) VALUES ('dbd417a8-ca4a-4a06-97e5-96df18382572', 'db232b7c-aa0f-4295-b87a-ea5db2338730', 1) ON CONFLICT DO NOTHING;
INSERT INTO assists (match_id, player_id, aantal) VALUES ('a4aecfca-dba4-43f1-a1c5-4f16f03864bf', '38d0b8c9-7c17-4392-a492-b95943248244', 1) ON CONFLICT DO NOTHING;
INSERT INTO assists (match_id, player_id, aantal) VALUES ('ab30b85e-593f-42f2-afc5-2f5489b6d8d7', '1f1958d7-66be-44f3-bca8-ec69c9d00f8c', 1) ON CONFLICT DO NOTHING;

-- Kaarten 2025-2026
INSERT INTO kaarten (match_id, player_id, geel) VALUES ('62bf3933-8c5d-4256-8c12-334e716cd51a', '38d0b8c9-7c17-4392-a492-b95943248244', 1) ON CONFLICT DO NOTHING;
INSERT INTO kaarten (match_id, player_id, geel) VALUES ('ab4a53df-80c0-40f8-8d86-e9e5346db90e', '38d0b8c9-7c17-4392-a492-b95943248244', 1) ON CONFLICT DO NOTHING;
INSERT INTO kaarten (match_id, player_id, geel) VALUES ('5c3e1254-664a-4bd4-bff9-3ffb8c15f613', '38d0b8c9-7c17-4392-a492-b95943248244', 1) ON CONFLICT DO NOTHING;
INSERT INTO kaarten (match_id, player_id, geel) VALUES ('62bf3933-8c5d-4256-8c12-334e716cd51a', '08d42ab8-69da-488f-9553-4bab95fd89e4', 1) ON CONFLICT DO NOTHING;
INSERT INTO kaarten (match_id, player_id, geel) VALUES ('a4aecfca-dba4-43f1-a1c5-4f16f03864bf', '08d42ab8-69da-488f-9553-4bab95fd89e4', 1) ON CONFLICT DO NOTHING;
INSERT INTO kaarten (match_id, player_id, geel) VALUES ('bccc8f0a-2a80-4e51-a16e-f86b0b87de6b', '08d42ab8-69da-488f-9553-4bab95fd89e4', 1) ON CONFLICT DO NOTHING;
INSERT INTO kaarten (match_id, player_id, geel) VALUES ('62bf3933-8c5d-4256-8c12-334e716cd51a', '767f223c-ed87-4ab8-93ae-f5889ea6c2bb', 1) ON CONFLICT DO NOTHING;
INSERT INTO kaarten (match_id, player_id, geel) VALUES ('dbd417a8-ca4a-4a06-97e5-96df18382572', 'db232b7c-aa0f-4295-b87a-ea5db2338730', 1) ON CONFLICT DO NOTHING;
INSERT INTO kaarten (match_id, player_id, geel) VALUES ('ab4a53df-80c0-40f8-8d86-e9e5346db90e', '3157eb62-2322-4ec4-af2f-f00136e99a50', 1) ON CONFLICT DO NOTHING;
INSERT INTO kaarten (match_id, player_id, geel) VALUES ('ab30b85e-593f-42f2-afc5-2f5489b6d8d7', '6b321166-046b-44e4-8ebf-7e0a20b0fddd', 1) ON CONFLICT DO NOTHING;

-- Man of the Match 2025-2026
INSERT INTO motm (match_id, player_id) VALUES ('3a33b2b2-c6dd-43af-b6d8-d308cbc5fbce', '1f1958d7-66be-44f3-bca8-ec69c9d00f8c') ON CONFLICT DO NOTHING;
INSERT INTO motm (match_id, player_id) VALUES ('a4aecfca-dba4-43f1-a1c5-4f16f03864bf', '1f1958d7-66be-44f3-bca8-ec69c9d00f8c') ON CONFLICT DO NOTHING;
INSERT INTO motm (match_id, player_id) VALUES ('26ac9b89-d480-4316-9ce2-4beedd600f0e', '1f1958d7-66be-44f3-bca8-ec69c9d00f8c') ON CONFLICT DO NOTHING;
INSERT INTO motm (match_id, player_id) VALUES ('d02b1d71-e5b5-4cb4-a5df-6ac2549a7afc', 'ae6aca04-8285-4c31-bf0d-745275a89acf') ON CONFLICT DO NOTHING;
INSERT INTO motm (match_id, player_id) VALUES ('dbd417a8-ca4a-4a06-97e5-96df18382572', 'ae6aca04-8285-4c31-bf0d-745275a89acf') ON CONFLICT DO NOTHING;
INSERT INTO motm (match_id, player_id) VALUES ('24fcdf61-3840-4274-b315-a287adbfbd50', '38d0b8c9-7c17-4392-a492-b95943248244') ON CONFLICT DO NOTHING;
INSERT INTO motm (match_id, player_id) VALUES ('6173799e-15f8-4d7c-8694-8dfdc6275ff1', '38d0b8c9-7c17-4392-a492-b95943248244') ON CONFLICT DO NOTHING;
INSERT INTO motm (match_id, player_id) VALUES ('62bf3933-8c5d-4256-8c12-334e716cd51a', 'f6ca1a0c-0eb8-4dd8-babd-3202aa86d92a') ON CONFLICT DO NOTHING;
INSERT INTO motm (match_id, player_id) VALUES ('5c3e1254-664a-4bd4-bff9-3ffb8c15f613', 'f6ca1a0c-0eb8-4dd8-babd-3202aa86d92a') ON CONFLICT DO NOTHING;
INSERT INTO motm (match_id, player_id) VALUES ('bccc8f0a-2a80-4e51-a16e-f86b0b87de6b', '6b321166-046b-44e4-8ebf-7e0a20b0fddd') ON CONFLICT DO NOTHING;
INSERT INTO motm (match_id, player_id) VALUES ('ab30b85e-593f-42f2-afc5-2f5489b6d8d7', '6b321166-046b-44e4-8ebf-7e0a20b0fddd') ON CONFLICT DO NOTHING;
INSERT INTO motm (match_id, player_id) VALUES ('2bafe135-ef08-4737-8a9f-d5cbead42917', 'ff2eccf5-dd9d-4504-835c-04015695758e') ON CONFLICT DO NOTHING;
INSERT INTO motm (match_id, player_id) VALUES ('ce1d336a-61ca-4407-8032-003f7f0342eb', 'a8a7f37d-95b9-4cc3-8887-fa8802496e4a') ON CONFLICT DO NOTHING;
INSERT INTO motm (match_id, player_id) VALUES ('ab4a53df-80c0-40f8-8d86-e9e5346db90e', 'c0a0bc2b-0f04-4f18-824a-7eb2680f5fdc') ON CONFLICT DO NOTHING;
INSERT INTO motm (match_id, player_id) VALUES ('8b3355a1-a4a2-4cdb-a7f0-b367e846eff9', 'db232b7c-aa0f-4295-b87a-ea5db2338730') ON CONFLICT DO NOTHING;
INSERT INTO motm (match_id, player_id) VALUES ('bccc8f0a-2a80-4e51-a16e-f86b0b87de6b', '46e7f9db-b122-4111-a3e8-969af745d315') ON CONFLICT DO NOTHING;
INSERT INTO motm (match_id, player_id) VALUES ('ab30b85e-593f-42f2-afc5-2f5489b6d8d7', 'e5270f79-ad7d-44ee-a1ce-d96ba66f490b') ON CONFLICT DO NOTHING;
